frame,action,propensity,min_q,effective_actions,predicted_moment_ratio,write_predicted_moment_ratio,dual_reference_mix,certificate_reference,certificate_gamma,certified_importance_actual,true_contrast,cumulative_true_contrast,write_valid,write_true,cumulative_write_true,observed_write,write_ipw,write_augmented,observed,naive,ipw,augmented,plugin,ppat_m1,mse,psnr,ssim,preview_mse,pre_mse,past_fovea_mse,past_fovea_pixels,temporal_residual_mse,exact_variance_augmented,exact_variance_ipw,exact_variance_energy,exact_variance_learned,exact_variance_ppat,exact_variance_write,naive_conditional_bias,augmented_conditional_bias,write_conditional_bias,cs_low,cs_high,cs_center,write_cs_low,write_cs_high,write_cs_center,write_cs_covered,write_cs_width,cs_covered,cs_width,cs_empty,cs_variance_proxy,weight_zero,weight_energy,weight_learned,controller_ms,preview_ms,sr_ms
0,0,0.5278906246720146,0.0076024982039076235,3.3449514335833594,2.00000000002,0.0,0.27722641599886455,6.963978032768608e-08,1.740994508192152e-07,1.622766522252328e-07,1.049403428311059e-11,1.049403428311059e-11,False,,,,,,2.409950822311048e-12,2.409950822311048e-12,1.630445175624606e-13,-3.085624023876301e-08,-6.299790734293459e-08,2.7879562120500824e-08,0.002596215701843869,25.856592278081543,0.702177159349112,0.002888595452532172,0.0028885953397291553,,0,,4.040061640114204e-15,2.5170647134233956e-22,2.5170647134233956e-22,4.040061640114204e-15,1.812421258578944e-14,,3.28125421640204e-11,0.0,,-0.24477471392448677,0.2447746522120063,-3.085624023876301e-08,,,,True,,True,0.4895493661364931,False,1.1545166076396415e-14,0.0,0.0,1.0,116.99909996241331,18.768399953842163,0.0
1,0,0.353746009799904,0.003981581422890151,2.5489292350762764,2.00000000002,1.0829596246450977,0.10726229504958742,0.0013689259961874574,0.0034223149904686434,0.003401071078700182,9.250700013095228e-05,4.6253505312493284e-05,True,9.250699071960053e-05,9.250699071960053e-05,0.0025363918189910987,0.00025607475306382816,0.00013275762004229485,0.002536391826909606,0.002536391826909606,0.0002560747538632827,0.00011610953886432834,8.443020483785865e-05,4.020342864509337e-05,0.002657494454508933,25.75527633061931,0.7024185404323313,0.002956084441393614,0.002863577437057175,0.002789554992937431,335,0.005851044058189385,1.0950181719143087e-09,1.5646242385816954e-08,1.7207932552912992e-09,1.0950181719143087e-09,4.706740168730749e-08,1.720793831405286e-09,0.0008100162823367337,0.0,0.0,-0.12239157338154175,0.12250765206416583,5.8039341312044794e-05,-0.24476610047663053,0.24503161571671514,0.00013275762004229485,True,0.48979771619334567,True,0.24489922544570758,False,8.722256911017016e-06,0.0,0.0,1.0,280.9028999763541,65.26299996767193,0.0
2,2,0.524602855026514,0.0036714757182094984,2.573179604029939,2.00000000002,1.11090602370165,0.09203121970111242,0.0015588953834843513,0.0038972384587108782,0.0038752144414651015,0.00010126893535970726,6.459198199489795e-05,True,2.5642275847083093e-05,5.9074633283341806e-05,0.0,0.0,6.61250680311834e-05,-2.051601816353486e-12,-2.051601816353486e-12,-1.3967040541076108e-13,8.721559081654384e-05,8.721610679898947e-05,5.943625316182563e-06,0.0025918722033396575,25.863864159004663,0.713945581753547,0.002844206290319562,0.0027429372978057024,0.005220572293931611,4307,0.0051790131396583965,1.7436970678962612e-09,1.8682849048845833e-08,1.5324383888691024e-09,1.738385721751403e-09,5.5110177588405177e-08,2.8967353662330417e-09,0.0008109931149485999,0.0,0.0,-0.08161973742767983,0.08175526694330693,6.776475781354448e-05,-0.12244648363782329,0.12264536632589676,9.944134403673912e-05,True,0.24509184996372005,True,0.16337500437098676,False,1.1440376353153842e-05,0.001107277533940576,0.0,0.9988927224660594,293.9670999767259,68.6816000379622,0.0
3,25,0.002019142204270417,0.002019142204270417,2.611502307796695,2.0000000000199996,1.1698959552355908,0.011381062695771545,0.002409884216503755,0.006024710541259388,0.006016869064949555,0.00011301666164243977,7.669815190678339e-05,True,6.289055015585065e-05,6.0346605574178085e-05,0.0,0.0,8.14488977198526e-05,-1.1982679435603783e-13,-1.1982679435603783e-13,-2.1194784403037276e-12,0.0001547998624347625,0.0001544066422002489,0.0027316774487067944,0.002694105734236867,25.695853637375645,0.719497880864502,0.002851781900972128,0.0027387652211998737,0.004338859668564739,7112,0.004961081987705586,5.426569030609805e-09,2.3158613094739902e-08,2.173221593192089e-09,5.429233888119331e-09,3.3736779153077953e-07,1.5521402211638859e-09,0.00040069803368449704,0.0,0.0,-0.06128955179973629,0.06146859886767399,8.952353396884899e-05,-0.08175343480535309,0.0819403225292153,9.344386193111027e-05,True,0.1636937573345684,True,0.12275815066741028,False,3.182559356798438e-05,0.0,0.0005799162710831774,0.9994200837289168,294.2990000010468,103.5610000253655,0.0
4,5,0.003546564087719191,0.003546564087719191,3.2409485214000022,2.00000000002,1.5852739946020888,0.08521643486245958,0.0017507226431586688,0.004376806607896672,0.004282892678779557,6.150364946527892e-05,7.36592514184825e-05,True,2.1920554359517184e-05,5.0740092770512855e-05,0.0,0.0,1.6198938064500426e-05,-3.871071981078852e-12,-3.871071981078852e-12,-3.898211545973413e-11,8.503689066897704e-05,8.490215234198276e-05,0.0008551292806856166,0.00243238282325442,26.13968072103702,0.7351346676504651,0.0025959110353142023,0.00253440757197776,0.002120342794462927,10157,0.0049726646367365835,3.190757772932318e-09,8.091534947256242e-09,2.981025022248405e-09,3.1908666909032065e-09,4.918952746103437e-08,3.080046056878707e-10,4.292529765837328e-05,0.0,0.0,-0.049061931984630304,0.049239184395248055,8.86262053088746e-05,-0.06136849204309774,0.061516757305026655,7.413263096445781e-05,True,0.12288524934812439,True,0.09830111637987836,False,1.6603136597374098e-05,0.0,0.00021420698137422214,0.9997857930186258,306.9201000034809,106.82340001221746,0.0
5,4,0.5521922406746647,0.0029082238903563396,3.0413021191362875,2.00000000002,1.2572091943234762,0.05412346433206455,0.0016160662419748442,0.004040165604937111,0.0039935017535398035,9.723593251185578e-05,7.758869826737806e-05,True,4.282171155740349e-05,4.915641652789098e-05,0.0,0.0,3.788578502491483e-05,1.8096126092429217e-11,1.8096126092429217e-11,1.170408002830907e-12,7.977232002336228e-05,7.977122094747168e-05,5.160533100981892e-06,0.002120550086029875,26.735514653266446,0.7507132284068202,0.002692204201593995,0.002594968148999822,0.0016121441472244074,12122,0.004372177449195309,5.620562114779578e-09,2.055086957361908e-08,4.976703053926174e-09,5.620669551425144e-09,4.875845599627493e-08,2.237004656569789e-10,9.050590686617143e-05,0.0,0.0,-0.040903783881685744,0.041078084997208324,8.715055776128921e-05,-0.04912299999207125,0.04925676651562435,6.688326177654921e-05,True,0.0983797665076956,True,0.08198186887889407,False,1.3545868677493158e-05,0.0,9.282724489361903e-05,0.9999071727551064,327.75269995909184,108.51440002443269,0.0
6,4,0.20427472617006026,0.0017857142857142859,2.4298836856393033,1.79273944842441,1.1412829104574838,0.0,0.003376204261238092,0.00844051065309523,0.008440510653095232,-1.9047391308841655e-05,6.378354261363238e-05,True,-7.592666179239223e-05,2.8309236807843777e-05,-0.002449668691544056,-0.0004282867939439081,-0.0009535138645420404,-0.0024496713846980564,-0.0024496713846980564,-0.00042828726480035353,-0.0007367890764912884,0.0001757120546749305,-0.000881780588092866,0.0020713173023170573,26.837533670215873,0.7602654589956157,0.0026842739898711443,0.0027033213457341248,0.0019728908382638543,12890,0.003983062576862498,1.401169225710591e-07,6.030254998743261e-08,2.0560519563892454e-07,1.401169225710591e-07,6.219967515984091e-07,1.9918825028055415e-07,-0.00022429640399781903,0.0,0.0,-0.03530107089607543,0.03523996068752585,-3.055510427479331e-05,-0.04122148899827807,0.041015123146391635,-0.00010318292594321571,True,0.08223661214466971,True,0.07054103158360128,False,6.671670691132284e-05,0.0,0.0,1.0,302.61500005144626,102.2952999919653,0.0
7,27,0.009217060454315888,0.009217060454315888,4.281283991599047,2.00000000002,0.8346707436519094,0.3583133699989948,0.0023703916112954963,0.005925979028238741,0.00552368299963856,-8.72580070745668e-05,4.490334890260748e-05,True,-0.00014390720489826408,3.7068879926855123e-06,0.0,0.0,6.552899834557216e-05,2.1894830387032568e-06,2.1894830387032568e-06,8.483813597448568e-06,0.00011979889762473442,0.00011166467547480785,0.0004551487501062583,0.003183144915323518,24.971435893109103,0.7328961726345389,0.0031955826561897993,0.0032828408057125275,0.006659542486022441,15969,0.0053558940012583085,9.999110314919617e-08,6.033469361751886e-08,8.647045533574569e-08,1.0165072575995565e-07,1.6116169689630303e-07,1.5201169817098055e-07,-0.0007073807529160928,0.0,0.0,-0.03091947845379497,0.03089595674572027,-1.1760854037352342e-05,-0.0353941111164471,0.035235948671500324,-7.908122247338887e-05,True,0.07063005978794742,True,0.06181543519951524,False,2.595976679136196e-05,0.03209565286949756,0.0,0.9679043471305024,324.98609996400774,106.49679997004569,0.0
8,8,0.38564128493232075,0.009116460346421988,5.56264599163124,2.00000000002,1.1439029196480488,0.35281184233240254,0.0024979803467363583,0.006244950866840896,0.0058034936674169575,5.5965583421745286e-05,4.613248607140057e-05,True,2.869348445165109e-05,6.83021255005621e-06,0.0,0.0,2.035164882334672e-05,-2.921266514741434e-07,-2.921266514741434e-07,-2.7053884278329042e-08,0.00010186835811374834,0.0001018972481225291,9.707872767405391e-06,0.003355573425564724,24.74233253653321,0.7356006210676928,0.0035974830389022827,0.0035415177369203495,0.00529412949998797,17079,0.0059266340496689565,2.8583755095113807e-08,2.4460584715789854e-08,2.1434189022525348e-08,2.9227894371799366e-08,5.454355451809603e-08,6.755381004608992e-10,3.037463662479075e-05,0.0,0.0,-0.027516913803040034,0.027518643030998907,8.646139794366223e-07,-0.031014523840516794,0.0308812196133942,-6.665211356129692e-05,True,0.061895743453910995,True,0.05503555683403894,False,2.8117697167378927e-05,0.03073106716893359,0.00045296153938253363,0.968815971291684,356.6502999747172,106.16109997499734,0.0
9,11,0.4798562297031124,0.008808931953209065,3.9621459737024436,2.00000000002,1.2357759280710994,0.3377308695421399,0.0029987912574703664,0.007496978143675916,0.006883183193176544,-3.4126330800669306e-05,3.810660438419358e-05,True,5.3347931224786135e-05,1.1998847958359536e-05,0.0,0.0,7.006362527419913e-05,-0.0012068624948512368,-0.0012068624948512368,-8.982322056262589e-05,-1.0697433366798687e-05,0.0001562764140199942,-0.00015735584850637237,0.0034477481285522258,24.62464468594242,0.7472708776187782,0.00392460310831666,0.003958729717657402,0.004785959918899181,14783,0.006794988499042818,6.631905019092562e-08,6.77699103900631e-08,6.475900511480504e-08,6.699227927516109e-08,1.5928184732797495e-07,3.1099485569009147e-09,-0.0005581012842748128,0.0,0.0,-0.024820152799748273,0.024819569618237898,-2.9159075518690864e-07,-0.027610659322814278,0.02750773637098846,-5.146147591290847e-05,True,0.05511839569380274,True,0.04963972241798617,False,3.8080231404988604e-05,0.02950180389991064,0.0008631927281219148,0.9696350033719674,312.9544999683276,104.42530002910644,0.0
10,19,0.4359330165594169,0.007878378642570205,4.209699546893659,2.00000000002,1.1014826429182423,0.2932258352225316,0.004637638433627643,0.011594096084069107,0.011216376680592782,0.000353528747241408,6.678134464394035e-05,True,0.0003595031276301168,4.6749275925535264e-05,7.020126195392349e-05,5.751314609555649e-06,0.00032637124359848,-0.00034684888970177094,-0.00034684888970177094,-2.8415971894625764e-05,0.00018110087085866248,0.00022561466920180967,-2.5978659112163216e-05,0.0038016975688504647,24.200224349202287,0.741771199120549,0.004324502311646938,0.003970973702335963,0.004237958650308736,16425,0.007141697331113488,9.632031389985435e-08,2.8758051749106566e-07,1.564989652074454e-08,9.350448855503902e-08,1.7178574620953936e-07,3.356156286487064e-09,0.0009770742372203656,0.0,0.0,-0.022668806955241753,0.02270120422129753,1.619863302789031e-05,-0.024964212350331822,0.02493685594240828,-1.3678203961769623e-05,True,0.0499010682927401,True,0.045370011176539285,False,9.475870161402795e-05,0.026274158604818153,0.0022858638707270156,0.9714399775244549,268.7867999775335,89.86089995596558,0.0
11,19,0.10618014280198063,0.006995810357300999,4.203701703239559,2.00000000002,1.1720027662915484,0.2512265730759929,0.005211613203767445,0.013029033009418612,0.012519412140024961,0.00045147188857989456,9.883888997193654e-05,True,0.00012988564117086623,5.430712731147444e-05,0.003191033254118746,0.0010733219070341836,0.0003617514330468631,0.003447991184310604,0.003447991184310604,0.001159751145997802,0.0005375562669624981,0.0003343422674244329,0.00029979081427832687,0.00359774848270569,24.439692012992886,0.7485135247394469,0.0041145747527480125,0.0036631030047639297,0.0041010577532771255,16457,0.0072486983697350816,7.371116637381534e-08,3.664525233597631e-07,3.9870414038232465e-08,7.209600143854882e-08,3.455562856056624e-07,6.916032366235148e-09,0.0008453031935253463,0.0,0.0,-0.02087135816154538,0.020990648366590266,5.964510252244096e-05,-0.022783008600785807,0.022823912126863837,2.0451763039015173e-05,True,0.045606920727649644,True,0.04186200652813565,False,0.00011659084193898414,0.017175304607414347,0.009493566614623337,0.9733311287779624,332.17740000691265,100.72109999600798,0.0
12,8,0.4159361305114468,0.007983646387834822,4.694115789528178,2.00000000002,1.1876454495766282,0.29884248266067026,0.0039235910440740705,0.009808977610185177,0.009358137147677772,0.00019477050070606977,0.00010621824464379294,True,4.5249741509225346e-05,5.3552345161287015e-05,0.0,0.0,3.296325909288701e-05,-2.351055410890299e-05,-2.351055410890299e-05,-2.018729764384889e-06,0.0002318830200824027,0.000234355611864543,1.8250484300007774e-05,0.003425028312696633,24.653358340994117,0.7489340495564955,0.003932983614504337,0.003738213396155021,0.0052803465823840654,18752,0.007016277736499059,3.2143309798137886e-08,8.681770299266416e-08,3.084786280896407e-08,3.315317148432892e-08,1.9603729458151102e-07,1.1364034925796547e-09,0.0002862609833680171,0.0,0.0,-0.019320833025200164,0.019466621371408116,7.289417310397648e-05,-0.020902128087581205,0.020945116863001545,2.149438771017116e-05,True,0.04184724495058275,True,0.03878745439660828,False,6.766949962823834e-05,0.029609978107959848,0.0,0.9703900218920402,281.28759999526665,101.52000002563,0.0
13,12,0.5138510586281796,0.0068402702735165756,3.4325671206056634,2.00000000002,1.1588046219833863,0.2433224531589318,0.004885561355125006,0.012213903387812515,0.01168595870772599,0.00020022216026604125,0.0001129328100453821,True,0.00013148299989459633,5.9547010910003116e-05,0.0,0.0,0.00012916277043881322,-0.001217502324547018,-0.001217502324547018,-8.462029054248337e-05,0.0001199105914079166,0.00029513359969382617,-0.00015641053998115707,0.0033502899386715686,24.749176068985562,0.7527113160775996,0.004105656407773495,0.0039054342382161002,0.004194893231588108,19371,0.006874895247709308,2.485553447388111e-08,1.592633293139524e-07,1.8587326566340136e-08,2.4344302273538265e-08,3.568861137060177e-07,3.684654213452923e-09,-0.00022618119497485594,0.0,0.0,-0.01803817862989796,0.01819068360729219,7.625248869711506e-05,-0.019390756067571166,0.01945030920956515,2.977657099698978e-05,True,0.038841065277136315,True,0.03622886223719015,False,0.00010646461917689105,0.022953173998401875,0.002738298072280894,0.9743085279293172,315.02440001349896,105.81059998366982,0.0
14,2,0.006942324625334799,0.006942324625334799,4.280611315275072,2.00000000002,1.1693833914399334,0.24786191039031236,0.005008145831986151,0.012520364579965379,0.011957900309028817,-5.7713376848343886e-05,0.00010155639758580038,True,-0.00010702793994312079,4.7648800134779974e-05,0.0,0.0,0.00016640398325010682,-6.790061620704086e-11,-6.790061620704086e-11,-3.4930979726079403e-10,0.0003105235058679523,0.00031023041127579466,0.0016154690186149468,0.004187727272692737,23.780216096630564,0.7241118953704586,0.004365723580121994,0.004423436773684876,0.007183673630203698,23887,0.007513967805718045,3.478793511278121e-07,1.3008365372758052e-07,3.259850994590964e-07,3.523154468683838e-07,7.345003485299433e-07,2.723669133574845e-07,-0.00012711785493163728,0.0,0.0,-0.016916064733327667,0.017099805846344674,9.187055650850421e-05,-0.018110800895810866,0.018189872239555288,3.953567187221243e-05,True,0.036300673135366154,True,0.03401587057967234,False,0.00010935065165887373,0.011266088602303976,0.008120152586982359,0.9806137588107137,307.70240002311766,106.19299998506904,0.0
15,19,0.0975746410221388,0.006317093516092861,4.05790698467916,2.00000000002,1.20271479485358,0.2167028112797049,0.00627881350977797,0.015697033774444924,0.014968061450499278,0.000194285497585244,0.00010735196633576561,True,0.00012357016546562892,5.271022449016991e-05,0.0,0.0,8.282355812317755e-05,0.002101894637197743,0.002101894637197743,0.0007693358113115982,8.17024119165373e-05,0.0003868029444381425,-0.00016433758210320987,0.003992565630258306,23.98747936147586,0.7355348784390581,0.004498738795518875,0.0043044535259442,0.005900757217421554,24688,0.008481031586892614,2.1865673014147163e-07,2.4150916674119776e-07,2.3088833959408427e-07,2.1859303310960478e-07,6.58227218936173e-07,1.6827452279095554e-08,0.0003549725403744968,0.0,0.0,-0.016002895451289693,0.01618536554623271,9.123504747150628e-05,-0.017045940206917756,0.017130783268828977,4.24215309556101e-05,True,0.03417672347574673,True,0.0321882609975224,False,0.0001730668009586423,7.244615028363308e-06,0.013069360234435272,0.9869233951505364,282.6976000214927,107.44029999477789,0.0
16,1,0.4647754954908116,0.006252187135783583,3.950581949976696,2.00000000002,1.13160994581061,0.21429840834014377,0.0069300797675995165,0.01732519941899879,0.01678378816162603,0.00039887327971747623,0.00012450027888763094,True,0.00011930902091224869,5.687264926654983e-05,0.0,0.0,0.0001879453182244222,-1.787542174471194e-05,-1.787542174471194e-05,-1.3735834303825056e-06,0.00036276482792219566,0.00036455042665263883,2.7380341075785083e-05,0.003626791918613277,24.404773606562262,0.7440531360792667,0.004329712130129337,0.003930839143155972,0.00551669658317914,28661,0.008149639667683109,1.640797143976571e-07,4.181445195383648e-07,9.773569996069651e-08,1.6161524472383316e-07,5.225270760467103e-07,3.163825045164934e-08,0.0008553648251171453,0.0,0.0,-0.01521232789745256,0.015426742672448595,0.00010720738749801742,-0.016093788020138194,0.016196821555458013,5.151676765991086e-05,True,0.03229060957559621,True,0.030639070569901155,False,0.00021380522408598066,0.04010410336202329,0.0,0.9598958966379767,303.83360001724213,103.2312999595888,0.0
17,8,0.5020970204664825,0.005849044190224314,3.5668499768626365,2.00000000002,1.3226466938552612,0.1945414978623099,0.006503309723972549,0.016258274309931372,0.01568249749230752,0.0002314119373845596,0.00013043981547079364,True,5.369809935908199e-05,5.668591103669878e-05,-8.296171820113005e-07,-5.9010876113753115e-08,5.117739497850258e-05,-0.0005286784267679101,-0.0005286784267679101,-3.760502774349493e-05,0.00029786605486673554,0.0003695973673894572,-4.5625159282439686e-05,0.003688266305678609,24.331777289114484,0.743109439879374,0.00421809172257781,0.003986679813000514,0.006137549316979483,28333,0.007167669754771644,2.35538001656566e-07,3.1181418325639387e-07,1.6328780133485732e-07,2.3969707359732417e-07,7.425902749350157e-07,5.926338613365533e-10,0.0001890853037392951,0.0,0.0,-0.014495978547719625,0.01473157761908996,0.00011779953568516841,-0.015276247433723874,0.015379241042845883,5.149680456100449e-05,True,0.030655488476569757,True,0.029227556166809585,False,0.00019269374417889949,0.025700222597118263,0.009625256249173306,0.9646745211537084,263.13640002626926,79.3421000125818,0.0
18,0,0.4523058449491684,0.007037659203420918,4.352013328855862,2.00000000002,1.2559932720357572,0.2515289293783019,0.004920616227507206,0.012301540568768015,0.01142983981613454,8.007434629038541e-05,0.00012778900130340376,True,0.00011540792409250376,5.994824509535462e-05,5.428545057228747e-05,4.286405125021752e-06,0.00010534536257579181,1.8934495656201502e-05,1.8934495656201502e-05,1.4950768274893271e-06,0.0002682582503454341,0.0002750889869549725,1.5099094063254667e-05,0.0034972605053119788,24.56272016588172,0.7408281000135808,0.0038450800348073244,0.003765005690822943,0.0067956588660824995,30066,0.00757426977894215,3.1450987526172307e-07,2.681687429448517e-07,2.588686976490663e-07,3.174541651417419e-07,5.616786560243733e-07,5.241284218774601e-09,1.7430109992046803e-05,0.0,0.0,-0.013793016065971494,0.014044452896779754,0.00012571841540412977,-0.014495701573190557,0.01460467835542532,5.448839111738156e-05,True,0.029100379928615878,True,0.027837468962751247,False,0.0001043169260251909,0.012044166439536973,0.01635502690725777,0.9716008066532053,285.2821999695152,109.16270001325756,0.0
19,1,0.058458603281027394,0.006921877463914543,4.3175397403600995,2.00000000002,1.1634836527521741,0.2462845218170643,0.004656554812598466,0.011641387031496166,0.01102170901443795,6.0676825735588555e-05,0.00012443339252501297,True,4.244348737975827e-05,5.902694205769164e-05,6.122750590520454e-05,3.740589950395339e-05,5.990257600042653e-05,0.0006378143914624363,0.0006378143914624363,0.00038966181418784634,3.098014167212052e-05,0.0002602277109625896,-7.452301954550671e-05,0.003375737042542076,24.71631390666274,0.7365058374079791,0.0036864958237856627,0.003625818902723586,0.0070501895234359275,28969,0.006526368070436598,2.0824960813859824e-07,1.3608486475514033e-07,1.4704331796102896e-07,2.1062185414803507e-07,4.317232531615426e-07,5.839520271877016e-09,4.3684833282205705e-05,0.0,0.0,-0.013166814104206028,0.013408777107641087,0.0001209815017175293,-0.01379078503136606,0.01390033172779904,5.477334821648919e-05,True,0.0276911167591651,True,0.026575591211847115,False,9.669047883131973e-05,0.005693632232216443,0.018762996270088608,0.975543371497695,281.8224999937229,102.17430000193417,0.0
20,4,0.4202821147441366,0.008556868142281343,4.800945414947692,2.00000000002,1.129733204211784,0.32515544641111377,0.0031624945013097377,0.007906236253274345,0.0074202601837055245,6.224767780748634e-05,0.00012147216801465458,True,4.6697453030891527e-07,5.60989436813225e-05,0.0,0.0,4.7667317036075916e-05,0.00013578600862428354,0.00013578600862428354,1.1538678753823373e-05,0.0001451804877764555,0.00014138564285896992,1.5935913840141558e-05,0.0029434986017343734,25.311361661569556,0.7533001442737207,0.0033530532382428646,0.003290805589434883,0.00677132013412412,28287,0.006673837905244132,3.6466958230534606e-08,2.3255331726010437e-08,3.8626897782401696e-08,3.742998633804689e-08,9.59807720713236e-08,1.6152424078498074e-08,9.478342894964305e-05,0.0,0.0,-0.012561600775436473,0.012805868444210477,0.00012213383438700197,-0.013119009847594367,0.013227845940909304,5.4418046657468524e-05,True,0.02634685578850367,True,0.02536746921964695,False,4.4936875130810576e-05,0.01979191278178911,0.013984945207221367,0.9662231420109896,300.42270000558347,88.41129997745156,0.0
21,8,0.020908404279806336,0.00800053114231391,4.868151618572224,2.000000000019999,1.1378234146560233,0.29940792705777014,0.0034465017484638844,0.008616254371159711,0.008168809476591092,-3.229586076015794e-05,0.000114482712161254,True,-8.130845709801425e-05,4.955573412040171e-05,0.0,0.0,7.788146365947798e-05,0.00018841180471037918,0.00018841180471037918,0.00032183197413442267,0.0003374887328257592,0.0001561638618615781,0.0004509916113199491,0.0031249751190474675,25.05153436144996,0.7444566840248449,0.0032967268489301205,0.0033290228517715735,0.007709222490555774,27304,0.005960085709464105,1.557670442935147e-07,6.812669724095528e-08,1.401411602148898e-07,1.5845718855425553e-07,2.542218462366167e-07,1.1216382134362886e-07,-0.00012057702229902883,0.0,0.0,-0.012008666014265526,0.012272511401079418,0.0001319226934069455,-0.012523148347992967,0.012634219052450954,5.553535222899278e-05,True,0.02515736740044392,True,0.024281177415344943,False,5.488692679377334e-05,0.01828382320205601,0.014516434442506535,0.9671997423554375,295.41389999212697,97.80220000538975,0.0
22,1,0.022550120510157073,0.007516483270562239,4.520797067575406,2.00000000002,1.2268990563585807,0.27479650667405475,0.003922769550485568,0.00980692387621392,0.009364497792628412,-3.391395169842107e-06,0.00010935775097294547,True,3.738823293565554e-05,4.900266588473143e-05,0.0,0.0,3.046618036550592e-05,-1.2813763073590202e-05,-1.2813763073590202e-05,-2.0294099771184623e-05,6.345038558612054e-05,0.00018750458962821343,0.00017751966710142527,0.0033391640561111517,24.763622431458355,0.7310614500984967,0.003543548285961151,0.0035469398366512386,0.0075020040135425625,28271,0.005839827731904905,1.7594464862897045e-07,8.952869534994203e-08,1.8334110540823379e-07,1.7853126355307154e-07,3.0764133672553126e-07,5.685879022677671e-10,-8.783639415070046e-05,0.0,0.0,-0.011525307898883955,0.011783199171974297,0.0001289456365451705,-0.011986958479290492,0.012095750168124524,5.439584441701611e-05,True,0.024082708647415015,True,0.023308507070858252,False,7.152430303205175e-05,0.018180544562753302,0.014782342334053723,0.9670371131031931,277.03629998723045,101.84190003201365,0.0
23,9,0.007439289351709579,0.007439289351709579,3.912028315879861,2.00000000002,1.2614579917538458,0.2714023039460158,0.004311979897094112,0.01077994974273528,0.010045672812470338,0.0002092974564487067,0.00011352190536776886,True,5.845521307443044e-05,4.941364619732704e-05,-1.939190636517138e-09,-9.309600040106673e-09,4.6121217048737505e-05,3.275463978027751e-09,3.275463978027751e-09,1.572473536484386e-08,0.00021716496231752333,0.0002159783201682378,0.001056537415497247,0.003555120770535205,24.491456413234918,0.7357591860573295,0.0038339446764439344,0.0036246471828589475,0.006726017292610231,31143,0.005820859574843155,2.023184078273373e-08,9.392869007697712e-08,1.517895353460209e-08,2.0166521078516166e-08,1.5461247942585574e-07,2.902923538068717e-09,1.903350580002413e-05,0.0,0.0,-0.011080489358453715,0.011345732242025086,0.00013262144178568519,-0.011508030448604344,0.011616102604623743,5.4036078009699655e-05,True,0.023124133053228087,True,0.022426221600478802,False,8.013879608208595e-05,0.016214191039518187,0.015188239789620006,0.9685975691708618,277.9217000352219,104.03729998506606,0.0
24,7,0.4232902224021995,0.007882872241487468,4.9784429833323705,2.00000000002,1.4374083366634929,0.2912682705862205,0.0038078579011289475,0.00951964475282237,0.008802116745343333,0.0001008171514532564,0.00011301371521118835,True,1.8624691850218564e-05,4.813077309953085e-05,0.0,0.0,1.8307788050197542e-05,2.1242605928245937e-06,2.1242605928245937e-06,1.7923033826103626e-07,0.0001529399837701718,0.00015280594235822075,1.3215132678975851e-05,0.003834388589359327,24.16303876418118,0.7319905460258556,0.004247868433594704,0.004147051426942722,0.006953319671427395,33804,0.006979357422108705,2.550975314531206e-08,2.4556090815011125e-08,1.8882467371063674e-08,2.6081227323361442e-08,7.440631800393193e-08,1.398158271513617e-09,2.0491268131672943e-05,0.0,0.0,-0.010665707604463469,0.010932575971393597,0.00013343418346506463,-0.011057815115284803,0.011162909913807579,5.2547399261387064e-05,True,0.02222072502909238,True,0.021598283575857066,False,6.50710930310159e-05,0.01221587112326098,0.016925794335798005,0.9708583345409411,303.1569999875501,81.28569996915758,0.0
25,24,0.00666662686810297,0.00666662686810297,3.6675886775758393,2.00000000002,1.169404090763484,0.2323998853715761,0.004768659540158622,0.011921648850396553,0.01145127702650298,0.00020609803241011145,0.00011659388125730078,True,0.00012348016333141735,5.1144748708806315e-05,0.0,0.0,0.0001018997492555591,-3.0097431365638854e-14,-3.0097431365638854e-14,-1.6123720201013777e-13,0.00023022892485502703,0.00023000898403975539,0.0012470794283362314,0.004330687437509861,23.634431598543625,0.7201290121545776,0.004559194203466177,0.004353095941617431,0.006609363614394881,37961,0.007872602247016417,2.133922826948846e-08,9.91758018270987e-08,2.275443362934043e-08,2.1323701740138237e-08,1.5109286272489052e-07,3.586883359417478e-09,0.0005641069979894571,0.0,0.0,-0.0103030913739778,0.01057740549024562,0.00013715705813390934,-0.01065749070731509,0.010766533693837399,5.452149326115395e-05,True,0.02142402440115249,True,0.02088049686422342,False,0.00011093195657129511,0.010268431384522821,0.01770206055147062,0.9720295080640066,288.3665999979712,63.14759998349473,0.0
26,10,0.443722035012697,0.007205309183110067,4.5112794557838285,2.00000000002,1.5698272243838733,0.25795952222172414,0.004302687678432511,0.010756719196081278,0.010240917093356724,0.00011740410753587065,0.00011662388963798855,True,4.378520429342732e-06,4.934604762113464e-05,0.0,0.0,6.961705129200549e-06,-1.1592155690225917e-06,-1.1592155690225917e-06,-9.330290760822023e-08,0.00017623973054444375,0.00017634515603306218,1.4182252715522068e-05,0.0043861218826030226,23.579193042119684,0.7180443663774821,0.004684549290686846,0.004567145325235755,0.0062341275039654,41478,0.009038820568587153,8.017531442246437e-08,1.5415549434905803e-07,7.989320509556005e-08,8.010002296537491e-08,1.4018409974793228e-07,2.3609712987321066e-10,0.0002326378476516688,0.0,0.0,-0.009958103584578878,0.010235312713617849,0.0001386045645194847,-0.010280132434630261,0.01038551697591165,5.26922706406942e-05,True,0.02066564941054191,True,0.020193416298196726,False,8.833975857811959e-05,0.005771141367055844,0.019655365219578953,0.9745734934133653,280.83350002998486,58.62520000664517,0.0
27,20,0.467974350716343,0.0070304968729246195,4.146102420096788,2.00000000002,1.1983925692597928,0.24830371668918486,0.0048072908799042776,0.012018227199760693,0.011287694278142232,0.00022974253835895614,0.00012066384137802311,True,4.586327465810821e-05,4.9217056029911444e-05,0.0,0.0,5.479311716578579e-05,-2.8772318092854535e-05,-2.8772318092854535e-05,-2.1958100640720286e-06,0.00018698931246070142,0.0001969312021588112,5.164961218871103e-06,0.004166710695962283,23.802066525326218,0.7280249312626176,0.004721238277852535,0.004491495903170292,0.0056058136696858305,41158,0.009098753059925458,4.7077973618999516e-08,1.193783522305289e-07,4.2371505240430046e-08,4.719653551472439e-08,1.3280245198227448e-07,9.459116463862655e-10,0.0001297952183933033,0.0,0.0,-0.009646509221564336,0.009927174404027678,0.000140332591231671,-0.009942850039086076,0.010048390198628581,5.2770079771253145e-05,True,0.019991240237714657,True,0.019573683625592014,False,0.00010813040416030412,0.003083684375121369,0.020913663599350703,0.9760026520255279,342.16230001766235,68.62490001367405,0.0
28,12,0.5024112425539696,0.006374182970595389,3.688127341371498,2.00000000002,1.2325179189235116,0.2175810322331721,0.004567822930865291,0.011419557327163227,0.010853828880343329,4.7286756419943494e-05,0.0001181335970691238,True,-9.922512047583939e-06,4.7104928598572326e-05,0.0,0.0,6.927219873620807e-05,-4.876018612768034e-05,-4.876018612768034e-05,-3.466154957029369e-06,0.00015507796012037876,0.00018250375828900316,-1.4363949738312506e-05,0.003979962744998682,24.001209931818956,0.7349408110261032,0.004578963853418827,0.004531676987718332,0.005505554386019408,41319,0.008276623729115298,1.1435195906001168e-07,7.332427187511298e-08,1.0580716549980641e-07,1.1458531785374923e-07,1.988253689440326e-07,6.6396369353087e-08,-1.3606666160783374e-07,0.0,0.0,-0.00935210127592566,0.009633783380381329,0.00014084105222783333,-0.009623672663176906,0.009730391545502624,5.335944116285868e-05,True,0.01935406420867953,True,0.01898588465630699,False,9.656122031732488e-05,0.0,0.02218083733166858,0.9778191626683315,290.14789999928325,89.26670002983883,0.0
29,8,0.5243446798180756,0.005100558522516004,3.3005122850863877,2.00000000002,1.17719327831367,0.15721947257426175,0.00707012844020175,0.017675321100504376,0.01724751924751427,0.00037224436514137973,0.00012660395600486566,True,0.0002788826998707965,5.509726553899385e-05,0.0,0.0,0.00031335797957290684,0.0007790079761636849,0.0007790079761636849,5.3059970865100073e-05,0.0003952629640686053,0.0003754939535580158,4.526769058299157e-05,0.003678536758434256,24.343248998347757,0.7429715355616946,0.0044163488782942295,0.004044104372867768,0.004853546760177159,41202,0.007913825883203827,1.305588813881207e-07,2.705724577726656e-07,1.0534045499145709e-07,1.3285817955213218e-07,5.454571050501874e-07,2.778398104118019e-08,0.00089404126489466,0.0,0.0,-0.009126574994986869,0.009425218560231919,0.00014932178262252576,-0.0093726760130664,0.009497325829075568,6.232490800458448e-05,True,0.018870001842141968,True,0.018551793555218788,False,0.00022915439956277576,0.0,0.022029403576753856,0.9779705964232462,245.82780001219362,109.40890002530068,0.0
30,15,0.01322452562465944,0.004173507157747876,3.267489502770841,2.00000000002,1.2531493476813966,0.11340910918385334,0.0076342249484312695,0.019085562371078175,0.018669367509093007,0.00035064814538452924,0.0001338311879203387,True,5.667077221191279e-05,5.5149715761424485e-05,9.849498699139712e-05,0.0002659965435944474,0.00016049920385731494,0.0004039412815694824,0.0004039412815694824,0.0010908878511957016,0.0008224118219847681,0.00044619122637816873,0.0015720486996321126,0.0040154475987417785,23.962660372273852,0.7389103478582582,0.004436074290424585,0.004085426116440936,0.005437642080890267,42081,0.0075870684939642625,5.8695870754397616e-08,2.3268067223018813e-07,1.6935579460980106e-07,5.7296679288260135e-08,9.30231344058926e-07,2.996142844550212e-08,0.00028135481584133496,0.0,0.0,-0.008920841361471947,0.009262910090546821,0.0001710343645374368,-0.009152639071031837,0.009283833840097854,6.559738453300883e-05,True,0.01843647291112969,True,0.018183751452018768,False,0.00027694391371158695,0.0,0.023871597500965763,0.9761284024990343,237.9928000154905,108.95000002346933,0.0
31,3,0.5039733957619631,0.005033629571470789,3.556624381907596,2.00000000002,1.4868821394018297,0.15442767235489266,0.006310663105723142,0.015776657764307856,0.01528948087480743,0.00012876290142575724,0.000133672803967383,True,1.4197376464969995e-05,5.3828672558313045e-05,0.0,0.0,1.9521721940739285e-05,8.745336687862091e-06,8.745336687862091e-06,6.197419462305373e-07,0.0003589647223606752,0.00036065265241544327,2.399501185093204e-05,0.004029914510338299,23.947041667824994,0.7311570632386379,0.004483918193727732,0.0043551554393451925,0.005546157212509219,43731,0.008374312301545008,2.454514475936424e-07,1.247669025772025e-07,2.646740472641657e-07,2.474990784574076e-07,8.126295652181027e-07,6.095639567407836e-10,9.481180549835046e-05,0.0,0.0,-0.008706160234246058,0.009059974610684883,0.000176907188219413,-0.00890959120328753,0.009037813348960498,6.4111072836484e-05,True,0.01794740455224803,True,0.01776613484493094,False,0.0001884104686417053,0.006272534728172241,0.013390731880608495,0.9803367333912193,281.67980001308024,106.00419994443655,0.0
32,8,0.038639786753235164,0.004857644279683473,3.1786449552102383,2.00000000002,1.1924585557589025,0.14646073545151156,0.006876545373528483,0.017191363433821206,0.016658631132462173,0.00023250396197494803,0.00013666768754336982,True,0.00016326683808579916,5.724861523104699e-05,0.0,0.0,0.0001275142487024325,-0.0016009193464894536,-0.0016009193464894536,-0.0014797103128749748,-0.001971961969523961,0.00038101941694430213,-0.002002768673375496,0.004070993630231047,23.902995771484,0.731541722834743,0.004676903132349253,0.004444399263206551,0.00530086334882379,43006,0.007003947240476054,2.980210343060182e-07,3.4129526230544044e-07,2.4866462170013947e-07,2.989941951268273e-07,9.370168246583317e-07,9.343121875962405e-09,0.00046258409350697955,0.0,0.0,-0.008587548903304203,0.00881112878533434,0.00011178994101506833,-0.008711733244231572,0.008843918088396161,6.609242208229489e-05,True,0.017555651332627733,True,0.017398677688638543,False,0.0002220153254301849,0.0,0.016892972350787804,0.9831070276492122,308.9924000087194,90.44579998590052,0.0
33,3,0.0909324728523111,0.007574004211775082,4.386933890725342,2.00000000002,1.2336337640694361,0.2757222734817862,0.006304263402534771,0.015760658506336928,0.014757416672053127,0.00022520515074339915,0.00013927173057866481,True,0.00010430801647797574,5.8674657693075126e-05,0.0,0.0,9.237045220070345e-05,0.00080720135604596,0.00080720135604596,0.0003170332770517149,-0.00025796277946151175,0.00035949070234206045,-0.0005240367161260302,0.003928796230100374,24.057404956060875,0.7309026611606398,0.0044127944856882095,0.004187589335103975,0.005113943008556634,43945,0.0074052646699867926,8.30526917084275e-08,1.0035824138337899e-07,8.155300001815556e-08,9.470480183698558e-08,5.307068648792782e-07,2.3376738448240847e-09,0.00021276746509229304,0.0,0.0,-0.008405269030198831,0.008607098752200932,0.00010091486100105127,-0.008515718866623341,0.008649496318673896,6.688872602527697e-05,True,0.017165215185297237,True,0.017012367782399763,False,0.00016896236035967042,0.056803131836928145,0.0,0.9431968681630718,254.95490001048893,93.2347999769263,0.0
34,20,0.4220171370767998,0.008276202591779155,4.748935371261466,2.00000000002,1.184721604648023,0.3100268714043258,0.005772301692893123,0.014430754232232806,0.013607424059085826,0.0002280844503793938,0.00014180923685868562,True,0.00018962531688515152,6.252614766931268e-05,0.0,0.0,0.00012600670823439503,-0.00012660815027499113,-0.00012660815027499113,-1.071454037150956e-05,0.00028524643150939783,0.0003021093170534976,1.0317877388902317e-05,0.003923890487184211,24.062831219534758,0.7370101265150185,0.004453287459909916,0.004225202698621559,0.00485730954072505,43050,0.00833059690538424,9.030087813095891e-08,1.686847434277913e-07,9.301421025833892e-08,9.572032085944628e-08,3.5752495485593083e-07,2.636510943646977e-08,0.0002667810629056304,0.0,0.0,-0.008207971646351018,0.008420334600953596,0.00010618147730128975,-0.008303355785637966,0.008440610766053763,6.862749020789808e-05,True,0.01674396655169173,True,0.016628306247304613,False,0.0001421992609517042,0.07673796359710144,0.0,0.9232620364028986,283.5927000269294,103.92409999622032,0.0
35,6,0.41892648095250307,0.008137062976023906,4.890040794891087,2.00000000002,1.1548639087588868,0.30402360802203093,0.005061618988162954,0.012654047470407385,0.011798110693923808,0.0001299999737962532,0.00014148120177361805,True,3.254204381794526e-05,6.166945898784504e-05,0.0,0.0,6.029535606564817e-05,-6.495434650740796e-05,-6.495434650740796e-05,-5.537482577553501e-06,0.0002300849408986211,0.00024010933260935454,1.169601648512286e-05,0.003923220534576145,24.063572783457378,0.7359976558284562,0.004442364443093538,0.004312364430912989,0.005062539599019291,46521,0.007698670355588699,3.861159748724378e-08,6.502099763414632e-08,3.811295239193688e-08,4.434003126619258e-08,2.1418118101049455e-07,5.944201876249249e-09,0.00011564308736173405,0.0,0.0,-0.008012083511449893,0.008231329991807878,0.0001096232401789934,-0.008105424871593178,0.008242203730057988,6.838942923240522e-05,True,0.016347628601651166,True,0.01624341350325777,False,0.00011087390602353637,0.07219017316819687,0.002264765962091081,0.925545060869712,339.59769998909906,88.77259999280795,0.0
36,20,0.056886784306096505,0.008337398231251993,3.9117381651343477,2.00000000002,1.1057161138384908,0.31399366631887415,0.00498614130428434,0.01246535326071085,0.011862184920155299,1.6078574883845708e-06,0.0001377008411172604,True,-8.685565081434374e-05,5.7543761493339794e-05,0.0,0.0,0.00011409320616751513,1.2395036850957274e-05,1.2395036850957274e-05,7.781770281691713e-06,-0.00034260895159182985,0.00024016909488910163,-0.00046510163957721865,0.0037128494506487066,24.302926602750745,0.7395678483436462,0.0038952548056840897,0.0038936468332407006,0.00500511532544998,45382,0.007775829197654981,2.3572696582333957e-07,7.553052617728115e-08,2.824611859280496e-07,2.528386716218966e-07,4.7418139243907493e-07,2.5785105868645945e-07,0.0005282468403725087,0.0,0.0,-0.007841529050444006,0.008036330547463031,9.740074850951169e-05,-0.007906730512298286,0.008046048469481712,6.965897859171382e-05,True,0.01595277898178,True,0.015877859597907037,False,0.00010909452202457408,0.06957560341530249,0.0032516069732567124,0.9271727896114408,258.8639000314288,53.76400001114234,0.0
37,3,0.43496249583168495,0.008037268527239138,4.477348861236432,2.00000000002,1.1435094877227303,0.2993372541253865,0.005147493584606637,0.012868733961516592,0.012204439961751516,0.00032565913365959544,0.00014264711197363764,True,0.00010348506607409359,5.878541837390071e-05,0.0,0.0,0.00010094658662411161,0.0003638100258014545,0.0003638100258014545,2.9872035708160727e-05,0.0002778282231672546,0.00026766318188006365,3.2343713257147726e-05,0.0030685727163430815,25.130635807286367,0.7551334825080619,0.003630557330325246,0.003304897789364295,0.003787359673196026,46701,0.006807814865217708,3.307217256495992e-08,2.045489996213406e-07,2.2108582514871123e-08,2.9024443604972446e-08,2.0188995992934504e-07,7.395414978485215e-11,0.0006949569791715262,0.0,0.0,-0.007666661681935773,0.00787095936183152,0.00010214883994787334,-0.00772729906703111,0.007868308246270342,7.050458961961647e-05,True,0.015595607313301452,True,0.015537621043767293,False,0.00011879834819000967,0.08138053806638322,0.0,0.9186194619336168,270.08710004156455,62.9456999595277,0.0
38,3,0.10659502896528464,0.008496391750234322,4.166991767662174,2.00000000002,1.1738186661106513,0.3205806265397051,0.004764264141659143,0.011910660354147857,0.011160826137655802,0.0002048671879983604,0.00014424249853837412,True,8.028191222897582e-05,5.935111558061321e-05,0.0020248085678705855,0.0006784049163607324,6.644936573864499e-05,0.0022989694235526657,0.0022989694235526657,0.0007702615369419013,0.00031651052717075436,0.00022341307144085797,0.00011672758589083237,0.003668511095893409,24.355101630065462,0.7354252649489684,0.004059419501572847,0.003854552405721188,0.004241678066387184,46489,0.006963096630704853,1.8994990963403498e-08,7.126517152097956e-08,1.881662634423831e-08,2.0875997861894223e-08,1.4419483925898133e-07,5.20158661908206e-10,0.0006719894585232633,0.0,0.0,-0.00749179483846278,0.007707085425395598,0.00010764529346640874,-0.007551281034410361,0.007692076780813754,7.039787320169617e-05,True,0.015243357815224115,True,0.015198880263858378,False,9.405775060969892e-05,0.07834948972436911,0.0015025080057414777,0.9201480022698895,198.25509999645874,91.74110001185909,0.0
39,16,0.008457276718855152,0.007794432295926927,4.735058003098882,2.00000000002,1.217961368245817,0.28416274567986094,0.005201005625090621,0.013002514062726551,0.012019581633315877,0.00024202437056434196,0.0001466870453390233,True,8.99347457615094e-05,6.013531122627721e-05,0.0,0.0,6.947910396247027e-05,4.482040536350944e-06,4.482040536350944e-06,1.8927236463881106e-05,0.00024560067081676304,0.00024450669091531375,0.0011231372911928647,0.004240769552600148,23.725553268690692,0.7197155611499454,0.00456131249666214,0.004319287972716442,0.00442556034338999,45647,0.007978599076990252,3.984621222819718e-08,1.17842898923979e-07,3.907919465914482e-08,4.154151359712198e-08,1.9055065684769386e-07,2.384453999909619e-09,0.00016002530707278742,0.0,0.0,-0.00733345340411962,0.007555641759919955,0.0001110941779001676,-0.007380488802707559,0.007521237432739709,7.0374315016075e-05,True,0.014901726235447268,True,0.014889095164039575,False,0.00011386794150745491,0.08106056793543276,0.0002865255119695177,0.9186529065525977,235.2328000124544,80.46640001703054,0.0
40,24,0.008279120664704622,0.008279120664704622,4.834978122291205,2.00000000002,1.4273457284162738,0.30631182490002146,0.004472370441826257,0.011180926104565642,0.010129342438131966,0.00012492232211507994,0.00014615619843112224,True,9.541051502486736e-06,5.887045473318245e-05,-1.8686345916391626e-09,-8.060874144027187e-09,1.4408028927823976e-05,7.419070783221818e-07,7.419070783221818e-07,3.2004221754623605e-06,0.0001774503329002394,0.00017527435480303572,0.0008227271736864552,0.004937499408627815,23.064929433816236,0.6983475077669076,0.005104920361191034,0.004979998101961637,0.004861212560384937,47837,0.008011651945818418,2.6260999528061286e-08,3.5418684189189844e-08,2.087157584691636e-08,2.9512041168334097e-08,1.0192895039982969e-07,2.92237358268902e-10,0.00010860411213878645,0.0,0.0,-0.007176418649595231,0.007401843891005326,0.00011271262070504739,-0.007219728133176562,0.007357678448904299,6.897515786386873e-05,True,0.01457740658208086,True,0.014578262540600557,False,8.727395072448947e-05,0.07847425053885317,0.001525812106677253,0.9199999373544696,221.9652999774553,56.775900011416525,0.0
41,21,0.009375044614682887,0.007553565716279756,4.473269841598762,2.00000000002,1.361431715654534,0.27111259858772285,0.0051345098808776345,0.012836274702194086,0.0116985193001896,-3.835687121315578e-05,0.00014176303010625846,True,7.491445447479733e-06,5.7617308165238486e-05,0.0,0.0,1.7980932449865605e-05,4.3735699850392e-05,4.3735699850392e-05,0.00016661139701935995,0.00030517480025490115,0.00021444250028386538,0.0009699278760175305,0.004952543747230799,23.05171679525504,0.6941647420616716,0.0049622198566794395,0.005000576656673415,0.004876870028462875,52092,0.009368495794662058,2.4340120739024794e-07,1.1021371112773759e-07,1.899694430988968e-07,2.608581888185284e-07,3.8752631310405095e-07,2.0192822132204675e-09,-1.6398025505254553e-05,0.0,0.0,-0.007030447132202617,0.007265037239305562,0.0001172950535514725,-0.007074855628267529,0.007210318420804339,6.773139626840523e-05,True,0.014285174049071868,True,0.014295484371508179,False,0.0001102629115622642,0.077127916478847,0.0020742846938380547,0.9207977988273149,323.8024999736808,64.30179998278618,0.0
42,9,0.4467284829480488,0.007962883068560331,4.609211127076586,2.00000000002,1.5669940589640141,0.29083342001663626,0.004042257331783496,0.01010564332945874,0.00912452316621679,-3.672164692422555e-05,0.00013761222366368906,True,1.1676023680160844e-05,5.652346805845092e-05,0.0,0.0,1.1782487893639458e-05,1.8959027000102206e-05,1.8959027000102206e-05,1.5157039073894243e-06,0.00010857133358695697,0.0001242848610973247,-6.3734220395680125e-06,0.004128268304256008,23.84232084813199,0.7217148447088885,0.004307810682803392,0.004344532491963394,0.004238043789534565,56371,0.008493957278120436,1.0939713990175576e-07,7.127088697082051e-08,1.0952443560316168e-07,1.1407739892982385e-07,1.496806427816468e-07,1.0695175708428608e-11,-5.367361810736545e-05,0.0,0.0,-0.0068848682978821345,0.007119052650568124,0.00011709217634299538,-0.006920038114759633,0.007052836673564313,6.639927940233939e-05,True,0.013972874788323946,True,0.014003920948450259,False,7.196611534803467e-05,0.0763903608709616,0.0023324006232722503,0.9212772385057661,302.25950002204627,88.51370000047609,0.0
43,13,0.4497317005265045,0.0083663794453136,4.481588204088333,2.00000000002,1.202347385720259,0.3109727827179439,0.004014861951696505,0.010037154879241263,0.009156490747460772,9.812041481339829e-05,0.00013671468255345518,True,6.963676185999479e-05,5.6828428379417055e-05,0.0,0.0,6.315421918138809e-05,1.7034789108892206e-05,1.7034789108892206e-05,1.352773941897663e-06,0.00011909389224639503,0.00013380791165712834,-4.516997293039478e-06,0.00306284677395481,25.138747292431898,0.7620877188485985,0.0036647487431764603,0.003566628334420246,0.003396422528075571,60357,0.007325653207023015,5.003331473974318e-08,7.912156459663966e-08,5.145791551646466e-08,5.029017020613702e-08,9.230547074697922e-08,1.6927171500165705e-09,7.851652747709133e-05,0.0,0.0,-0.006745253029301743,0.0069795283690742525,0.00011713766988625446,-0.006771362612753296,0.006904010238524443,6.632381288557307e-05,True,0.01367537285127774,True,0.013724781398375996,False,7.062904953887172e-05,0.0757049439291159,0.002640330029004221,0.9216547260418798,287.6312000444159,98.71560003375635,0.0
44,2,0.07742689763291317,0.007804560956937999,4.574804790797784,2.0000000000199996,1.1480283835153409,0.2856548883633121,0.004334136328294373,0.010835340820735933,0.010278652193096713,1.5259647413442163e-05,0.000134015681772566,True,-5.7553731688293385e-05,5.4228833832423637e-05,0.0,0.0,0.0001240492970090142,0.0015064373247760151,0.0015064373247760151,0.0006948661856864142,0.00042295168566502863,0.0002050841968976565,0.00028139149045389297,0.0029300646530292366,25.331227966615725,0.76030294528792,0.0031920229084789753,0.0031767630294719856,0.0039327925813451405,61977,0.006197610858775283,2.2439357746433363e-07,1.0633299995727286e-07,2.1203120375121089e-07,2.408242775436834e-07,4.1232989707138877e-07,1.5286692831063567e-07,-0.00010648898299022463,0.0,0.0,-0.006608604161397787,0.006856471235204908,0.00012393353690356055,-0.006631250511784495,0.006766522023197616,6.763575570656038e-05,True,0.013397772534982111,True,0.013465075396602695,False,8.380041986191268e-05,0.0748935215257803,0.003024087723817334,0.9220823907504024,314.25820000004023,107.30350000085309,0.0
45,9,0.0168678916111384,0.007896140656019178,4.4919883663645885,2.0000000000199996,1.1229669647429978,0.2909163808086518,0.004469638471971426,0.011174096179928565,0.010644773765437168,0.0002330038596787566,0.00013616759868357017,True,6.914858904326352e-05,5.456038394822008e-05,0.0,0.0,7.113262171920753e-05,6.383125348068518e-05,6.383125348068518e-05,0.00013514953005773616,0.00024380467252163254,0.00024056138642738407,0.0005430932092632281,0.002736087969649207,25.628699434581176,0.767620743567835,0.0031114283483475447,0.002878424588908158,0.003478576056897773,61118,0.005570150821812121,9.573910191881829e-09,1.0898950554163887e-07,1.5574745649574172e-08,1.0448710289626886e-08,1.7276279717218594e-07,6.232883914362655e-11,0.000457138241255728,0.0,0.0,-0.006481992395997589,0.006735071258309844,0.00012653943115612732,-0.0064988819811521515,0.006634308908832502,6.771346384017476e-05,True,0.013133190889984653,True,0.013217063654307432,False,8.478099310624501e-05,0.0747075782677141,0.0031501358301529976,0.9221422859021329,256.6845999681391,82.39200001116842,0.0
46,7,0.4182738249064181,0.008295462277547105,4.687498831885564,2.00000000002,1.2289173443086479,0.30901442290527975,0.0038340945978801912,0.009585236494700479,0.009098935544537319,8.938547451799247e-05,0.0001351722343396217,True,9.564138568868117e-07,5.3395080250582404e-05,0.0,0.0,3.1753862507003636e-05,-2.8154234457336004e-05,-2.8154234457336004e-05,-2.4039476381321534e-06,0.00019142874406088072,0.00019374608364364243,1.5556691644052484e-05,0.002592916801441964,25.862114181532647,0.7670763722665165,0.002914582611992955,0.0028251972768054516,0.003434601339937452,61976,0.005325693888159747,5.35849962644707e-08,2.701834279776781e-08,4.391801212239143e-08,6.15100338997113e-08,1.9499409328613678e-07,7.593010021478061e-09,9.84873358513076e-05,0.0,0.0,-0.0063566975695193905,0.006612537679189294,0.00012792005483495188,-0.00637249980445137,0.00650636327120419,6.693173337641016e-05,True,0.01287886307565556,True,0.012969235248708685,False,6.483538481008942e-05,0.07348907247618557,0.0037624919865780187,0.9227484355372364,354.1102000162937,75.46630001161247,0.0
47,15,0.007760458781485959,0.007760458781485959,3.4384294365329,2.0000000000199996,1.1482741088007977,0.2838208285278265,0.00410236579431388,0.010255914485784699,0.009712570231625006,0.0001415917184510231,0.00013530597359194256,True,6.153644366318768e-05,5.356830074872294e-05,-2.2708412388577587e-06,-1.0450602870262182e-05,6.499187660778331e-05,1.549661092819797e-05,1.549661092819797e-05,7.131671024568097e-05,0.00025333316431910255,0.00019115463949122863,0.0010095200999148614,0.0027810434713772965,25.55792222487252,0.7608172611621483,0.002960694022476673,0.0028191022562730392,0.003613193191765725,64295,0.005239224665689661,2.5099511996901987e-08,3.1730789462062386e-08,2.583988764728297e-08,2.809643913546153e-08,1.329693452462542e-07,1.6751943318464753e-09,0.0011336164518550296,0.0,0.0,-0.006238058982883424,0.006499124638781834,0.000130532827949205,-0.006253967034883631,0.006387747954539914,6.689045982814151e-05,True,0.012641714989423545,True,0.012737183621665258,False,7.580733933456808e-05,0.07181330925344964,0.004427677940866529,0.9237590128056838,257.02479999745265,110.13400001684204,0.0
48,13,0.4525403701146303,0.0085857421933063,4.4041258148804285,2.00000000002,1.3618719399937949,0.3224501119415934,0.003573849240777983,0.008934623101944959,0.008232225730599924,7.772199785645782e-05,0.00013413079041366737,True,2.2890676402750355e-05,5.292918357484852e-05,0.0,0.0,1.7681994490792226e-05,-0.000818431838826386,-0.000818431838826386,-6.459027848081218e-05,3.7956274936847405e-05,0.00014266614814573638,-9.566283486771681e-05,0.003033899218354439,25.179988499301405,0.76702013620758,0.003506146837025881,0.003428424709934582,0.0035338633503735712,63278,0.005789816957802767,1.0180322473230125e-08,4.72844272198044e-08,1.1410769639232432e-08,1.0009780115878307e-08,7.01256198464424e-08,7.340244844575439e-10,-0.00025687184408958977,0.0,0.0,-0.0061242877392335545,0.006381574760315134,0.00012864351054078953,-0.006133565233289627,0.006265295800223521,6.586528346694673e-05,True,0.012398861033513148,True,0.012505862499548688,False,5.818978619173255e-05,0.07073910150151708,0.004920296961023905,0.9243406015374591,303.8723000208847,105.24000000441447,0.0
49,14,0.08856584595786537,0.00789598556901086,4.5295918191783535,2.00000000002,1.1316394663706828,0.2893807918984027,0.004007671806891626,0.010019179517229066,0.00956612976439923,1.867374543648737e-05,0.00013182164951412376,True,-0.0001461857150209087,4.886561421575143e-05,0.0,0.0,0.00011088573043075976,0.0016534132470115662,0.0016534132470115662,0.0006667409142757899,0.0002523443875574662,0.0001983516957900086,9.373642969685294e-05,0.0034543040354698983,24.61639440041338,0.7549297302782765,0.003725872840732336,0.0037071991366894926,0.0039636224918058035,63569,0.006707838199496001,2.3736334417174364e-07,1.4601937862801254e-07,2.2786971165650853e-07,2.497254049762015e-07,4.0925994051200997e-07,4.0735852030688575e-07,-0.00023234906992752308,0.0,0.0,-0.0060150622608233445,0.006277297316985591,0.00013111752808112306,-0.006024595521007336,0.006158163657205058,6.678406809886128e-05,True,0.012182759178212394,True,0.012292359577808935,False,7.611284313632616e-05,0.06954630382252014,0.005519474361486889,0.924934221815993,322.08100002026185,105.71780003374442,0.0
50,11,0.00806122201574145,0.00806122201574145,4.564953051162597,2.0000000000199996,1.138342661610314,0.296925229183996,0.004336917304551985,0.010842293261379962,0.010390655790484284,0.00027727982846506794,0.00013467377067002463,True,0.00015641285990659407,5.101655912956828e-05,0.0,0.0,0.0001210726133150072,-1.3438193308054006e-05,-1.3438193308054006e-05,-5.953631773823561e-05,0.00013495832238468174,0.00020074887643193475,0.0008918257902124976,0.0037882655567594925,24.21559584633684,0.75219083497766,0.004148600157350302,0.0038713202332240288,0.00416808357844442,63894,0.007361361761996667,6.870050700187782e-08,2.2516612128774004e-07,3.8585977953673186e-08,6.289387270060036e-08,1.3444394385708647e-07,1.0647379014993935e-08,0.0006905329584524595,0.0,0.0,-0.00591454704549713,0.006176932721043829,0.00013119283777334972,-0.005916698072300428,0.0060524377503067975,6.78698390031842e-05,True,0.011969135822607226,True,0.01209147976654096,False,8.533116848462859e-05,0.07221077410035709,0.004397437465487154,0.9233917884341558,275.159300013911,107.12409997358918,0.0
51,13,0.04265658368970917,0.008663747040117593,5.023713645411083,2.00000000002,1.323047996459914,0.32647087633887734,0.0036256060522716948,0.009064015130679236,0.008481786121202945,0.0001394388524864822,0.00013476540685880266,True,3.6824652330842716e-06,5.008843964140193e-05,0.0,0.0,1.7774280483451402e-05,0.00035685675325648064,0.00035685675325648064,0.00029877882714618307,0.00033961523102572994,0.0001198720643479043,0.0003224944701138701,0.004219772291020944,23.747109839722786,0.7237989182108628,0.004765345714986324,0.004625906648125417,0.004105150228911317,61887,0.008142380407663836,2.7059845769930015e-08,9.437956538165347e-08,3.0497226878992246e-08,2.4377625387231493e-08,4.84683491755857e-08,1.4818074896741393e-09,0.0001492788800314774,0.0,0.0,-0.005808169262858683,0.006078571184299705,0.00013520096072051088,-0.0058118419302290785,0.005945617076528791,6.68875731498561e-05,True,0.01175745900675787,True,0.011886740447158388,False,6.0354090729030204e-05,0.06964012245312755,0.0058891951331938135,0.9244706824136786,313.4361999691464,104.30669999914244,0.0
52,15,0.4454687931238704,0.007328121517413803,4.290435660692685,2.0000000000199996,1.1229548238866662,0.2632545381337368,0.005239555902457336,0.013098889756143341,0.012578434675932644,0.0003633475828656664,0.00013907827810421517,True,0.0002365457635209703,5.367415740831671e-05,0.0,0.0,0.0001983371794472136,-7.35151363940976e-05,-7.35151363940976e-05,-5.893882188899837e-06,0.00023531172383767522,0.0002441566381081725,1.1932335656033735e-05,0.004304552476652755,23.66071993344601,0.7135483829359623,0.005060454830527306,0.00469710718621844,0.0038207488811362513,59103,0.008298881100223107,8.64606182854419e-08,2.8780649358926623e-07,3.4162764234731495e-08,8.027364257124579e-08,2.05725458946889e-07,5.4708822583557215e-09,0.0006584577931197179,0.0,0.0,-0.005722106362988826,0.005996286049075778,0.00013708984304347624,-0.005722622383332692,0.005861453283720765,6.941545019403606e-05,True,0.011584075667053457,True,0.011718392412064604,False,0.00012414681819083835,0.06923922450239998,0.006988835895701725,0.9237719396018983,263.19800002966076,75.24330000160262,0.0
53,10,0.4523223695626748,0.006889088469453405,4.271195450358526,2.00000000002,1.160351702410713,0.2428824326981858,0.005168905371499596,0.012922263428748991,0.01229801761780653,0.00016500786729594215,0.00013955845568183975,True,0.00013810338521132526,5.526716170648668e-05,0.0,0.0,0.00011780152051568868,-3.132900384126825e-05,-3.132900384126825e-05,-2.4736627450302844e-06,0.00026829116483051787,0.00027106334831876244,2.0122188587056637e-05,0.0048006231841114366,23.18702381821626,0.6991334124062121,0.005135386250913143,0.004970378469303573,0.004490941204028074,60866,0.009304039659011434,2.265980343844937e-07,2.4332788856196963e-07,2.4047079476619117e-07,2.348273242828207e-07,4.847804431428067e-07,3.943998792260226e-09,0.00019460255588635696,0.0,0.0,-0.005637260455179304,0.0059162994494805915,0.00013951949715064365,-0.005637688812661149,0.005778345602495321,7.03283949170861e-05,True,0.01141603441515647,True,0.011553559904659895,False,0.0001184179585203556,0.06614688459302791,0.008898584241391304,0.9249545311655809,324.48290003230795,93.47540000453591,0.0
54,9,0.4738974483734538,0.006794612340423695,4.018663741620038,2.00000000002,1.2128140139749441,0.23759838137304523,0.005018074202893451,0.012545185507233627,0.01179365453141448,-1.6027379598656715e-05,0.00013672962231310346,True,6.0693916330961464e-05,5.536765716249547e-05,-5.24517517764278e-07,-3.952916090997612e-08,4.676153506915285e-05,0.00022982226876592704,0.00022982226876592704,1.7320072514388036e-05,0.00024404215731799094,0.0002402008865326677,2.2260309147489696e-05,0.004678726079284934,23.298723802699584,0.6969216807279431,0.004906143993139267,0.0049221715054741325,0.004587940647509419,63623,0.010362250388780218,4.99589265620755e-07,3.329283785387026e-07,5.125363946964406e-07,5.176442865233614e-07,7.453481694655727e-07,2.1191177658144175e-09,3.691740334291981e-05,0.0,0.0,-0.005554965360213442,0.005837805178520815,0.00014141990915368636,-0.005557367699857726,0.005697151643030864,6.989197158656882e-05,True,0.01125451934288859,True,0.011392770538734257,False,0.00011429587625663826,0.06267652451331794,0.010662705654540017,0.9266607698321421,259.52500000130385,109.11650001071393,0.0
55,15,0.06137693113292293,0.0066887538735127,4.1345916259432025,2.00000000002,1.2268092130942119,0.23294940458959126,0.005456116852015774,0.013640292130039436,0.012911395832543039,0.0001443173712910547,0.00013686511783056688,True,9.583451728389011e-05,5.610341825561173e-05,0.0,0.0,7.105440567160639e-05,0.0006019925495507613,0.0006019925495507613,0.0003502901418444268,-0.00018272294963428062,0.0002640774190320892,-0.000335580136641487,0.004073510809217031,23.90031126934759,0.7112829752792458,0.00458779139444232,0.0044434738474997985,0.0038107594025707852,64622,0.008944126535377437,1.9212160531394662e-07,1.8214871523821197e-07,2.1057228434771013e-07,2.0020561383158594e-07,4.1220276140127594e-07,4.837337567974578e-09,0.00020240737919055235,0.0,0.0,-0.005486731335879654,0.005757994623516028,0.00013563164381818693,-0.005480032691169545,0.0056198589046730476,6.991310675175133e-05,True,0.011099891595842593,True,0.011244725959395682,False,0.0001312992759401071,0.06033888774929535,0.011607011672311774,0.9280541005783928,259.9743999890052,97.40180004155263,0.0
56,6,0.007535594329888082,0.006662058082451582,4.113008748801384,2.00000000002,1.2210401585273856,0.2310496090154679,0.005081805307183625,0.012704513267959062,0.012003454044987502,0.0002741471368252837,0.0001392735743041584,True,0.0001717835817210537,5.816913546035177e-05,0.0,0.0,0.00013311357906122028,1.0333926167164253e-05,1.0333926167164253e-05,4.897673302563767e-05,0.00022235681581917404,0.0002601686747627483,0.0012907456995710765,0.003768824173295255,24.23794123189513,0.7154153118616187,0.004289394244551659,0.004015247357632722,0.003708953361928914,69264,0.007858591182817485,3.470317913395743e-08,1.803830779142509e-07,3.770719744785123e-08,3.3121473434407674e-08,2.1847065138526937e-07,1.1873520048610903e-08,0.0002835156402954792,0.0,0.0,-0.005410588862318058,0.005684895138445695,0.0001371531380638183,-0.005402965402516739,0.00554504877574558,7.10416866144204e-05,True,0.010948014178262319,True,0.011095484000763753,False,0.00011629202812646244,0.07639674408580767,0.0051190284592606255,0.9184842274549317,338.2211999851279,92.5713999895379,0.0
57,8,0.5123889543919867,0.0068608228229441485,3.576275077679729,2.00000000002,1.2967967308019144,0.24083855123901293,0.004283593554395742,0.010708983885989353,0.009908982549106304,0.0001481016707671685,0.0001394257828638655,True,-1.1029937111244558e-05,5.695511664330622e-05,0.0,0.0,2.1525627044187052e-05,0.0008542684714953471,0.0008542684714953471,5.954380555274536e-05,0.0001717120567822781,0.0001974994099890446,-1.7664217983956205e-05,0.0033533068574949734,24.745267029329234,0.728178032461263,0.00392222311347723,0.0037741214546777174,0.003220399433065821,69313,0.007065973459003096,3.748402431167844e-08,6.379737706082238e-08,3.4837211494819714e-08,3.8822204031126556e-08,1.5310339072492362e-07,1.860388914016416e-08,0.00045655677634108983,0.0,0.0,-0.00533019592278648,0.005605693885766478,0.00013774898148999863,-0.005322145296219433,0.005462491263849319,7.017298381494263e-05,True,0.010784636560068752,True,0.010935889808552958,False,7.83284472616676e-05,0.07414893661174846,0.006064660420390215,0.9197864029678613,321.49780000327155,96.3301999727264,0.0
58,16,0.44139594507056107,0.007408546841655632,4.138093540663101,2.00000000002,1.1322703384896944,0.2673059052503279,0.005117571412735732,0.01279392853183933,0.012431884521918044,0.0003739037192343054,0.00014339998517522889,True,0.00016970102837381317,5.889901167314255e-05,0.0,0.0,0.00024191876397457271,6.852598122380822e-05,6.852598122380822e-05,5.544583042981134e-06,0.00020170906836592526,0.00019679594781177073,2.1967635333854616e-05,0.003204987714342547,24.94173630920036,0.7363763365877044,0.003737600753083825,0.0033636970144672396,0.0031681273280851374,70045,0.006576075536353034,1.5110085695801772e-07,3.535690633974296e-07,2.2116722026057535e-08,1.4199059197470767e-07,1.6514191069498815e-07,2.1435567382273234e-08,0.0013638496335829104,0.0,0.0,-0.0052594139880899025,0.005537080089608067,0.00013883305075908212,-0.005240424064069183,0.005386692299980435,7.31341179556259e-05,True,0.010627116364049618,True,0.01079649407769797,False,0.00011580945998356548,0.07305232799288598,0.006541314356239442,0.9204063576508745,300.79189996467903,94.84959999099374,0.0
59,8,0.14630374247041683,0.007591359544694044,3.980128576945939,2.00000000002,1.2338177355405384,0.2758402478736881,0.003986299433985565,0.009965748584963912,0.009570286377042752,0.00021591349169947986,0.00014460854361729973,True,9.48751235113099e-06,5.806152863378642e-05,0.0,0.0,3.1391088163623515e-05,0.003941781242944999,0.003941781242944999,0.0009622303514362648,0.0004810751777716156,0.000180546312282787,0.00029726547270074243,0.0030020591436408016,25.22580755962229,0.7352629739804717,0.00351735414005816,0.0033014408294111636,0.003039024328977672,70848,0.006273069846312523,2.502227970589277e-08,1.2590567436656367e-07,2.429177571322682e-08,2.236946656727706e-08,1.0240524464075392e-07,5.407591344149968e-09,0.0005175633972971567,0.0,0.0,-0.005177904639879225,0.005466978812297806,0.00014453708620929104,-0.005164328554038526,0.005309181771990726,7.242660897610044e-05,True,0.010473510326029252,True,0.010644883452177031,False,7.27938323184011e-05,0.07080915075979045,0.00846503648599748,0.9207258127542121,201.7778999870643,93.11379998689517,0.0
60,14,0.01625383553638058,0.007650360155910264,4.3159841594496635,2.00000000002,1.1558442157899318,0.2790941988326441,0.0036155571212471505,0.009038892803117876,0.008677148329495366,0.00023111835167183956,0.00014602673719196432,True,1.1620783174111516e-05,5.72875162094585e-05,5.239005675508805e-06,1.15115810748231e-05,4.050662567115585e-05,-2.6015011580479225e-05,-2.6015011580479225e-05,-5.71623574242576e-05,4.4969800314997375e-05,0.00015803648127558751,0.00025625239897054584,0.0033560585070925653,24.74170476601988,0.7241559390322451,0.0036842382978647947,0.0034531199943700817,0.003335298101208305,72105,0.006376613810074887,3.2601896312792614e-08,1.2616551248088998e-07,3.940725766861706e-08,2.9255131130501875e-08,8.498709426659761e-08,2.5928317533189394e-08,0.0005764834478864285,0.0,0.0,-0.005103691773957188,0.005389501445198908,0.00014290483562085998,-0.005084870246133939,0.005228659464642641,7.189460925435136e-05,True,0.01031352971077658,True,0.010493193219156096,False,5.971171797174527e-05,0.06826250955507608,0.009620529657477294,0.9221169607874466,322.66669999808073,82.18509994912893,0.0
61,24,0.0074180852565887455,0.0074180852565887455,3.944304089451686,2.00000000002,1.2661213589672884,0.2671867569215728,0.004032176994553798,0.010080442486384495,0.009728789952929421,0.00027920299433810257,0.0001481747413394827,True,2.2541380358075744e-05,5.671790742500961e-05,0.0,0.0,1.936068057393266e-05,-5.4779279212467185e-09,-5.4779279212467185e-09,-2.637342065162985e-08,0.00016870947630265767,0.00016899684633772026,0.0008713801685674038,0.003283446518703092,24.836700531760798,0.7275138545526327,0.003582895500585437,0.0033036922820728195,0.003103710202695667,74220,0.006999181641078124,9.265985821339073e-08,2.4346515480225433e-07,6.104334809861497e-08,8.580810019952809e-08,1.3370195687487983e-07,1.7251863691128738e-10,0.0008733644978120361,0.0,0.0,-0.005033061326092502,0.0053197034050981515,0.00014332103950282448,-0.005015616499939041,0.005157683294556583,7.103339730877073e-05,True,0.010173299794495624,True,0.010352764731190654,False,7.679814347899379e-05,0.06715933000619868,0.009939888047721869,0.9229007819460794,336.890000035055,101.09180002473295,0.0
62,2,0.4595881182397454,0.007575072049774716,4.0947024635855245,2.00000000002,1.4112760396887625,0.27331523479607195,0.003661533527161423,0.009153833817903557,0.008800850653703316,0.00018093708603452653,0.00014869477855686432,True,7.837770138009134e-06,5.592951811392895e-05,0.0,0.0,7.5674804519918395e-06,0.0003782137146282928,0.0003782137146282928,2.939073515875769e-05,0.00015894658854091832,0.00014287573059382696,2.701875058426058e-05,0.003058517364707715,25.144890494557544,0.728821585369132,0.0034945132210850716,0.0033135758623604426,0.0029032488056965626,76590,0.006656755466621737,2.1224271039970445e-08,9.830634245292575e-08,1.9973638727666458e-08,1.8621584387955317e-08,5.498388030285242e-08,2.145802455940226e-12,0.0005973153107660219,0.0,0.0,-0.004962291337397248,0.005249429465578709,0.0001435690640907307,-0.004944663607796592,0.005084683114773592,7.00097534885001e-05,True,0.010029346722570184,True,0.010211720802975957,False,6.318170839753382e-05,0.06583080678823047,0.010658990600331597,0.9235102026114379,326.2100999709219,78.01569998264313,0.0
63,3,0.008412996325018868,0.007243612248987111,4.390362920143291,2.0000000000199996,1.21560057126608,0.2583134181165187,0.00425356288114273,0.010633907202856825,0.01005841853241606,0.00024470592341165883,0.0001501949526952205,True,7.124715014972897e-05,5.6172655130370224e-05,3.6686445555212794e-08,1.5573882928060333e-07,6.576361267398528e-05,-1.4626822337217595e-05,-1.4626822337217595e-05,-6.209280164428383e-05,0.00013777275032659378,0.0001912588148328209,0.0008165944984662841,0.0030201407466257115,25.199728172883574,0.7310640216055486,0.003576446557417512,0.003331740661753205,0.002932911611039556,77071,0.005960448153348591,3.313687544323005e-08,1.5648818054509716e-07,3.395893110289749e-08,2.9539508925081426e-08,1.181849380351147e-07,2.5697468933741505e-09,0.0003296037333330863,0.0,0.0,-0.004897911785715821,0.005184868779092153,0.00014347849668816607,-0.004878920596245196,0.0050188053051011,6.994235442795224e-05,True,0.009897725901346296,True,0.010082780564807974,False,8.45678691190443e-05,0.0651149796167894,0.01097610727718065,0.92390891310603,320.0044000404887,64.0146000077948,0.0
64,9,0.04987179680707474,0.00585945222661684,3.2503378504270457,2.00000000002,1.2450130524552439,0.19286198439759542,0.0051434306897787455,0.012858576724446864,0.012299777313801292,0.00026999369438685276,0.00015203801025970716,True,0.0001799850233302201,5.810722338349288e-05,0.00039303484435453313,0.00028146085815292603,0.0001855998894395622,0.0007596515930899851,0.0007596515930899851,0.0005440031395676395,9.016207397519573e-05,0.0002625892648612142,-2.1244082149467278e-05,0.0036039237580140528,24.43224405213514,0.7148398369553989,0.004083097446709871,0.0038131037919467412,0.0034225685432387643,70084,0.006641327903161068,3.1323750364539796e-08,1.7379614603651657e-07,2.176585040792139e-08,2.7824838371042677e-08,2.607611572199506e-07,1.3022006472694316e-08,0.0004485192709100033,0.0,0.0,-0.004842980907566698,0.0051282973956287845,0.00014265824403104343,-0.00482012528832361,0.0049636242951486284,7.174950341250864e-05,True,0.009783749583472239,True,0.009971278303195483,False,0.00012270501473640619,0.0630095007032077,0.011871567784964456,0.9251189315118279,297.4707999965176,63.13109997427091,0.0
65,15,0.5049963653114382,0.006097211623451868,3.6379943954099287,2.00000000002,1.2663782800317647,0.20460343310087903,0.005235651843540426,0.013089129608851065,0.012386396361836579,0.00024260887874452005,0.00015341029614584066,True,6.241148051930723e-05,5.817344272404387e-05,1.4856122539321046e-05,1.0506527203389637e-06,6.618909220374139e-05,0.0004935365100541238,0.0004935365100541238,3.490382335649889e-05,0.00027063884493554803,0.00025725086332448356,3.13925729289251e-05,0.003779702490294958,24.22542383207265,0.7083164224504276,0.004426327999681234,0.00418371935507696,0.0033861073406416917,67246,0.0074370628664521005,5.173250422729824e-08,1.3543141284312958e-07,4.0220056517063305e-08,5.367431131425101e-08,2.6809388993501144e-07,5.010853406288832e-10,0.0003450488123816813,0.0,0.0,-0.004786972728851441,0.005076167416940937,0.00014459734404474807,-0.00476260722565278,0.004905935142902143,7.166395862468145e-05,True,0.009668542368554923,True,0.009863140145792378,False,0.00012307570761849632,0.07123710188937346,0.008685383794150275,0.9200775143164762,313.6570999631658,93.5324999736622,0.0
66,8,0.5402761161563254,0.005380470888272235,3.201655856083563,2.0000000000199996,1.1703737238860403,0.17033302383979268,0.005386971204710002,0.013467428011775006,0.01299348312957993,0.0002966802120181581,0.00015554865309915886,True,0.00015094304513209826,5.957904276052954e-05,0.00022786074199948025,1.5062453067023855e-05,0.00011076930315842613,0.0014709610182227668,0.0014709610182227668,9.723606228076175e-05,0.00030978432091047117,0.0002815646372464267,4.3012577185260735e-05,0.003868575608853898,24.12448910713543,0.7003250073270443,0.004386426415294409,0.004089745977837757,0.0036536264956064093,69254,0.007410801367712451,5.551518969049014e-08,1.9704229953776533e-07,4.5446082326963143e-08,5.3466396829870694e-08,3.1721625585562795e-07,1.1920816217071902e-08,0.0010105149740645767,0.0,0.0,-0.004734163393633086,0.005028289036255887,0.00014706282131140064,-0.0047090721298572984,0.004853585057547077,7.225646384488971e-05,True,0.009562657187404375,True,0.009762452429888973,False,0.00013583726218614119,0.06874635652409897,0.009775403822548368,0.9214782396533527,280.5142000433989,95.93169996514916,0.0
67,13,0.005980261344298912,0.005980261344298912,3.9753427951340283,2.00000000002,1.2180135963671832,0.19941403644868289,0.0052261531785965844,0.013065382946491462,0.01241893860771599,0.0002699146746005954,0.0001572305063565329,True,2.856214503201535e-05,5.9116103988462163e-05,0.0,0.0,5.622791878112902e-05,1.3214669583174555e-05,1.3214669583174555e-05,7.891837127875648e-05,0.00034319620430573784,0.00027817114562949497,0.0018471601229855517,0.003967403702042878,24.01493605765035,0.6970197553156242,0.004312478005886078,0.004042563253799216,0.003812460009269691,72873,0.008072654823622667,7.857967989734246e-08,1.9454566349290165e-07,6.712854532939553e-08,7.969529518431077e-08,3.4223040724807616e-07,1.3135702392143824e-08,0.00016856316558968556,0.0,0.0,-0.0046807656308511586,0.004980659902385558,0.00014994713576719972,-0.004653969873657023,0.004798004337315047,7.201723182901269e-05,True,0.00945197421097207,True,0.009661425533236716,False,0.00012650244409486832,0.06645011527756407,0.010733138579898929,0.922816746142537,317.62599997455254,102.77709999354556,0.0
68,5,0.006627352591159939,0.006627352591159939,4.29406154197623,2.00000000002,1.4768586041616256,0.230444655383269,0.005012338862267511,0.012530847155668778,0.011641125510545507,0.0003053187280439544,0.00015937671246794483,True,2.5376397325486588e-05,5.86199318316537e-05,-3.78854606945725e-09,-2.0416178995336782e-08,1.5183876659534266e-05,-3.787822223337729e-09,-3.787822223337729e-09,-2.0412278245109574e-08,0.00024396144435756648,0.0002442934612528716,0.0014085947345448724,0.0036455582115146497,24.382359626493873,0.7096474005108786,0.004095911514014006,0.003790593047922608,0.0036062030396255026,78824,0.007599212086065484,8.099076461566482e-08,2.412535052019928e-07,8.472911704949541e-08,7.702049042351673e-08,2.392566372806409e-07,3.777347476358374e-09,0.0001582560054666868,0.0,0.0,-0.004627947845733558,0.0049305671696908675,0.00015130966197865432,-0.00460306338215703,0.004745426276545364,7.118144719416742e-05,True,0.009348489658702394,True,0.009558515015424426,False,0.000112340071201593,0.0641361632962753,0.0115669142459004,0.9242969224578244,300.4839000059292,106.56230000313371,0.0
69,11,0.45595455632680243,0.006732016181670672,4.358745110403192,2.00000000002,1.2623767142792608,0.23565080366924418,0.004688444144944126,0.011721110362360315,0.010806989432297836,0.0002069489726743627,0.00016005631618517936,True,3.772211877810505e-05,5.831706497580516e-05,0.0,0.0,3.148856024845889e-05,1.975489498229491e-05,1.975489498229491e-05,1.547373425407124e-06,0.0002090501575901479,0.00020765755169268024,1.8747885867936365e-05,0.0034905026723520464,24.571120251587196,0.7190375546673703,0.0038242372684180737,0.0036172881981651967,0.003667496729925753,81283,0.007131055437735171,4.1184435547301686e-08,1.1988222780393058e-07,4.517721280581506e-08,4.095079130465419e-08,1.6487583306294337e-07,5.68765754133015e-10,0.00010171908225632426,0.0,0.0,-0.0045752967768229276,0.004879565829226279,0.00015213452620167566,-0.0045516908574579,0.004692903233384041,7.060618796307019e-05,True,0.009244594090841942,True,0.009454862606049207,False,0.0001013186689626118,0.06163819879184501,0.012556674635439745,0.9258051265727153,288.97609998239204,104.85119995428249,0.0
70,3,0.022980057211809735,0.0066782885305291355,4.343441641676292,2.00000000002,1.275380692984719,0.23261977176716836,0.004975631469830501,0.012439078674576253,0.011589865266381567,0.00021703602325859843,0.00016085884727072049,True,5.328647498381219e-05,5.824519940449098e-05,-2.5939508722554146e-10,-4.0313695360576004e-10,4.501011964386389e-05,0.00047542324005000694,0.00047542324005000694,0.0007388755073086357,0.000570411416369461,0.0001962137161105126,0.0006753685204817715,0.0034189126564572506,24.661119940566316,0.7184923862000268,0.0038895788602530956,0.0036725427356547272,0.0035976957000477257,83954,0.006755732762134943,6.205229730874458e-08,1.3963008683241203e-07,6.726565734457512e-08,6.09559206584412e-08,1.6203403907022172e-07,1.3285558476307094e-09,3.590314406430215e-05,0.0,0.0,-0.004521155301615317,0.004837206801629029,0.00015802575000685573,-0.0045042548157767474,0.004644735875465196,7.02405298442244e-05,True,0.009148990691241943,True,0.009358362103244346,False,0.00011486592995363463,0.059862330351600844,0.01324326878731945,0.9268944008610798,259.0106999850832,66.57190003897995,0.0
71,15,0.017093094823784565,0.005484499980767553,3.3338844093582747,2.00000000002,1.2693755231783919,0.1756866502305149,0.0051851951169390505,0.012962987792347627,0.012338274614467015,0.00029200550545506736,0.00016268032863439198,True,0.00013269418337262526,5.929377664347879e-05,0.0,0.0,7.434228883010129e-05,7.997482399255922e-05,7.997482399255922e-05,0.0001670992727452485,0.00018099955658213102,0.00019154946241292927,0.0004043384892096749,0.0036681095476039675,24.355577026613737,0.7097438455793048,0.004116120748221874,0.0038241154061797508,0.0037982693564165442,83366,0.007178031972399521,6.260958822326917e-08,1.7302737756562372e-07,6.05736335435957e-08,5.873595517137829e-08,1.630088973448667e-07,2.0591083645460744e-08,0.0006517722415626143,0.0,0.0,-0.004476213808931935,0.004792903470239404,0.00015834483065373456,-0.0044590045382393115,0.0045996011404344055,7.02983010975466e-05,True,0.009058605678673717,True,0.00926911727917134,False,0.00012981566585552168,0.05853017592178195,0.013908287207192928,0.9275615368710252,281.8643999635242,84.70969996415079,0.0
72,14,0.495352366224486,0.006154079771827314,3.7492888145314116,2.00000000002,1.2812660607580684,0.20790015595422112,0.005069139098246397,0.012672847745615994,0.012054727319059612,0.00022193325842340624,0.0001634920126041045,True,4.52606605576335e-05,5.909887225339761e-05,0.0,0.0,4.4796600434528204e-05,0.0008296047977406923,0.0008296047977406923,5.9813467738692516e-05,0.00024749964584719125,0.00019961338518041416,6.254193693970981e-05,0.003332529895650624,24.772259459027417,0.7145413735027988,0.00393895385786891,0.0037170205645574174,0.0034933432225729096,84248,0.006938101543784055,4.774551629809311e-08,8.850579973501699e-08,4.027220692308354e-08,4.964618416379883e-08,1.7108966718567292e-07,2.6856569975176455e-10,0.0004866796141820938,0.0,0.0,-0.004430393494972113,0.0047495257539561155,0.0001595661294920011,-0.0044116698816654394,0.00455155810328656,6.994411081056024e-05,True,0.008963227984951999,True,0.009179919248928229,False,0.00012246730114792603,0.05841806951288326,0.013944876429519264,0.9276370540575974,275.58309998130426,83.45869998447597,0.0
73,5,0.03138601040219647,0.0054703576929615045,3.8181691255440775,2.00000000002,1.2233532472277968,0.17562792948188324,0.005202976811635338,0.013007442029088344,0.012455441428928809,0.00025190671289901964,0.00016468680585133308,True,0.0001159528180255518,5.987769342835863e-05,0.0,0.0,0.0001241666413274157,0.0003298213940389966,0.0003298213940389966,0.00037530528252703273,0.0002915418788893278,0.00023915449817125638,0.0003224822651521492,0.0033820009124973884,24.708262795613027,0.7151406721509774,0.003806357504799962,0.003554451147446092,0.0036386731192567987,85871,0.006784106846724762,3.854592325749522e-08,1.9131080642270877e-07,3.2597666768732114e-08,3.616539074018625e-08,2.2968185809822807e-07,7.706951640885636e-10,0.00020696890723160687,0.0,0.0,-0.004386481204372138,0.0047091803755020135,0.00016134958556493793,-0.004368023377628407,0.004509397148030811,7.06868852012021e-05,True,0.008877420525659218,True,0.009095661579874152,False,0.0001312093980898505,0.05722585559635402,0.014430426176507648,0.9283437182271383,295.19079998135567,59.1061000013724,0.0
74,23,0.005623004634666388,0.005623004634666388,3.257568395584668,2.00000000002,1.4575362907615832,0.18237403797425628,0.004839792856398335,0.012099482140995838,0.011435604695076514,0.00023944479944594367,0.0001656835790992612,True,2.415938209590864e-05,5.9395013545487685e-05,0.0,0.0,4.383206687349561e-05,4.123054170194487e-07,4.123054170194487e-07,2.6187411218191097e-06,0.00020052712484662207,0.000199148810085998,0.001345496189230118,0.0034669490240765194,24.600525439002897,0.7077362683689151,0.003742051310837269,0.0035026065658242188,0.0037613622826118895,87498,0.006685308479146062,2.656659950463385e-08,8.672071072292742e-08,2.8424256620874858e-08,2.6225126321984817e-08,1.3045865502050848e-07,3.872018618629162e-09,0.0011724474616693036,0.0,0.0,-0.004342434031271994,0.004666177936782715,0.00016187195275536037,-0.00432207801302261,0.0044627259775242645,7.032398225082768e-05,True,0.008784803990546874,True,0.009008611968054709,False,0.00011473255063087077,0.05782357066023098,0.014279544819872718,0.9278968845198963,305.17070001224056,55.54090003715828,0.0
75,7,0.5482564216951955,0.005370640458706304,3.1725411261704597,2.00000000002,1.5047693359762753,0.1697871108620533,0.004599469985376743,0.011498674963441858,0.010963047856220026,0.0001723205781278011,0.00016577090803384726,True,1.224701326068465e-05,5.8766373541690316e-05,0.0,0.0,1.7469778193714165e-05,0.001229717762791855,0.001229717762791855,8.010574940916448e-05,0.0001890536664633619,0.00019351666350519753,3.6324949158260827e-06,0.0033279913110753913,24.778178162626048,0.71202169228919,0.0038674462120980024,0.003695125517116332,0.00351158087966476,86795,0.006753142049234046,1.9216160285997865e-08,5.3147009343952054e-08,1.8719847877178667e-08,1.9629970792651607e-08,1.3907689731236735e-07,7.471791316042537e-10,0.0006764341153374836,0.0,0.0,-0.004297737417169553,0.0046221966309357475,0.00016222960688309722,-0.004277786269037077,0.0044170247880972085,6.961925953006616e-05,True,0.008694811057134285,True,0.0089199340481053,False,0.00010169969115564705,0.05615820524147148,0.015004039975375902,0.9288377547831526,278.2662999816239,66.0432999720797,0.0
76,5,0.01675168605940243,0.004844399325466207,3.3359692217020864,2.0000000000199996,1.1678707559088386,0.14522242233647298,0.005478445409307998,0.013696113523269996,0.01330747881778135,0.0003723763759933097,0.0001684540959294247,True,0.00015826961725889753,6.0075626748495676e-05,0.0,0.0,0.00013866740956099426,-2.9349595767474504e-06,-2.9349595767474504e-06,-6.25727968588594e-06,-5.171415695840866e-05,0.00024095539649612817,0.00023299802002320404,0.0034662655760235306,24.601381658624422,0.7132647810548993,0.004039398394525051,0.003667021832897673,0.0035900925161991373,87501,0.006911053192594834,6.13924461251783e-08,3.2640459074838435e-07,3.596343050544299e-08,5.340067961522646e-08,2.5031606243550145e-07,1.5739130846842287e-08,0.0005243674422174148,0.0,0.0,-0.004264697235851524,0.004583599468738719,0.00015945111644359716,-0.0042378020660709965,0.004378857641710891,7.05277878199468e-05,True,0.008616659707781887,True,0.008848296704590242,False,0.00015305182124867843,0.05527043701923469,0.015344498271296412,0.9293850647094689,221.65100002894178,75.6417999509722,0.0
77,8,0.5327083115991003,0.004357355176415834,3.2662990700701,2.00000000002,1.2283757773435973,0.12167427098459098,0.005953304420887819,0.014883261052219546,0.014500662459252786,0.00036128242009549804,0.00017092625393155385,True,0.00013213026863140724,6.1011401318403615e-05,0.0,0.0,0.00010859903549725583,6.96323631693231e-05,6.96323631693231e-05,4.668352377917565e-06,0.0002760020502495848,0.0002759054332598959,1.9452954261830833e-05,0.003733255812605652,24.27912250042465,0.7093259281640211,0.0042922417633235455,0.003930959530522613,0.0036990640624130905,84856,0.006870827185259469,3.260923192284298e-08,2.727026654364687e-07,3.484738078308266e-08,2.6951701435628647e-08,3.090308023791593e-07,4.919092164567141e-09,0.0003515499831658882,0.0,0.0,-0.004231455785075305,0.004553346503444704,0.00016094535918469955,-0.0042053183577680404,0.004347362796983969,7.10222196079638e-05,True,0.00855268115475201,True,0.00878480228852001,False,0.00017589289854600987,0.05609240048326347,0.015321733785398254,0.9285858657313383,219.57499999552965,95.4440000350587,0.0
78,18,0.01380283252544233,0.004303453294749654,3.373078428727215,2.00000000002,1.3604883317268217,0.11920488970335193,0.006357863300071639,0.015894658250179095,0.015432567521496047,0.0004326420455320594,0.00017423911205307924,True,4.7762954671820303e-05,6.084154943831922e-05,0.0,0.0,5.4214071711220424e-05,0.0001657949899375945,0.0001657949899375945,0.00042898800878109043,0.0005650781154947599,0.00029668538975446393,0.0010712439400817955,0.00406088254434064,23.913795717220843,0.70150228804553,0.004584364127367735,0.004151722161510254,0.003987629826675318,81999,0.007702673037632655,8.004687026139717e-08,3.645928485045652e-07,7.567140225397051e-08,7.327933066500355e-08,4.135996919753633e-07,2.623518707569729e-09,0.00028872475624397773,0.0,0.0,-0.004197535252169262,0.004529657179559169,0.00016606096369495347,-0.004176744647689983,0.004318358108754711,7.080673053236453e-05,True,0.008495102756444694,True,0.00872719243172843,False,0.00019202457389710478,0.0528662110130372,0.016808236524517597,0.9303255524624452,246.8160999706015,106.56899999594316,0.0
79,19,0.5093097200947511,0.0051889728176888325,3.597451542594036,2.00000000002,1.300394074022703,0.1600860386091219,0.0057117603988366406,0.014279400997091601,0.013667258375371036,0.00030611435598151577,0.0001758875526021847,True,3.462977166896112e-05,6.0509754783010886e-05,6.693464969378749e-05,4.693653211458098e-06,3.0574606000351505e-05,4.775322182447279e-05,4.775322182447279e-05,3.348595443455511e-06,0.00022344791618130816,0.00022788669238974017,1.2009361653686156e-05,0.004330035731020685,23.635085198773297,0.689855428941474,0.004831398371607065,0.004525283971309476,0.004253027445542024,79620,0.008205071015333345,5.365234081555352e-08,1.779243226454519e-07,4.706002816793487e-08,5.166315434616673e-08,2.2162835837039608e-07,2.218873102218726e-09,0.00014214477943635452,0.0,0.0,-0.004163759267838131,0.0044973158690401974,0.0001667783006010329,-0.004142947269606511,0.004283542195872961,7.029746313322512e-05,True,0.008426489465479471,True,0.008661075136878329,False,0.0001565992730681959,0.05260098785921212,0.01708954747345304,0.9303094646673349,248.49590001394972,109.95219997130334,0.0
80,9,0.5212089428839092,0.0047219825862146875,3.4549507244857063,2.00000000002,1.2960294083774493,0.13869295963927122,0.006489673638721456,0.01622418409680364,0.015584223613430044,0.00040232200441674235,0.00017868303966162369,True,9.195403697243226e-05,6.090280831037865e-05,0.0,0.0,7.85442501712052e-05,0.000114135138986089,0.000114135138986089,7.820769423553065e-06,0.0002870547691032592,0.00028263462477920963,2.4679293830300926e-05,0.004332151464052837,23.632963676394194,0.6920949935303976,0.004973189439624548,0.004570867758673287,0.004233643757883833,77406,0.008694176645571464,7.691310984776009e-08,3.1386785005723394e-07,9.826869292866313e-08,7.188982979618279e-08,3.6921859918194884e-07,3.265947927397514e-09,0.00019913228014301803,0.0,0.0,-0.004135814412320288,0.004472340802868087,0.0001682631952738999,-0.004114008879995003,0.004254809975937402,7.040054797119989e-05,True,0.008368818855932405,True,0.008608155215188375,False,0.00020013828360209552,0.05044895024704576,0.018011852400696277,0.9315391973522579,210.13080002740026,104.80950004421175,0.0
81,8,0.556312427017087,0.004118406143313999,3.0787066061583177,2.00000000002,1.2700256661775817,0.10997465343709663,0.0071003795244883984,0.017750948811220996,0.01720666322482391,0.00038614816752199893,0.0001812131021965063,True,6.0995813645988436e-05,6.090395652439853e-05,-2.6141494878804896e-09,-1.6782382915769356e-10,9.105172618746753e-05,0.0005150018106391403,0.0005150018106391403,3.306221632898341e-05,0.00031013599370237945,0.00030616908223884536,2.3205186548517206e-05,0.00415802657216893,23.81112739605448,0.7011057451478042,0.004769949708133936,0.004383801270842839,0.00408341964107304,76392,0.008025896637095138,8.221186333657724e-08,2.606286221741569e-07,9.210067804394534e-08,8.084252937586878e-08,4.869090729728542e-07,1.1668219372917749e-08,0.00031030036344769247,0.0,0.0,-0.00411447758028829,0.004454464282992881,0.00016999335135229598,-0.004091266579362642,0.004232577580940012,7.065550078868467e-05,True,0.008323844160302653,True,0.00856894186328117,False,0.0002480530999902965,0.04723199593727578,0.019322020184466795,0.9334459838782575,251.83010002365336,96.14639997016639,0.0
82,27,0.53391941339045,0.00421619183212772,3.3258928495506366,2.00000000002,1.2991058058375082,0.11465961183713944,0.006663975742214459,0.016659939355536148,0.01603066589333179,0.00041062353807971944,0.00018397708335172577,True,0.00011029426535888956,6.150627736384354e-05,0.0,0.0,7.11190817818494e-05,4.444363064177581e-05,4.444363064177581e-05,2.9728690943099453e-06,0.0002849205134646222,0.0002856369416344167,1.9172546954310462e-05,0.004146495835791099,23.82318766431149,0.7157104405945562,0.004798421636223793,0.004387797819093827,0.004044745668730251,74457,0.008367719948158239,1.498439523378064e-07,3.699777304569375e-07,1.480958242972146e-07,1.4662602908038407e-07,4.6071703939086454e-07,1.3022000517848416e-08,6.287668454383542e-05,0.0,0.0,-0.004090408466391143,0.004433164498303261,0.00017137801595605895,-0.004065212609281424,0.004206534917712286,7.066115421543058e-05,True,0.00827174752699371,True,0.008523572964694404,False,0.00022218565226694788,0.04373620276905821,0.020818487771918977,0.9354453094590228,269.2763999802992,85.96480003325269,0.0
83,15,0.5452525680104067,0.004057287792813972,3.213932967591985,2.00000000002,1.3261888937466193,0.10728702455295407,0.006922937358255052,0.01730734339563763,0.016665436813782207,0.0002975950607810719,0.00018532967832112274,True,7.657044705180979e-05,6.168777338418048e-05,0.0,0.0,0.00010439447150804096,0.00040340636624115945,0.00040340636624115945,2.6423296410084168e-05,0.00034386754485095594,0.00032603457757411755,3.981825831969864e-05,0.0037480171988228663,24.261984248982593,0.730076842442835,0.0043589090928435326,0.004061313910976794,0.0037463385188553425,76413,0.007924103276586467,1.0113330760031092e-07,1.664950931301804e-07,9.241965084771587e-08,1.0675051273008264e-07,5.194901586689574e-07,6.62265713868702e-09,0.000190701017701653,0.0,0.0,-0.0040680933009755605,0.0044149562264327955,0.00017343146272861724,-0.004041931707339454,0.004184066866789414,7.10675797249801e-05,True,0.008225998574128868,True,0.008483049527408356,False,0.00023810149616833022,0.04037534083713694,0.022266712571941027,0.9373579465909221,268.25429999735206,72.69840000662953,0.0
84,15,0.06145783545985003,0.004648108797844496,3.4210053947009165,2.0000000000199996,1.3718010902356472,0.13549514678285518,0.005893576619006863,0.014733941547517159,0.014047709220717875,0.00027171088952276815,0.00018634592786467152,True,8.087761635329888e-05,6.191622389571761e-05,0.0017688041263123199,0.0010278848167536792,0.00035982797601286705,0.0021690888318522503,0.0021690888318522503,0.001260497668048307,0.0005581650974824034,0.00025318047218260084,0.0004171992307356287,0.003261144619619525,24.86629941424011,0.7430100198334949,0.003906887024641037,0.003635176200674037,0.0036180633190864737,76241,0.006896646798389267,1.0442009218161576e-07,1.9201941467561364e-07,1.0333602035378979e-07,1.052358258804124e-07,3.1246705838600156e-07,5.835724021021264e-09,0.00016074251763384026,0.0,0.0,-0.004035061010955418,0.004390976492524507,0.00017795774078454413,-0.004004411367136518,0.004153421774117142,7.450520349031209e-05,True,0.00815783314125366,True,0.008426037503479925,False,0.00016995529888717362,0.03637941335221195,0.02389579863564995,0.939724788012138,283.3676000009291,77.3854999570176,0.0
85,10,0.5212843009313327,0.0045235886742761005,3.4473983084222497,2.00000000002,1.2207182029749835,0.12978151339731753,0.005933977971669969,0.014834944929174924,0.014407282420546612,0.00034716276308792426,0.0001882158910649419,True,6.375361493335883e-05,6.193784026086633e-05,0.0,0.0,0.00010537494866779571,3.787938857767649e-05,3.787938857767649e-05,2.595196716894404e-06,0.00027888420060545897,0.000279530717343344,1.912394450850228e-05,0.003251424811384889,24.87926284521899,0.7506169104391294,0.0036808582954108715,0.0033336955788949925,0.00378380965002889,77032,0.006669730712008235,6.626121994893943e-08,2.5800266623784785e-07,6.62150238749967e-08,6.439634182074725e-08,3.256105302476163e-07,1.4347340594671252e-08,0.00021408554000100402,0.0,0.0,-0.004006434926469954,0.0043646975350116225,0.00017913130427083386,-0.003972884940508517,0.004122621694434493,7.486837696298836e-05,True,0.00809550663494301,True,0.008371132461481577,False,0.00017378121161508174,0.03537358229757138,0.023513847908560866,0.9411125697938678,329.40200000302866,75.51150000654161,0.0
86,1,0.02398805672932998,0.004834210237167148,3.599372721849979,2.00000000002,1.4091475861707832,0.14489013780384133,0.005302738761015022,0.013256846902537556,0.012736421419853736,0.00030851063324206036,0.0001895985892508858,True,3.886801204224667e-05,6.166958644437075e-05,0.0,0.0,3.7736390805628336e-05,0.00021422075113277736,0.00021422075113277736,0.00031893959557509355,0.00012929088193187427,0.00025138894745133404,0.0002521751853901153,0.0028211454834833017,25.49574517160888,0.7645972433938892,0.0032953666523098946,0.00298685592424589,0.00337221945703475,77173,0.006065995226951895,5.909807860901268e-08,2.5804498022672156e-07,6.89349570962413e-08,5.6383264119973384e-08,2.4463165056752107e-07,1.9123266853132688e-09,0.00019894864739475663,0.0,0.0,-0.003976001841945705,0.004333118693651995,0.00017855842585314465,-0.0039408945633299195,0.004089767782694096,7.443660968208882e-05,True,0.008030662346024016,True,0.0083091205355977,False,0.00014012399931048722,0.03218492833161565,0.02489163371442462,0.9429234379539597,221.59229998942465,89.87219998380169,0.0
87,17,0.4879154270139215,0.00556662439630979,3.862198113578386,2.00000000002,1.2186008920436002,0.17997774904109742,0.00468399384617025,0.011709984615425625,0.011163314640200017,0.000265198649596537,0.00019045768084572273,True,7.004734345971552e-05,6.176588250201839e-05,0.0,0.0,7.299250366535384e-05,-2.392250037294363e-06,-2.392250037294363e-06,-1.7510719399635582e-07,0.00020750648665837426,0.0002076987177993765,1.5605383300889272e-05,0.002685685617983742,25.709448265019294,0.7714555671434625,0.0030994571279734373,0.002834258493810716,0.0032177812629793426,76704,0.005421640867300516,2.530542476087389e-08,1.4136191162922286e-07,3.188549654817298e-08,2.3671847135585337e-08,1.487316783683546e-07,1.417757886672502e-09,0.00014203543206231934,0.0,0.0,-0.0039408582752286595,0.004298633037407795,0.0001788873810895677,-0.003906813317992695,0.004055653339517407,7.442001076235624e-05,True,0.007962466657510102,True,0.008239491312636455,False,0.00010300745348146601,0.03531611633518821,0.02316653014779126,0.9415173535170205,209.0450000250712,71.22480001999065,0.0
88,17,0.050246845601198915,0.005010972982418185,2.892942490423308,2.00000000002,1.4603461107118456,0.15273002166379937,0.004599289940158906,0.011498224850397264,0.010760173550824426,0.00019698875282513854,0.0001905310636769521,True,4.748647670137872e-05,6.160361652701112e-05,0.0005511402243379947,0.0003917376146727309,-5.772584072967729e-05,0.0006337774953962891,0.0006337774953962891,0.00045047425921056,1.012431878846912e-05,0.00018835749695489054,-6.372716576823068e-05,0.003001274800765452,25.22694238166543,0.7487631233097307,0.0032839966006577015,0.003087007845408336,0.0033923842490529844,74607,0.005796583475324817,4.164286329133572e-08,3.9416559220623485e-08,3.825511985855446e-08,4.3193927450052245e-08,1.5171812909671266e-07,2.656037421453548e-09,0.0013619613201429643,0.0,0.0,-0.003908647892178769,0.004262630225991587,0.00017699116690640928,-0.003873189924963712,0.004019026631681787,7.291835335903768e-05,True,0.0078922165566455,True,0.008171278118170356,False,0.0001026204967212805,0.03355432121152377,0.023904436521864414,0.9425412422666118,300.0545999966562,86.46899997256696,0.0
89,9,0.5323400243000883,0.0050964269722329255,3.334643559805817,2.00000000002,1.4461495769254349,0.15632262951730172,0.004810365583014747,0.012025913957536868,0.01145878467798938,0.00022197286923316596,0.00019088041707202117,True,4.926539501948116e-05,6.146498482467933e-05,0.0,0.0,4.4302775298399655e-05,6.92495561945614e-05,6.92495561945614e-05,4.645899843378805e-06,0.00020013036014031107,0.00020716959942424878,7.062021031950142e-06,0.003423390162876718,24.655436016134516,0.73081938587583,0.003795590717345476,0.0035736180058715057,0.0034791984765157936,68122,0.006331302385859801,3.269404505449968e-08,1.1898601718822237e-07,4.036554813795878e-08,3.213404248134335e-08,1.7505528276891136e-07,3.788448815182057e-10,0.00011616518914668304,0.0,0.0,-0.0038760431119802315,0.004230539650087137,0.0001772482690534526,-0.003833462689121484,0.003978656349141568,7.259683001004174e-05,True,0.007812119038263052,True,0.008106582762067369,False,0.0001114143541454039,0.03994280992179971,0.0214943753680786,0.9385628147101217,303.385499981232,74.32610000250861,0.0
90,8,0.0761746070632626,0.005590327579538789,3.539640342189857,2.00000000002,1.3246667079078116,0.18098389506267132,0.004585846174547841,0.011464615436369601,0.01089200430019961,0.00020753564782915822,0.00019106344158583582,True,6.500104664696209e-05,6.150427440048248e-05,0.0004545016818514749,0.0002130920466683367,2.3379328095532e-05,0.0012139596012730753,0.0012139596012730753,0.000569162109486962,0.00011932855391959962,0.00017633373350968534,1.2868389196234793e-06,0.0038471383354975793,24.148621970404452,0.7163482072600528,0.004282291512936354,0.004074755689467232,0.0035003574595799235,63189,0.0072345612934214395,1.531960889997748e-08,5.685322531762183e-08,1.4864503489849541e-08,1.5882156021614576e-08,1.1230135257245749e-07,2.575418485503816e-09,0.00039068702718945877,0.0,0.0,-0.0038433695049783904,0.004196593082313123,0.00017661178866736632,-0.0037991935469892397,0.003943293484744557,7.20499688776583e-05,True,0.007742487031733796,True,0.008039962587291513,False,9.719363722754692e-05,0.03822408959243367,0.022230135453939828,0.9395457749536265,305.59840000933036,65.01670001307502,0.0
91,14,0.540728521400435,0.004922103381973626,3.1849825977389905,2.00000000002,1.187203510487755,0.14923234238030447,0.004973288347467125,0.012433220868667811,0.012085032433063048,0.00022381738814304482,0.00019141946274406634,True,5.445746205850484e-05,6.142683690221898e-05,7.997880154896827e-05,5.282476615452509e-06,8.892653878039655e-05,0.00096636506407875,0.00096636506407875,6.382692356124851e-05,0.00025120828130384903,0.00022139996051416823,4.347552257032588e-05,0.0038332670750654426,24.164309211092206,0.7138094321471856,0.004431343171745539,0.004207525783678841,0.003339240543499917,61721,0.0074432918690001655,1.919417333431992e-08,6.001942818627628e-08,1.8185600140603148e-08,2.108038833315796e-08,2.1821089911449675e-07,1.0787140166982569e-08,0.0006114189581427409,0.0,0.0,-0.0038122858878532574,0.004167131128071392,0.0001774226201090672,-0.0037661781230882807,0.003910648974467833,7.22354256897763e-05,True,0.007676827097556113,True,0.00797941701592465,False,0.00011771140627193084,0.04242260729376595,0.020588437104373115,0.936988955601861,268.4827000484802,68.1394999846816,0.0
92,21,0.5467930012094493,0.004556739119973452,3.087845563158964,2.00000000002,1.1560917691933579,0.13182347866617092,0.0049344839057021885,0.012336209764255472,0.01204707515717969,0.0002596741390024812,0.00019215338399415684,True,0.00014212267220753508,6.230396554684199e-05,2.446231898039196e-05,1.5977787706998453e-06,0.00010957434320822191,0.0005889500945307128,0.0005889500945307128,3.846781487875775e-05,0.00024170122974994773,0.00022476886451534172,3.136770039353464e-05,0.0036905829410985515,24.329050300179293,0.7166403904848748,0.004304714500904083,0.0040450404394427415,0.0031653110169996283,61558,0.0074861359594544045,6.593118947836094e-08,2.016107318192758e-07,6.114030708515171e-08,6.443277076126345e-08,2.850882769136766e-07,9.393142071034687e-09,0.000688680481610416,0.0,0.0,-0.0037820162402273337,0.00413824381613667,0.00017811378795466807,-0.0037366765646600184,0.0038819591316377982,7.264128348888985e-05,True,0.007618635696297817,True,0.007920260056364004,False,0.0001184033955107418,0.04094897527675435,0.021218211105135002,0.9378328136181106,203.55959999142215,67.20900000073016,0.0
93,17,0.00795690141828096,0.004387146996348292,3.3673932071576194,2.00000000002,1.2081950732284155,0.12381575536781168,0.004880654470401221,0.012201636176003054,0.011901276555590643,0.00031473855151464364,0.00019345748152097052,True,7.216947937521129e-05,6.241004634069542e-05,0.0,0.0,7.64884475598031e-05,1.4625564898496432e-05,1.4625564898496432e-05,6.564635855832664e-05,0.00020567284057700476,0.0002466497730025126,0.0011073565776304388,0.0036507891628330025,24.376132473192836,0.7233409022482811,0.004008025862276554,0.003693287439369036,0.0032938452298086496,64094,0.007232705329342665,3.040218940883488e-08,2.067422940666124e-07,2.6332423953991457e-08,2.8156836881444997e-08,2.944321525556223e-07,3.4925338982202373e-10,0.00038843095626819266,0.0,0.0,-0.00375242758025447,0.004109241518985558,0.00017840696936554398,-0.0037078684333149,0.0038532337350038826,7.268265084449106e-05,True,0.007561102168318783,True,0.007861669099240028,False,0.000115588706653335,0.039188713349553844,0.022018998308157213,0.9387922883422889,263.0358000169508,90.80029994947836,0.0
94,27,0.006458368220547661,0.004791290086737602,3.368102070383866,2.00000000002,1.5071544259208942,0.14335503139786138,0.004555953851378487,0.011389884628446218,0.010983180915846533,0.0002813278929920361,0.00019438243322066596,True,2.5182514077492083e-05,6.201400876342729e-05,0.0,0.0,2.0422893824415692e-05,-2.1485702399395644e-05,-2.1485702399395644e-05,-0.0001188143023221832,7.83432107876586e-05,0.00020091681730999918,0.0010333370715596478,0.0033172254333434844,24.792250135181053,0.7435677795197317,0.003720379201695323,0.003439051298925276,0.0030712604537771696,65137,0.006918944073640314,3.255191006392316e-08,1.657366127006889e-07,3.1998048786327004e-08,3.0209681340341085e-08,1.826767553323808e-07,6.301319557603952e-10,0.00036870173633650043,0.0,0.0,-0.0037233311731776873,0.0040780385064650305,0.00017735366664367152,-0.003678660652002971,0.003822914043968122,7.212669598257537e-05,True,0.007501574695971093,True,0.007801369679642718,False,0.00010244266121080042,0.03748090199541296,0.02284909715003658,0.9396700008545504,279.9529999610968,109.33040000963956,0.0
95,27,0.04548374650877238,0.005412352721355576,3.7019985026216053,2.00000000002,1.4682690399265448,0.1718523984297429,0.00405301078636572,0.0101325269659143,0.009726847994938377,0.00022270873986073917,0.0001946774989148334,True,5.777035051351092e-05,6.196933867658607e-05,0.0010146674219419017,0.0007967268528598801,0.00036924841278144333,0.0010134210674988056,0.0010134210674988056,0.000795748203076195,0.00045382158748102415,0.0001727560110584747,0.0004014756470068761,0.003110163135967051,25.072168305255254,0.7536655024223041,0.003433355363085866,0.003210646346442765,0.002984763208739151,65893,0.006314988555944148,3.2807457545858055e-08,1.0913391365011714e-07,3.667168143646797e-08,3.186161788551055e-08,1.202947843819593e-07,1.0020952907860265e-08,0.00014718220752302113,0.0,0.0,-0.0036883449102125356,0.0040488119918506565,0.00018023354081906064,-0.003643582742087399,0.003794091328090421,7.525429300151083e-05,True,0.00743767407017782,True,0.007737156902063192,False,7.87649953346021e-05,0.03486244862151127,0.02399574093707028,0.9411418104414185,326.91760000307113,105.09739996632561,0.0
96,8,0.04720667406564322,0.007334871164765031,4.289092641213112,2.0000000000199996,1.4748550990618816,0.26464899903826833,0.00275747604982421,0.006893690124560524,0.006344052876818566,9.571876976570359e-05,0.00019365730583082176,True,9.568072733297835e-06,6.142349215634348e-05,0.0,0.0,7.275123375609712e-06,0.0008326220660493641,0.0008326220660493641,0.0006299215724784123,0.0004569257216884005,9.029859589471153e-05,0.0004286543845802024,0.0027415832348852494,25.619985643336193,0.7687820373882793,0.0030180697795003653,0.002922351376916908,0.002785776592186543,62484,0.00587603980518976,2.3078119855601792e-08,3.7229699098213136e-08,2.4792938191664503e-08,2.3067103608900074e-08,4.343437029826094e-08,1.0222696956742802e-10,6.798403217125197e-05,0.0,0.0,-0.0036494440010475713,0.004015616076105679,0.00018308603752905384,-0.0036085301402686127,0.0037576224935710945,7.454617665124101e-05,True,0.007366152633839707,True,0.00766506007715325,False,3.583227806729362e-05,0.0334638280488745,0.024415391626868073,0.9421207803242575,297.82839998370036,74.88500000908971,0.0
97,1,0.05045225733074872,0.0067869567302806695,4.078454481090733,2.00000000002,1.1329325970708466,0.23875549389256828,0.0031472082284124663,0.007868020571031167,0.007559357741978794,0.00015272140344599417,0.00019323959254118064,True,6.592518243939461e-05,6.146990133451926e-05,2.7488361250947892e-05,1.9458538417775177e-05,4.0773341160920895e-05,0.0003707288247273015,0.0003707288247273015,0.0002624325623734328,0.00025848874146060106,0.00013747207322818795,0.00021867015677141615,0.0025814730916949627,25.881323975155773,0.7669812854169731,0.0030388357117772102,0.0028861142732255094,0.002485846078717487,63325,0.0052632971306507195,5.815196468335216e-09,3.979461598086207e-08,5.6135226175157305e-09,5.942365529552223e-09,6.155254942008345e-08,2.048161639891862e-09,0.00020938491744417454,0.0,0.0,-0.003614552809146619,0.003982263714897207,0.00018385545287529412,-0.0035753053728572724,0.0037237013790362423,7.419800308948514e-05,True,0.007299006751893515,True,0.007596816524043827,False,4.712026832940453e-05,0.031258257632067965,0.02579538209756192,0.9429463602703702,272.54450001055375,66.31869997363538,0.0
98,14,0.5315414051489894,0.005415610887290181,3.1660213986798635,2.0000000000199996,1.1356076620046183,0.17412356587989253,0.0033009591092407775,0.008252397773101943,0.008037278084925064,0.00017183737421138078,0.00019302340851764732,True,7.493490954094131e-05,6.160729937744194e-05,0.0,0.0,9.409910981845882e-05,0.0008635667371644285,0.0008635667371644285,5.802307945473985e-05,0.0001962621223668061,0.0001762020161511907,3.09685920535703e-05,0.0024964769580324113,26.026724380388963,0.7539808947131478,0.00312347081489861,0.002951633229627095,0.0021894633392252733,63194,0.005166692312296611,1.0847738749055036e-08,3.311542836874864e-08,9.269273851385268e-09,1.1909852624121721e-08,1.4818525879848158e-07,3.83016853578841e-09,0.0006773286518341898,0.0,0.0,-0.0035816469471271115,0.003949608492665407,0.00018398077276914778,-0.0035422720438134233,0.003691074195027679,7.440107560712772e-05,True,0.007233346238841102,True,0.007531255439792519,False,5.340221723315433e-05,0.031091120159427627,0.026148116153940987,0.9427607636866314,248.181399947498,82.38560002064332,0.0
99,8,0.06734011619388428,0.006038469523995347,3.7626014395868603,2.00000000002,1.1642963962222945,0.20298948831908284,0.0032836232515485223,0.008209058128871306,0.007971940563242562,0.00020888833079035332,0.0001931820577403744,True,0.00012992170347756374,6.229734386330175e-05,0.0,0.0,8.176282307309204e-05,0.00033077421002596,0.00033077421002596,0.00017542833769058978,5.3245592153305105e-05,0.00015560595536005852,-2.6401666633571407e-05,0.0027115799680070907,25.667775831326047,0.7362863898976177,0.0030754506587982178,0.0028665623158750904,0.0023674223462532605,60398,0.005135650519690043,1.5376740203722686e-08,8.40794770252572e-08,1.38611329775936e-08,1.4733979621730986e-08,9.133155304367083e-08,1.1147451566454576e-08,0.00048026779426386555,0.0,0.0,-0.003551011167411272,0.003916358009337251,0.00018267342096298935,-0.0035102336791684803,0.0036591845525537656,7.447543669264252e-05,True,0.007169418231722246,True,0.007467369176748523,False,5.522185656164255e-05,0.030227879489624594,0.02649871667082713,0.9432734038395484,270.5048000207171,110.73780001606792,0.0
