dataset,regime,height,width,factor,fovea,preview_kernel,study,target,baseline,metric,source_clusters,clips,reduction_pct,ci_low,ci_high,target_mean,baseline_mean,paired_p,positive_reduction_favors_target,effect_type,holm_p,target_display,baseline_display,evidence_scope
DAVIS,clean,256,448,4,64,bicubic,neural_native,PEM_R9_TwinAudit,BasicVSRpp2022_causal_memory,mse,10,10,-74.88212903910258,-114.87310850463079,-56.31445600552206,0.001773275875140469,0.0010139834669693295,0.001953125,True,percent_reduction,0.029296875,TwinAudit (ours),BasicVSR++ causal (CVPR 2022) + patch + memory,NATURAL VIDEO WITH SIMULATED SENSING
DAVIS,clean,256,448,4,64,bicubic,neural_native,PEM_R9_TwinAudit,BasicVSRpp2022_causal_memory,ssim,10,10,7.940542949546625,6.608677495027152,9.244967849462123,0.8158175802471239,0.8861855222543985,0.001953125,False,percent_reduction,0.03125,TwinAudit (ours),BasicVSR++ causal (CVPR 2022) + patch + memory,NATURAL VIDEO WITH SIMULATED SENSING
DAVIS,clean,256,448,4,64,bicubic,neural_native,PEM_R9_TwinAudit,BasicVSRpp2022_causal_memory,augmented_pqv,10,10,82.12650829958254,66.2762283753608,97.02732678081286,1.213664965229687e-09,6.790307040013565e-09,0.001953125,True,percent_reduction,0.03239838008099595,TwinAudit (ours),BasicVSR++ causal (CVPR 2022) + patch + memory,NATURAL VIDEO WITH SIMULATED SENSING
DAVIS,clean,256,448,4,64,bicubic,neural_native,PEM_R9_TwinAudit,BasicVSRpp2022_causal_memory,augmented_squared_error,10,10,87.35323796975129,83.27349280238818,99.25841676714731,1.7158364216085626e-09,1.3567397073690476e-08,0.00390625,True,percent_reduction,0.078125,TwinAudit (ours),BasicVSR++ causal (CVPR 2022) + patch + memory,NATURAL VIDEO WITH SIMULATED SENSING
DAVIS,clean,256,448,4,64,bicubic,neural_native,PEM_R9_TwinAudit,BasicVSRpp2022_causal_memory,write_pqv,10,10,70.53345426362971,47.790130124759244,81.45241344118772,4.021799466651153e-11,1.3648696737762113e-10,0.005859375,True,percent_reduction,0.0234375,TwinAudit (ours),BasicVSR++ causal (CVPR 2022) + patch + memory,NATURAL VIDEO WITH SIMULATED SENSING
DAVIS,clean,256,448,4,64,bicubic,neural_native,PEM_R9_TwinAudit,BasicVSRpp2022_causal_memory,write_squared_error,10,10,74.41264513160179,-137.4815075044367,94.97171958647631,2.691762643394249e-11,1.0519894132232965e-10,0.470703125,True,percent_reduction,1.0,TwinAudit (ours),BasicVSR++ causal (CVPR 2022) + patch + memory,NATURAL VIDEO WITH SIMULATED SENSING
DAVIS,clean,256,448,4,64,bicubic,neural_native,PEM_R9_TwinAudit,BasicVSRpp2022_causal_memory,cs_final_width,10,10,63.322494159747734,53.16617311590971,71.87109434407863,0.01059831591562527,0.028895955907650605,0.001953125,True,percent_reduction,0.029296875,TwinAudit (ours),BasicVSR++ causal (CVPR 2022) + patch + memory,NATURAL VIDEO WITH SIMULATED SENSING
DAVIS,clean,256,448,4,64,bicubic,neural_native,PEM_R9_TwinAudit,BasicVSRpp2022_causal_memory,write_cs_final_width,10,10,15.543399998232843,8.263139877324349,22.580749984259054,0.009634977039650184,0.011408199050694182,0.00390625,True,percent_reduction,0.015625,TwinAudit (ours),BasicVSR++ causal (CVPR 2022) + patch + memory,NATURAL VIDEO WITH SIMULATED SENSING
DAVIS,clean,256,448,4,64,bicubic,neural_native,PEM_R9_TwinAudit,BasicVSRpp2022_causal_memory,online_total_ms_mean,10,10,97.7866085073708,97.68692209018465,97.88116077591975,334.1101371100269,15094.940873435346,0.001953125,True,percent_reduction,0.025390625,TwinAudit (ours),BasicVSR++ causal (CVPR 2022) + patch + memory,NATURAL VIDEO WITH SIMULATED SENSING
DAVIS,clean,256,448,4,64,bicubic,neural_native,PEM_R9_TwinAudit,BasicVSRpp2022_causal_memory,psnr_db,10,10,-2.7056354091777974,-3.3680170818591173,-2.1179503089721448,28.305571985449337,31.01120739462713,0.001953125,True,difference_dB,0.029296875,TwinAudit (ours),BasicVSR++ causal (CVPR 2022) + patch + memory,NATURAL VIDEO WITH SIMULATED SENSING
DAVIS,clean,256,448,4,64,bicubic,neural_native,PEM_R9_TwinAudit,BasicVSRpp2022_causal_memory_R9,mse,10,10,-78.09713311386825,-122.54062946188635,-58.05232758299192,0.001773275875140469,0.0009956790680098744,0.001953125,True,percent_reduction,0.029296875,TwinAudit (ours),BasicVSR++ causal (CVPR 2022) + TwinAudit gaze (ours),NATURAL VIDEO WITH SIMULATED SENSING
DAVIS,clean,256,448,4,64,bicubic,neural_native,PEM_R9_TwinAudit,BasicVSRpp2022_causal_memory_R9,ssim,10,10,7.9023615259052775,6.695395235283016,9.143181008548016,0.8158175802471239,0.8858181314568642,0.001953125,False,percent_reduction,0.03125,TwinAudit (ours),BasicVSR++ causal (CVPR 2022) + TwinAudit gaze (ours),NATURAL VIDEO WITH SIMULATED SENSING
DAVIS,clean,256,448,4,64,bicubic,neural_native,PEM_R9_TwinAudit,BasicVSRpp2022_causal_memory_R9,augmented_pqv,10,10,78.61244723475502,67.59025262982054,95.17306785340294,1.213664965229687e-09,5.674632243114355e-09,0.001953125,True,percent_reduction,0.03239838008099595,TwinAudit (ours),BasicVSR++ causal (CVPR 2022) + TwinAudit gaze (ours),NATURAL VIDEO WITH SIMULATED SENSING
DAVIS,clean,256,448,4,64,bicubic,neural_native,PEM_R9_TwinAudit,BasicVSRpp2022_causal_memory_R9,augmented_squared_error,10,10,50.94170334524458,-183.90388176106484,98.52058169152534,1.7158364216085626e-09,3.497545855869498e-09,0.484375,True,percent_reduction,1.0,TwinAudit (ours),BasicVSR++ causal (CVPR 2022) + TwinAudit gaze (ours),NATURAL VIDEO WITH SIMULATED SENSING
DAVIS,clean,256,448,4,64,bicubic,neural_native,PEM_R9_TwinAudit,BasicVSRpp2022_causal_memory_R9,write_pqv,10,10,88.96374500993537,69.55908429345078,94.52082243504447,4.021799466651153e-11,3.644170481990287e-10,0.001953125,True,percent_reduction,0.0234375,TwinAudit (ours),BasicVSR++ causal (CVPR 2022) + TwinAudit gaze (ours),NATURAL VIDEO WITH SIMULATED SENSING
DAVIS,clean,256,448,4,64,bicubic,neural_native,PEM_R9_TwinAudit,BasicVSRpp2022_causal_memory_R9,write_squared_error,10,10,96.79469204222366,78.1121789531321,99.14402805685557,2.691762643394249e-11,8.397828473435171e-10,0.005859375,True,percent_reduction,0.140625,TwinAudit (ours),BasicVSR++ causal (CVPR 2022) + TwinAudit gaze (ours),NATURAL VIDEO WITH SIMULATED SENSING
DAVIS,clean,256,448,4,64,bicubic,neural_native,PEM_R9_TwinAudit,BasicVSRpp2022_causal_memory_R9,cs_final_width,10,10,65.69436571049634,58.68017118842895,72.19806827718227,0.01059831591562527,0.030893805449526378,0.001953125,True,percent_reduction,0.029296875,TwinAudit (ours),BasicVSR++ causal (CVPR 2022) + TwinAudit gaze (ours),NATURAL VIDEO WITH SIMULATED SENSING
DAVIS,clean,256,448,4,64,bicubic,neural_native,PEM_R9_TwinAudit,BasicVSRpp2022_causal_memory_R9,write_cs_final_width,10,10,34.504588513807775,26.826753360972578,41.782992361488716,0.009634977039650184,0.014710919163675206,0.001953125,True,percent_reduction,0.015625,TwinAudit (ours),BasicVSR++ causal (CVPR 2022) + TwinAudit gaze (ours),NATURAL VIDEO WITH SIMULATED SENSING
DAVIS,clean,256,448,4,64,bicubic,neural_native,PEM_R9_TwinAudit,BasicVSRpp2022_causal_memory_R9,online_total_ms_mean,10,10,97.78624119972302,97.68430399437058,97.88012612585122,334.1101371100269,15092.436315475028,0.001953125,True,percent_reduction,0.025390625,TwinAudit (ours),BasicVSR++ causal (CVPR 2022) + TwinAudit gaze (ours),NATURAL VIDEO WITH SIMULATED SENSING
DAVIS,clean,256,448,4,64,bicubic,neural_native,PEM_R9_TwinAudit,BasicVSRpp2022_causal_memory_R9,psnr_db,10,10,-2.8562000370045526,-3.5528629985377367,-2.235350874482471,28.305571985449337,31.161772022453885,0.001953125,True,difference_dB,0.029296875,TwinAudit (ours),BasicVSR++ causal (CVPR 2022) + TwinAudit gaze (ours),NATURAL VIDEO WITH SIMULATED SENSING
DAVIS,clean,256,448,4,64,bicubic,neural_native,PEM_R9_TwinAudit,BasicVSRpp2022_causal_patch,mse,10,10,-61.886542725004425,-110.29354876958408,-40.3088072248104,0.001773275875140469,0.0010953818923372283,0.001953125,True,percent_reduction,0.029296875,TwinAudit (ours),BasicVSR++ causal (CVPR 2022) + patch,NATURAL VIDEO WITH SIMULATED SENSING
DAVIS,clean,256,448,4,64,bicubic,neural_native,PEM_R9_TwinAudit,BasicVSRpp2022_causal_patch,ssim,10,10,7.308601534928528,5.988349534015581,8.643692063773917,0.8158175802471239,0.8801437822243509,0.001953125,False,percent_reduction,0.03125,TwinAudit (ours),BasicVSR++ causal (CVPR 2022) + patch,NATURAL VIDEO WITH SIMULATED SENSING
DAVIS,clean,256,448,4,64,bicubic,neural_native,PEM_R9_TwinAudit,BasicVSRpp2022_causal_patch,augmented_pqv,10,10,79.64191767991079,61.804492685277104,96.69998137622312,1.213664965229687e-09,5.961587865434905e-09,0.001953125,True,percent_reduction,0.03239838008099595,TwinAudit (ours),BasicVSR++ causal (CVPR 2022) + patch,NATURAL VIDEO WITH SIMULATED SENSING
DAVIS,clean,256,448,4,64,bicubic,neural_native,PEM_R9_TwinAudit,BasicVSRpp2022_causal_patch,augmented_squared_error,10,10,86.08400940315512,81.34665669956576,99.24086121524992,1.7158364216085626e-09,1.2329962496508059e-08,0.001953125,True,percent_reduction,0.04296875,TwinAudit (ours),BasicVSR++ causal (CVPR 2022) + patch,NATURAL VIDEO WITH SIMULATED SENSING
DAVIS,clean,256,448,4,64,bicubic,neural_native,PEM_R9_TwinAudit,BasicVSRpp2022_causal_patch,cs_final_width,10,10,61.135494922482536,48.76613717867301,70.82238633707267,0.01059831591562527,0.02726991092382709,0.001953125,True,percent_reduction,0.029296875,TwinAudit (ours),BasicVSR++ causal (CVPR 2022) + patch,NATURAL VIDEO WITH SIMULATED SENSING
DAVIS,clean,256,448,4,64,bicubic,neural_native,PEM_R9_TwinAudit,BasicVSRpp2022_causal_patch,online_total_ms_mean,10,10,97.77043881546906,97.6672525646519,97.8626644502327,334.1101371100269,14985.46617281186,0.001953125,True,percent_reduction,0.025390625,TwinAudit (ours),BasicVSR++ causal (CVPR 2022) + patch,NATURAL VIDEO WITH SIMULATED SENSING
DAVIS,clean,256,448,4,64,bicubic,neural_native,PEM_R9_TwinAudit,BasicVSRpp2022_causal_patch,psnr_db,10,10,-2.561000202277883,-3.2747553561751896,-1.8921697712368186,28.305571985449337,30.86657218772722,0.001953125,True,difference_dB,0.029296875,TwinAudit (ours),BasicVSR++ causal (CVPR 2022) + patch,NATURAL VIDEO WITH SIMULATED SENSING
DAVIS,clean,256,448,4,64,bicubic,neural_native,PEM_R9_TwinAudit,BasicVSRpp2022_offline_patch,mse,10,10,-80.19184145934501,-145.5146558291806,-53.76627588037322,0.001773275875140469,0.0009841044193671534,0.001953125,True,percent_reduction,0.029296875,TwinAudit (ours),"BasicVSR++ offline, non-causal (CVPR 2022) + patch",NATURAL VIDEO WITH SIMULATED SENSING
DAVIS,clean,256,448,4,64,bicubic,neural_native,PEM_R9_TwinAudit,BasicVSRpp2022_offline_patch,ssim,10,10,8.350262714806744,7.051844287717424,9.672985951363845,0.8158175802471239,0.8901472109063271,0.001953125,False,percent_reduction,0.03125,TwinAudit (ours),"BasicVSR++ offline, non-causal (CVPR 2022) + patch",NATURAL VIDEO WITH SIMULATED SENSING
DAVIS,clean,256,448,4,64,bicubic,neural_native,PEM_R9_TwinAudit,BasicVSRpp2022_offline_patch,augmented_pqv,10,10,83.13568586763832,68.3991966617391,97.32532198495967,1.213664965229687e-09,7.196645862405578e-09,0.001953125,True,percent_reduction,0.03239838008099595,TwinAudit (ours),"BasicVSR++ offline, non-causal (CVPR 2022) + patch",NATURAL VIDEO WITH SIMULATED SENSING
DAVIS,clean,256,448,4,64,bicubic,neural_native,PEM_R9_TwinAudit,BasicVSRpp2022_offline_patch,augmented_squared_error,10,10,87.07942083906451,83.45866626504359,99.05492942722711,1.7158364216085626e-09,1.3279872366683687e-08,0.001953125,True,percent_reduction,0.04296875,TwinAudit (ours),"BasicVSR++ offline, non-causal (CVPR 2022) + patch",NATURAL VIDEO WITH SIMULATED SENSING
DAVIS,clean,256,448,4,64,bicubic,neural_native,PEM_R9_TwinAudit,BasicVSRpp2022_offline_patch,cs_final_width,10,10,62.51431877771524,51.15648982583502,71.68586164952157,0.01059831591562527,0.02827297135879368,0.001953125,True,percent_reduction,0.029296875,TwinAudit (ours),"BasicVSR++ offline, non-causal (CVPR 2022) + patch",NATURAL VIDEO WITH SIMULATED SENSING
DAVIS,clean,256,448,4,64,bicubic,neural_native,PEM_R9_TwinAudit,BasicVSRpp2022_offline_patch,online_total_ms_mean,10,10,86.89488151303098,86.12125203713352,87.45391488417789,334.1101371100269,2549.4629250567014,0.001953125,True,percent_reduction,0.025390625,TwinAudit (ours),"BasicVSR++ offline, non-causal (CVPR 2022) + patch",NATURAL VIDEO WITH SIMULATED SENSING
DAVIS,clean,256,448,4,64,bicubic,neural_native,PEM_R9_TwinAudit,BasicVSRpp2022_offline_patch,psnr_db,10,10,-3.124413091432333,-3.9884915590671732,-2.3515412360067196,28.305571985449337,31.429985076881668,0.001953125,True,difference_dB,0.029296875,TwinAudit (ours),"BasicVSR++ offline, non-causal (CVPR 2022) + patch",NATURAL VIDEO WITH SIMULATED SENSING
DAVIS,clean,256,448,4,64,bicubic,neural_native,PEM_R9_TwinAudit,NanoSR2025_memory,mse,10,10,-35.13866806277479,-46.003883486096704,-26.44656217017446,0.001773275875140469,0.0013121898421529095,0.001953125,True,percent_reduction,0.029296875,TwinAudit (ours),NanoSR (NTIRE 2025) + patch + memory,NATURAL VIDEO WITH SIMULATED SENSING
DAVIS,clean,256,448,4,64,bicubic,neural_native,PEM_R9_TwinAudit,NanoSR2025_memory,ssim,10,10,4.499519717287647,3.2290911346064624,5.866706670088018,0.8158175802471239,0.854254950165737,0.001953125,False,percent_reduction,0.03125,TwinAudit (ours),NanoSR (NTIRE 2025) + patch + memory,NATURAL VIDEO WITH SIMULATED SENSING
DAVIS,clean,256,448,4,64,bicubic,neural_native,PEM_R9_TwinAudit,NanoSR2025_memory,augmented_pqv,10,10,71.10201547384094,56.84238675117383,93.51395636216742,1.213664965229687e-09,4.199825645733362e-09,0.001953125,True,percent_reduction,0.03239838008099595,TwinAudit (ours),NanoSR (NTIRE 2025) + patch + memory,NATURAL VIDEO WITH SIMULATED SENSING
DAVIS,clean,256,448,4,64,bicubic,neural_native,PEM_R9_TwinAudit,NanoSR2025_memory,augmented_squared_error,10,10,78.92720252625355,73.31626838161407,98.38247041283662,1.7158364216085626e-09,8.142423537958061e-09,0.0078125,True,percent_reduction,0.1171875,TwinAudit (ours),NanoSR (NTIRE 2025) + patch + memory,NATURAL VIDEO WITH SIMULATED SENSING
DAVIS,clean,256,448,4,64,bicubic,neural_native,PEM_R9_TwinAudit,NanoSR2025_memory,write_pqv,10,10,80.55194912274824,68.15748830201682,87.5278458405572,4.021799466651153e-11,2.067970457314785e-10,0.001953125,True,percent_reduction,0.0234375,TwinAudit (ours),NanoSR (NTIRE 2025) + patch + memory,NATURAL VIDEO WITH SIMULATED SENSING
DAVIS,clean,256,448,4,64,bicubic,neural_native,PEM_R9_TwinAudit,NanoSR2025_memory,write_squared_error,10,10,74.80820145117487,12.214417281681209,93.77417153380114,2.691762643394249e-11,1.0685075296141509e-10,0.0859375,True,percent_reduction,1.0,TwinAudit (ours),NanoSR (NTIRE 2025) + patch + memory,NATURAL VIDEO WITH SIMULATED SENSING
DAVIS,clean,256,448,4,64,bicubic,neural_native,PEM_R9_TwinAudit,NanoSR2025_memory,cs_final_width,10,10,58.49860078735291,48.41224861429704,67.06652793712645,0.01059831591562527,0.025537249626984993,0.001953125,True,percent_reduction,0.029296875,TwinAudit (ours),NanoSR (NTIRE 2025) + patch + memory,NATURAL VIDEO WITH SIMULATED SENSING
DAVIS,clean,256,448,4,64,bicubic,neural_native,PEM_R9_TwinAudit,NanoSR2025_memory,write_cs_final_width,10,10,24.59132841227167,16.848499880164976,31.819638425230263,0.009634977039650184,0.012777014681184407,0.001953125,True,percent_reduction,0.015625,TwinAudit (ours),NanoSR (NTIRE 2025) + patch + memory,NATURAL VIDEO WITH SIMULATED SENSING
DAVIS,clean,256,448,4,64,bicubic,neural_native,PEM_R9_TwinAudit,NanoSR2025_memory,online_total_ms_mean,10,10,27.804932602947098,26.769137409311362,28.683997633064937,334.1101371100269,462.78803962120236,0.0,True,percent_reduction,0.0,TwinAudit (ours),NanoSR (NTIRE 2025) + patch + memory,NATURAL VIDEO WITH SIMULATED SENSING
DAVIS,clean,256,448,4,64,bicubic,neural_native,PEM_R9_TwinAudit,NanoSR2025_memory,psnr_db,10,10,-1.2816915508976787,-1.668526636679869,-0.9122734465954808,28.305571985449337,29.587263536347017,0.001953125,True,difference_dB,0.029296875,TwinAudit (ours),NanoSR (NTIRE 2025) + patch + memory,NATURAL VIDEO WITH SIMULATED SENSING
DAVIS,clean,256,448,4,64,bicubic,neural_native,PEM_R9_TwinAudit,NanoSR2025_memory_R9,mse,10,10,-38.13837503535132,-50.39630621227069,-29.39475383171416,0.001773275875140469,0.0012836953342520974,0.001953125,True,percent_reduction,0.029296875,TwinAudit (ours),NanoSR (NTIRE 2025) + TwinAudit gaze (ours),NATURAL VIDEO WITH SIMULATED SENSING
DAVIS,clean,256,448,4,64,bicubic,neural_native,PEM_R9_TwinAudit,NanoSR2025_memory_R9,ssim,10,10,4.444764781898247,3.305048670217676,5.673852598737655,0.8158175802471239,0.8537654461161092,0.001953125,False,percent_reduction,0.03125,TwinAudit (ours),NanoSR (NTIRE 2025) + TwinAudit gaze (ours),NATURAL VIDEO WITH SIMULATED SENSING
DAVIS,clean,256,448,4,64,bicubic,neural_native,PEM_R9_TwinAudit,NanoSR2025_memory_R9,augmented_pqv,10,10,74.01089126246663,61.52561346140398,92.70263716828795,1.213664965229687e-09,4.669898369684824e-09,0.001953125,True,percent_reduction,0.03239838008099595,TwinAudit (ours),NanoSR (NTIRE 2025) + TwinAudit gaze (ours),NATURAL VIDEO WITH SIMULATED SENSING
DAVIS,clean,256,448,4,64,bicubic,neural_native,PEM_R9_TwinAudit,NanoSR2025_memory_R9,augmented_squared_error,10,10,68.21679726129135,-6.974062018114101,98.5718933099221,1.7158364216085626e-09,5.398563624045513e-09,0.138671875,True,percent_reduction,1.0,TwinAudit (ours),NanoSR (NTIRE 2025) + TwinAudit gaze (ours),NATURAL VIDEO WITH SIMULATED SENSING
DAVIS,clean,256,448,4,64,bicubic,neural_native,PEM_R9_TwinAudit,NanoSR2025_memory_R9,write_pqv,10,10,92.59185335505269,82.05850844838365,96.25724286239667,4.021799466651153e-11,5.428887492925375e-10,0.001953125,True,percent_reduction,0.0234375,TwinAudit (ours),NanoSR (NTIRE 2025) + TwinAudit gaze (ours),NATURAL VIDEO WITH SIMULATED SENSING
DAVIS,clean,256,448,4,64,bicubic,neural_native,PEM_R9_TwinAudit,NanoSR2025_memory_R9,write_squared_error,10,10,98.76521911132158,59.38120463953173,99.72681483716441,2.691762643394249e-11,2.1799516562612674e-09,0.033203125,True,percent_reduction,0.552472376381181,TwinAudit (ours),NanoSR (NTIRE 2025) + TwinAudit gaze (ours),NATURAL VIDEO WITH SIMULATED SENSING
DAVIS,clean,256,448,4,64,bicubic,neural_native,PEM_R9_TwinAudit,NanoSR2025_memory_R9,cs_final_width,10,10,60.008816460779194,52.562851046184015,66.9286445340441,0.01059831591562527,0.026501631053832443,0.001953125,True,percent_reduction,0.029296875,TwinAudit (ours),NanoSR (NTIRE 2025) + TwinAudit gaze (ours),NATURAL VIDEO WITH SIMULATED SENSING
DAVIS,clean,256,448,4,64,bicubic,neural_native,PEM_R9_TwinAudit,NanoSR2025_memory_R9,write_cs_final_width,10,10,37.25083777988915,29.86127013996849,43.73158512549176,0.009634977039650184,0.015354750085511442,0.001953125,True,percent_reduction,0.015625,TwinAudit (ours),NanoSR (NTIRE 2025) + TwinAudit gaze (ours),NATURAL VIDEO WITH SIMULATED SENSING
DAVIS,clean,256,448,4,64,bicubic,neural_native,PEM_R9_TwinAudit,NanoSR2025_memory_R9,online_total_ms_mean,10,10,26.857895593122795,25.442843854451425,28.257483012487974,334.1101371100269,456.79590410938755,0.0,True,percent_reduction,0.0,TwinAudit (ours),NanoSR (NTIRE 2025) + TwinAudit gaze (ours),NATURAL VIDEO WITH SIMULATED SENSING
DAVIS,clean,256,448,4,64,bicubic,neural_native,PEM_R9_TwinAudit,NanoSR2025_memory_R9,psnr_db,10,10,-1.417860371143492,-1.8217297364667642,-1.0550023783133036,28.305571985449337,29.723432356592827,0.001953125,True,difference_dB,0.029296875,TwinAudit (ours),NanoSR (NTIRE 2025) + TwinAudit gaze (ours),NATURAL VIDEO WITH SIMULATED SENSING
DAVIS,clean,256,448,4,64,bicubic,neural_native,PEM_R9_TwinAudit,NanoSR2025_patch,mse,10,10,-25.26368620667576,-40.078386687626356,-16.78212108137002,0.001773275875140469,0.0014156344339210133,0.001953125,True,percent_reduction,0.029296875,TwinAudit (ours),NanoSR (NTIRE 2025) + patch,NATURAL VIDEO WITH SIMULATED SENSING
DAVIS,clean,256,448,4,64,bicubic,neural_native,PEM_R9_TwinAudit,NanoSR2025_patch,ssim,10,10,3.585536680687218,2.473818074159255,4.737339872881365,0.8158175802471239,0.8461568442747401,0.001953125,False,percent_reduction,0.03125,TwinAudit (ours),NanoSR (NTIRE 2025) + patch,NATURAL VIDEO WITH SIMULATED SENSING
DAVIS,clean,256,448,4,64,bicubic,neural_native,PEM_R9_TwinAudit,NanoSR2025_patch,augmented_pqv,10,10,65.36420463827311,49.073243942698284,91.97357577346423,1.213664965229687e-09,3.5040770756221925e-09,0.001953125,True,percent_reduction,0.03239838008099595,TwinAudit (ours),NanoSR (NTIRE 2025) + patch,NATURAL VIDEO WITH SIMULATED SENSING
DAVIS,clean,256,448,4,64,bicubic,neural_native,PEM_R9_TwinAudit,NanoSR2025_patch,augmented_squared_error,10,10,78.54278450908551,66.15741948070728,98.81581473186976,1.7158364216085626e-09,7.996547465979866e-09,0.03125,True,percent_reduction,0.28125,TwinAudit (ours),NanoSR (NTIRE 2025) + patch,NATURAL VIDEO WITH SIMULATED SENSING
DAVIS,clean,256,448,4,64,bicubic,neural_native,PEM_R9_TwinAudit,NanoSR2025_patch,cs_final_width,10,10,53.72530496019279,40.34637339419202,64.32839455864257,0.01059831591562527,0.02290304864571923,0.001953125,True,percent_reduction,0.029296875,TwinAudit (ours),NanoSR (NTIRE 2025) + patch,NATURAL VIDEO WITH SIMULATED SENSING
DAVIS,clean,256,448,4,64,bicubic,neural_native,PEM_R9_TwinAudit,NanoSR2025_patch,online_total_ms_mean,10,10,6.244188832172048,4.570085281429245,7.932826141086343,334.1101371100269,356.3620568670157,0.001953125,True,percent_reduction,0.025390625,TwinAudit (ours),NanoSR (NTIRE 2025) + patch,NATURAL VIDEO WITH SIMULATED SENSING
DAVIS,clean,256,448,4,64,bicubic,neural_native,PEM_R9_TwinAudit,NanoSR2025_patch,psnr_db,10,10,-1.0901760998453285,-1.5142312538697473,-0.7153236902002609,28.305571985449337,29.395748085294663,0.001953125,True,difference_dB,0.029296875,TwinAudit (ours),NanoSR (NTIRE 2025) + patch,NATURAL VIDEO WITH SIMULATED SENSING
DAVIS,clean,256,448,4,64,bicubic,neural_native,PEM_R9_TwinAudit,PEM_R6_fixed,mse,10,10,-2.003118954410299,-4.697715807049033,0.31141656662500233,0.001773275875140469,0.0017384526015650798,0.20703125,True,percent_reduction,0.20703125,TwinAudit (ours),"Joint gaze, fixed proxy (prior version)",NATURAL VIDEO WITH SIMULATED SENSING
DAVIS,clean,256,448,4,64,bicubic,neural_native,PEM_R9_TwinAudit,PEM_R6_fixed,ssim,10,10,0.2653427377093176,-0.023302011613187682,0.6232855205494096,0.8158175802471239,0.8179880521388041,0.130859375,False,percent_reduction,0.26171875,TwinAudit (ours),"Joint gaze, fixed proxy (prior version)",NATURAL VIDEO WITH SIMULATED SENSING
DAVIS,clean,256,448,4,64,bicubic,neural_native,PEM_R9_TwinAudit,PEM_R6_fixed,augmented_pqv,10,10,70.58433802167315,64.52525513402303,82.53787331199226,1.213664965229687e-09,4.125914168186671e-09,0.001953125,True,percent_reduction,0.03239838008099595,TwinAudit (ours),"Joint gaze, fixed proxy (prior version)",NATURAL VIDEO WITH SIMULATED SENSING
DAVIS,clean,256,448,4,64,bicubic,neural_native,PEM_R9_TwinAudit,PEM_R6_fixed,augmented_squared_error,10,10,31.91633715163413,-57.396541506781816,97.62767033093994,1.7158364216085626e-09,2.5201881770521487e-09,0.505859375,True,percent_reduction,1.0,TwinAudit (ours),"Joint gaze, fixed proxy (prior version)",NATURAL VIDEO WITH SIMULATED SENSING
DAVIS,clean,256,448,4,64,bicubic,neural_native,PEM_R9_TwinAudit,PEM_R6_fixed,cs_final_width,10,10,70.90205825860654,66.74105521786285,74.52883491213412,0.01059831591562527,0.03642290581862212,0.001953125,True,percent_reduction,0.029296875,TwinAudit (ours),"Joint gaze, fixed proxy (prior version)",NATURAL VIDEO WITH SIMULATED SENSING
DAVIS,clean,256,448,4,64,bicubic,neural_native,PEM_R9_TwinAudit,PEM_R6_fixed,online_total_ms_mean,10,10,-49.523603388038495,-51.2431170597369,-47.74840716567368,334.1101371100269,223.44976280631482,0.001953125,True,percent_reduction,0.025390625,TwinAudit (ours),"Joint gaze, fixed proxy (prior version)",NATURAL VIDEO WITH SIMULATED SENSING
DAVIS,clean,256,448,4,64,bicubic,neural_native,PEM_R9_TwinAudit,PEM_R6_fixed,psnr_db,10,10,-0.0921771451027535,-0.15929845763590042,-0.029355422569155246,28.305571985449337,28.397749130552086,0.025390625,True,difference_dB,0.029296875,TwinAudit (ours),"Joint gaze, fixed proxy (prior version)",NATURAL VIDEO WITH SIMULATED SENSING
DAVIS,clean,256,448,4,64,bicubic,neural_native,PEM_R9_TwinAudit,PEM_uniform,mse,10,10,4.958081202946996,2.8393401675811245,8.367345008088165,0.001773275875140469,0.0018657829067266827,0.001953125,True,percent_reduction,0.029296875,TwinAudit (ours),Uniform gaze,NATURAL VIDEO WITH SIMULATED SENSING
DAVIS,clean,256,448,4,64,bicubic,neural_native,PEM_R9_TwinAudit,PEM_uniform,ssim,10,10,-0.1921103822275061,-0.5634018816200936,0.24060414579252506,0.8158175802471239,0.8142533150912021,0.392578125,False,percent_reduction,0.392578125,TwinAudit (ours),Uniform gaze,NATURAL VIDEO WITH SIMULATED SENSING
DAVIS,clean,256,448,4,64,bicubic,neural_native,PEM_R9_TwinAudit,PEM_uniform,augmented_pqv,10,10,29.63543598189562,7.9034988404869075,36.01471784892238,1.213664965229687e-09,1.724824110211808e-09,0.046875,True,percent_reduction,0.09375,TwinAudit (ours),Uniform gaze,NATURAL VIDEO WITH SIMULATED SENSING
DAVIS,clean,256,448,4,64,bicubic,neural_native,PEM_R9_TwinAudit,PEM_uniform,augmented_squared_error,10,10,-337.9324632159303,-473.76722954811424,82.8799532094888,1.7158364216085626e-09,3.9180388889383136e-10,0.634765625,True,percent_reduction,1.0,TwinAudit (ours),Uniform gaze,NATURAL VIDEO WITH SIMULATED SENSING
DAVIS,clean,256,448,4,64,bicubic,neural_native,PEM_R9_TwinAudit,PEM_uniform,cs_final_width,10,10,34.76966769847544,28.278239845157522,41.383709301603524,0.01059831591562527,0.016247527096190442,0.001953125,True,percent_reduction,0.029296875,TwinAudit (ours),Uniform gaze,NATURAL VIDEO WITH SIMULATED SENSING
DAVIS,clean,256,448,4,64,bicubic,neural_native,PEM_R9_TwinAudit,PEM_uniform,online_total_ms_mean,10,10,-48.390883206803714,-51.13670106898355,-45.834208733833066,334.1101371100269,225.1554340062773,0.001953125,True,percent_reduction,0.025390625,TwinAudit (ours),Uniform gaze,NATURAL VIDEO WITH SIMULATED SENSING
DAVIS,clean,256,448,4,64,bicubic,neural_native,PEM_R9_TwinAudit,PEM_uniform,psnr_db,10,10,0.2863894582091511,0.16315965361009058,0.42227999049935067,28.305571985449337,28.019182527240183,0.001953125,True,difference_dB,0.029296875,TwinAudit (ours),Uniform gaze,NATURAL VIDEO WITH SIMULATED SENSING
DAVIS,clean,256,448,4,64,bicubic,neural_native,PEM_R9_TwinAudit,SCMSR2025_memory,mse,10,10,-33.60123717983039,-44.00202125181355,-25.2244757792437,0.001773275875140469,0.0013272900106109033,0.001953125,True,percent_reduction,0.029296875,TwinAudit (ours),SCMSR (NTIRE 2025) + patch + memory,NATURAL VIDEO WITH SIMULATED SENSING
DAVIS,clean,256,448,4,64,bicubic,neural_native,PEM_R9_TwinAudit,SCMSR2025_memory,ssim,10,10,4.419299575123747,3.194004240781805,5.700266340821009,0.8158175802471239,0.8535379805971747,0.001953125,False,percent_reduction,0.03125,TwinAudit (ours),SCMSR (NTIRE 2025) + patch + memory,NATURAL VIDEO WITH SIMULATED SENSING
DAVIS,clean,256,448,4,64,bicubic,neural_native,PEM_R9_TwinAudit,SCMSR2025_memory,augmented_pqv,10,10,69.51859713876776,55.990142437182364,92.62845385758493,1.213664965229687e-09,3.981657178821275e-09,0.001953125,True,percent_reduction,0.03239838008099595,TwinAudit (ours),SCMSR (NTIRE 2025) + patch + memory,NATURAL VIDEO WITH SIMULATED SENSING
DAVIS,clean,256,448,4,64,bicubic,neural_native,PEM_R9_TwinAudit,SCMSR2025_memory,augmented_squared_error,10,10,77.35557965352446,69.04053030618789,98.70130647228099,1.7158364216085626e-09,7.577303350472475e-09,0.0078125,True,percent_reduction,0.1171875,TwinAudit (ours),SCMSR (NTIRE 2025) + patch + memory,NATURAL VIDEO WITH SIMULATED SENSING
DAVIS,clean,256,448,4,64,bicubic,neural_native,PEM_R9_TwinAudit,SCMSR2025_memory,write_pqv,10,10,80.13761179720174,67.09022364911759,87.34511017768334,4.021799466651153e-11,2.0248317702724953e-10,0.001953125,True,percent_reduction,0.0234375,TwinAudit (ours),SCMSR (NTIRE 2025) + patch + memory,NATURAL VIDEO WITH SIMULATED SENSING
DAVIS,clean,256,448,4,64,bicubic,neural_native,PEM_R9_TwinAudit,SCMSR2025_memory,write_squared_error,10,10,72.43675279681003,6.566199620838466,92.85377642968328,2.691762643394249e-11,9.76576752206004e-11,0.087890625,True,percent_reduction,1.0,TwinAudit (ours),SCMSR (NTIRE 2025) + patch + memory,NATURAL VIDEO WITH SIMULATED SENSING
DAVIS,clean,256,448,4,64,bicubic,neural_native,PEM_R9_TwinAudit,SCMSR2025_memory,cs_final_width,10,10,57.64637203235674,48.154955838490075,66.10592041454638,0.01059831591562527,0.025023395690499117,0.001953125,True,percent_reduction,0.029296875,TwinAudit (ours),SCMSR (NTIRE 2025) + patch + memory,NATURAL VIDEO WITH SIMULATED SENSING
DAVIS,clean,256,448,4,64,bicubic,neural_native,PEM_R9_TwinAudit,SCMSR2025_memory,write_cs_final_width,10,10,24.911636532896953,17.227893939636,32.0450507770838,0.009634977039650184,0.012831518220358287,0.001953125,True,percent_reduction,0.015625,TwinAudit (ours),SCMSR (NTIRE 2025) + patch + memory,NATURAL VIDEO WITH SIMULATED SENSING
DAVIS,clean,256,448,4,64,bicubic,neural_native,PEM_R9_TwinAudit,SCMSR2025_memory,online_total_ms_mean,10,10,56.869315824641944,55.837908021992035,57.90013154946057,334.1101371100269,774.6460402798682,0.001953125,True,percent_reduction,0.025390625,TwinAudit (ours),SCMSR (NTIRE 2025) + patch + memory,NATURAL VIDEO WITH SIMULATED SENSING
DAVIS,clean,256,448,4,64,bicubic,neural_native,PEM_R9_TwinAudit,SCMSR2025_memory,psnr_db,10,10,-1.2350875934378895,-1.5870109669640287,-0.8987418343106021,28.305571985449337,29.540659578887222,0.001953125,True,difference_dB,0.029296875,TwinAudit (ours),SCMSR (NTIRE 2025) + patch + memory,NATURAL VIDEO WITH SIMULATED SENSING
DAVIS,clean,256,448,4,64,bicubic,neural_native,PEM_R9_TwinAudit,SCMSR2025_memory_R9,mse,10,10,-36.61709219182892,-48.8798831512537,-28.276413366090523,0.001773275875140469,0.0012979897659149042,0.001953125,True,percent_reduction,0.029296875,TwinAudit (ours),SCMSR (NTIRE 2025) + TwinAudit gaze (ours),NATURAL VIDEO WITH SIMULATED SENSING
DAVIS,clean,256,448,4,64,bicubic,neural_native,PEM_R9_TwinAudit,SCMSR2025_memory_R9,ssim,10,10,4.375099690291173,3.2860495919559023,5.537520923787492,0.8158175802471239,0.8531434569917076,0.001953125,False,percent_reduction,0.03125,TwinAudit (ours),SCMSR (NTIRE 2025) + TwinAudit gaze (ours),NATURAL VIDEO WITH SIMULATED SENSING
DAVIS,clean,256,448,4,64,bicubic,neural_native,PEM_R9_TwinAudit,SCMSR2025_memory_R9,augmented_pqv,10,10,72.57874305029563,61.336802036346825,91.96664964640581,1.213664965229687e-09,4.426000483696907e-09,0.001953125,True,percent_reduction,0.03239838008099595,TwinAudit (ours),SCMSR (NTIRE 2025) + TwinAudit gaze (ours),NATURAL VIDEO WITH SIMULATED SENSING
DAVIS,clean,256,448,4,64,bicubic,neural_native,PEM_R9_TwinAudit,SCMSR2025_memory_R9,augmented_squared_error,10,10,72.49832558740152,-313.10118095617645,99.25190995546855,1.7158364216085626e-09,6.2390252893930715e-09,0.263671875,True,percent_reduction,1.0,TwinAudit (ours),SCMSR (NTIRE 2025) + TwinAudit gaze (ours),NATURAL VIDEO WITH SIMULATED SENSING
DAVIS,clean,256,448,4,64,bicubic,neural_native,PEM_R9_TwinAudit,SCMSR2025_memory_R9,write_pqv,10,10,91.83512645029076,79.48029391117953,95.74155157714216,4.021799466651153e-11,4.92573392859755e-10,0.001953125,True,percent_reduction,0.0234375,TwinAudit (ours),SCMSR (NTIRE 2025) + TwinAudit gaze (ours),NATURAL VIDEO WITH SIMULATED SENSING
DAVIS,clean,256,448,4,64,bicubic,neural_native,PEM_R9_TwinAudit,SCMSR2025_memory_R9,write_squared_error,10,10,97.89454445900768,89.58790624870309,99.4103346298361,2.691762643394249e-11,1.2784704264643779e-09,0.005859375,True,percent_reduction,0.140625,TwinAudit (ours),SCMSR (NTIRE 2025) + TwinAudit gaze (ours),NATURAL VIDEO WITH SIMULATED SENSING
DAVIS,clean,256,448,4,64,bicubic,neural_native,PEM_R9_TwinAudit,SCMSR2025_memory_R9,cs_final_width,10,10,59.530588660129844,52.14618317287519,66.52253253898226,0.01059831591562527,0.026188460777495648,0.001953125,True,percent_reduction,0.029296875,TwinAudit (ours),SCMSR (NTIRE 2025) + TwinAudit gaze (ours),NATURAL VIDEO WITH SIMULATED SENSING
DAVIS,clean,256,448,4,64,bicubic,neural_native,PEM_R9_TwinAudit,SCMSR2025_memory_R9,write_cs_final_width,10,10,37.56214937463326,30.4116999016499,44.17781072594364,0.009634977039650184,0.015431308001713568,0.001953125,True,percent_reduction,0.015625,TwinAudit (ours),SCMSR (NTIRE 2025) + TwinAudit gaze (ours),NATURAL VIDEO WITH SIMULATED SENSING
DAVIS,clean,256,448,4,64,bicubic,neural_native,PEM_R9_TwinAudit,SCMSR2025_memory_R9,online_total_ms_mean,10,10,57.34123650023724,56.10907251042715,58.53536619233102,334.1101371100269,783.2157092689406,0.001953125,True,percent_reduction,0.025390625,TwinAudit (ours),SCMSR (NTIRE 2025) + TwinAudit gaze (ours),NATURAL VIDEO WITH SIMULATED SENSING
DAVIS,clean,256,448,4,64,bicubic,neural_native,PEM_R9_TwinAudit,SCMSR2025_memory_R9,psnr_db,10,10,-1.3829146440383155,-1.747709501526899,-1.041172665412362,28.305571985449337,29.68848662948765,0.001953125,True,difference_dB,0.029296875,TwinAudit (ours),SCMSR (NTIRE 2025) + TwinAudit gaze (ours),NATURAL VIDEO WITH SIMULATED SENSING
DAVIS,clean,256,448,4,64,bicubic,neural_native,PEM_R9_TwinAudit,SCMSR2025_patch,mse,10,10,-23.716957752493585,-38.80877716806243,-15.294817548431862,0.001773275875140469,0.001433332913575243,0.001953125,True,percent_reduction,0.029296875,TwinAudit (ours),SCMSR (NTIRE 2025) + patch,NATURAL VIDEO WITH SIMULATED SENSING
DAVIS,clean,256,448,4,64,bicubic,neural_native,PEM_R9_TwinAudit,SCMSR2025_patch,ssim,10,10,3.4842557503711347,2.398156152895667,4.654261609335358,0.8158175802471239,0.84526891088058,0.001953125,False,percent_reduction,0.03125,TwinAudit (ours),SCMSR (NTIRE 2025) + patch,NATURAL VIDEO WITH SIMULATED SENSING
DAVIS,clean,256,448,4,64,bicubic,neural_native,PEM_R9_TwinAudit,SCMSR2025_patch,augmented_pqv,10,10,62.09014187916737,46.09336117137233,90.5735086637871,1.213664965229687e-09,3.2014495051954327e-09,0.001953125,True,percent_reduction,0.03239838008099595,TwinAudit (ours),SCMSR (NTIRE 2025) + patch,NATURAL VIDEO WITH SIMULATED SENSING
DAVIS,clean,256,448,4,64,bicubic,neural_native,PEM_R9_TwinAudit,SCMSR2025_patch,augmented_squared_error,10,10,74.6202531547093,64.92268639534782,98.19000952402116,1.7158364216085626e-09,6.760652232143689e-09,0.01953125,True,percent_reduction,0.21484375,TwinAudit (ours),SCMSR (NTIRE 2025) + patch,NATURAL VIDEO WITH SIMULATED SENSING
DAVIS,clean,256,448,4,64,bicubic,neural_native,PEM_R9_TwinAudit,SCMSR2025_patch,cs_final_width,10,10,52.54437674950327,39.94016050961522,63.15623931937713,0.01059831591562527,0.02233310868067534,0.001953125,True,percent_reduction,0.029296875,TwinAudit (ours),SCMSR (NTIRE 2025) + patch,NATURAL VIDEO WITH SIMULATED SENSING
DAVIS,clean,256,448,4,64,bicubic,neural_native,PEM_R9_TwinAudit,SCMSR2025_patch,online_total_ms_mean,10,10,49.977817345820974,48.65888657175429,51.32552314259229,334.1101371100269,667.923947701059,0.0,True,percent_reduction,0.0,TwinAudit (ours),SCMSR (NTIRE 2025) + patch,NATURAL VIDEO WITH SIMULATED SENSING
DAVIS,clean,256,448,4,64,bicubic,neural_native,PEM_R9_TwinAudit,SCMSR2025_patch,psnr_db,10,10,-1.0389892852415934,-1.4375808191903943,-0.6881295422295267,28.305571985449337,29.344561270690928,0.001953125,True,difference_dB,0.029296875,TwinAudit (ours),SCMSR (NTIRE 2025) + patch,NATURAL VIDEO WITH SIMULATED SENSING
DAVIS,clean,256,448,4,64,bicubic,neural_native,PEM_R9_TwinAudit,SPANF2025_memory,mse,10,10,-29.221138746393716,-38.00598864715882,-22.246752556280835,0.001773275875140469,0.0013722800250357313,0.001953125,True,percent_reduction,0.029296875,TwinAudit (ours),SPAN-F (NTIRE 2025) + patch + memory,NATURAL VIDEO WITH SIMULATED SENSING
DAVIS,clean,256,448,4,64,bicubic,neural_native,PEM_R9_TwinAudit,SPANF2025_memory,ssim,10,10,4.022310497441495,2.897215570255857,5.223541614330291,0.8158175802471239,0.8500075220349792,0.001953125,False,percent_reduction,0.03125,TwinAudit (ours),SPAN-F (NTIRE 2025) + patch + memory,NATURAL VIDEO WITH SIMULATED SENSING
DAVIS,clean,256,448,4,64,bicubic,neural_native,PEM_R9_TwinAudit,SPANF2025_memory,augmented_pqv,10,10,67.6376868766415,51.77123950100256,92.3758696415371,1.213664965229687e-09,3.750241710484181e-09,0.001953125,True,percent_reduction,0.03239838008099595,TwinAudit (ours),SPAN-F (NTIRE 2025) + patch + memory,NATURAL VIDEO WITH SIMULATED SENSING
DAVIS,clean,256,448,4,64,bicubic,neural_native,PEM_R9_TwinAudit,SPANF2025_memory,augmented_squared_error,10,10,80.35539218909452,76.02059603564223,98.40805343998943,1.7158364216085626e-09,8.734388785588451e-09,0.0078125,True,percent_reduction,0.1171875,TwinAudit (ours),SPAN-F (NTIRE 2025) + patch + memory,NATURAL VIDEO WITH SIMULATED SENSING
DAVIS,clean,256,448,4,64,bicubic,neural_native,PEM_R9_TwinAudit,SPANF2025_memory,write_pqv,10,10,82.07826043301564,71.09908143876332,88.32192430435688,4.021799466651153e-11,2.2440898951908454e-10,0.001953125,True,percent_reduction,0.0234375,TwinAudit (ours),SPAN-F (NTIRE 2025) + patch + memory,NATURAL VIDEO WITH SIMULATED SENSING
DAVIS,clean,256,448,4,64,bicubic,neural_native,PEM_R9_TwinAudit,SPANF2025_memory,write_squared_error,10,10,73.7508078729425,4.058798910530815,93.43820113705745,2.691762643394249e-11,1.0254649477838969e-10,0.1015625,True,percent_reduction,1.0,TwinAudit (ours),SPAN-F (NTIRE 2025) + patch + memory,NATURAL VIDEO WITH SIMULATED SENSING
DAVIS,clean,256,448,4,64,bicubic,neural_native,PEM_R9_TwinAudit,SPANF2025_memory,cs_final_width,10,10,57.36519157718555,47.378299229729556,66.10207406850905,0.01059831591562527,0.024858364110659333,0.001953125,True,percent_reduction,0.029296875,TwinAudit (ours),SPAN-F (NTIRE 2025) + patch + memory,NATURAL VIDEO WITH SIMULATED SENSING
DAVIS,clean,256,448,4,64,bicubic,neural_native,PEM_R9_TwinAudit,SPANF2025_memory,write_cs_final_width,10,10,26.057756912652362,18.415774210577247,33.02748033654767,0.009634977039650184,0.01303040946197484,0.001953125,True,percent_reduction,0.015625,TwinAudit (ours),SPAN-F (NTIRE 2025) + patch + memory,NATURAL VIDEO WITH SIMULATED SENSING
DAVIS,clean,256,448,4,64,bicubic,neural_native,PEM_R9_TwinAudit,SPANF2025_memory,online_total_ms_mean,10,10,8.138779461776313,6.158933575081812,10.22367928885962,334.1101371100269,363.71184178965143,0.001953125,True,percent_reduction,0.025390625,TwinAudit (ours),SPAN-F (NTIRE 2025) + patch + memory,NATURAL VIDEO WITH SIMULATED SENSING
DAVIS,clean,256,448,4,64,bicubic,neural_native,PEM_R9_TwinAudit,SPANF2025_memory,psnr_db,10,10,-1.0960893638726976,-1.42734286498954,-0.7840322769486124,28.305571985449337,29.40166134932203,0.001953125,True,difference_dB,0.029296875,TwinAudit (ours),SPAN-F (NTIRE 2025) + patch + memory,NATURAL VIDEO WITH SIMULATED SENSING
DAVIS,clean,256,448,4,64,bicubic,neural_native,PEM_R9_TwinAudit,SPANF2025_memory_R9,mse,10,10,-32.5344509252463,-43.483863375852664,-24.92093541225696,0.001773275875140469,0.0013379735327387848,0.001953125,True,percent_reduction,0.029296875,TwinAudit (ours),SPAN-F (NTIRE 2025) + TwinAudit gaze (ours),NATURAL VIDEO WITH SIMULATED SENSING
DAVIS,clean,256,448,4,64,bicubic,neural_native,PEM_R9_TwinAudit,SPANF2025_memory_R9,ssim,10,10,3.9746780282098326,2.9278573787089774,5.036112125668801,0.8158175802471239,0.8495858836972092,0.001953125,False,percent_reduction,0.03125,TwinAudit (ours),SPAN-F (NTIRE 2025) + TwinAudit gaze (ours),NATURAL VIDEO WITH SIMULATED SENSING
DAVIS,clean,256,448,4,64,bicubic,neural_native,PEM_R9_TwinAudit,SPANF2025_memory_R9,augmented_pqv,10,10,72.00584335009162,59.76813679938321,92.39800396366861,1.213664965229687e-09,4.335422496943337e-09,0.001953125,True,percent_reduction,0.03239838008099595,TwinAudit (ours),SPAN-F (NTIRE 2025) + TwinAudit gaze (ours),NATURAL VIDEO WITH SIMULATED SENSING
DAVIS,clean,256,448,4,64,bicubic,neural_native,PEM_R9_TwinAudit,SPANF2025_memory_R9,augmented_squared_error,10,10,64.72041984112468,-170.99457254462547,98.96716323517518,1.7158364216085626e-09,4.863539798040674e-09,0.3203125,True,percent_reduction,1.0,TwinAudit (ours),SPAN-F (NTIRE 2025) + TwinAudit gaze (ours),NATURAL VIDEO WITH SIMULATED SENSING
DAVIS,clean,256,448,4,64,bicubic,neural_native,PEM_R9_TwinAudit,SPANF2025_memory_R9,write_pqv,10,10,92.22326081655756,81.9610370738441,95.99085087084923,4.021799466651153e-11,5.171575607439704e-10,0.001953125,True,percent_reduction,0.0234375,TwinAudit (ours),SPAN-F (NTIRE 2025) + TwinAudit gaze (ours),NATURAL VIDEO WITH SIMULATED SENSING
DAVIS,clean,256,448,4,64,bicubic,neural_native,PEM_R9_TwinAudit,SPANF2025_memory_R9,write_squared_error,10,10,96.22171460145228,80.39926170112129,99.1297919960789,2.691762643394249e-11,7.124296762835584e-10,0.005859375,True,percent_reduction,0.140625,TwinAudit (ours),SPAN-F (NTIRE 2025) + TwinAudit gaze (ours),NATURAL VIDEO WITH SIMULATED SENSING
DAVIS,clean,256,448,4,64,bicubic,neural_native,PEM_R9_TwinAudit,SPANF2025_memory_R9,cs_final_width,10,10,58.54187119780925,50.767024489035244,66.09724337066572,0.01059831591562527,0.025563903200245812,0.001953125,True,percent_reduction,0.029296875,TwinAudit (ours),SPAN-F (NTIRE 2025) + TwinAudit gaze (ours),NATURAL VIDEO WITH SIMULATED SENSING
DAVIS,clean,256,448,4,64,bicubic,neural_native,PEM_R9_TwinAudit,SPANF2025_memory_R9,write_cs_final_width,10,10,37.429674848397,29.685142018793943,44.33995363844712,0.009634977039650184,0.015398636680096176,0.001953125,True,percent_reduction,0.015625,TwinAudit (ours),SPAN-F (NTIRE 2025) + TwinAudit gaze (ours),NATURAL VIDEO WITH SIMULATED SENSING
DAVIS,clean,256,448,4,64,bicubic,neural_native,PEM_R9_TwinAudit,SPANF2025_memory_R9,online_total_ms_mean,10,10,7.822883433163097,5.544000960732297,9.994125462247354,334.1101371100269,362.4653813810354,0.001953125,True,percent_reduction,0.025390625,TwinAudit (ours),SPAN-F (NTIRE 2025) + TwinAudit gaze (ours),NATURAL VIDEO WITH SIMULATED SENSING
DAVIS,clean,256,448,4,64,bicubic,neural_native,PEM_R9_TwinAudit,SPANF2025_memory_R9,psnr_db,10,10,-1.2494276534791653,-1.6099181226671935,-0.9180048541064243,28.305571985449337,29.554999638928496,0.001953125,True,difference_dB,0.029296875,TwinAudit (ours),SPAN-F (NTIRE 2025) + TwinAudit gaze (ours),NATURAL VIDEO WITH SIMULATED SENSING
DAVIS,clean,256,448,4,64,bicubic,neural_native,PEM_R9_TwinAudit,SPANF2025_patch,mse,10,10,-19.677781617915713,-33.20937653640496,-12.203348376564895,0.001773275875140469,0.0014817085102745674,0.001953125,True,percent_reduction,0.029296875,TwinAudit (ours),SPAN-F (NTIRE 2025) + patch,NATURAL VIDEO WITH SIMULATED SENSING
DAVIS,clean,256,448,4,64,bicubic,neural_native,PEM_R9_TwinAudit,SPANF2025_patch,ssim,10,10,3.048477178025566,2.003808682507958,4.16656101861789,0.8158175802471239,0.8414695886161117,0.001953125,False,percent_reduction,0.03125,TwinAudit (ours),SPAN-F (NTIRE 2025) + patch,NATURAL VIDEO WITH SIMULATED SENSING
DAVIS,clean,256,448,4,64,bicubic,neural_native,PEM_R9_TwinAudit,SPANF2025_patch,augmented_pqv,10,10,59.63878423731002,40.845347428223725,90.39556732858094,1.213664965229687e-09,3.007007946355278e-09,0.001953125,True,percent_reduction,0.03239838008099595,TwinAudit (ours),SPAN-F (NTIRE 2025) + patch,NATURAL VIDEO WITH SIMULATED SENSING
DAVIS,clean,256,448,4,64,bicubic,neural_native,PEM_R9_TwinAudit,SPANF2025_patch,augmented_squared_error,10,10,80.91416895457894,72.39877650259623,98.80913946223964,1.7158364216085626e-09,8.990105893346538e-09,0.015625,True,percent_reduction,0.1875,TwinAudit (ours),SPAN-F (NTIRE 2025) + patch,NATURAL VIDEO WITH SIMULATED SENSING
DAVIS,clean,256,448,4,64,bicubic,neural_native,PEM_R9_TwinAudit,SPANF2025_patch,cs_final_width,10,10,51.555323060407666,37.595238923120824,63.0897385734317,0.01059831591562527,0.021877152630908756,0.001953125,True,percent_reduction,0.029296875,TwinAudit (ours),SPAN-F (NTIRE 2025) + patch,NATURAL VIDEO WITH SIMULATED SENSING
DAVIS,clean,256,448,4,64,bicubic,neural_native,PEM_R9_TwinAudit,SPANF2025_patch,online_total_ms_mean,10,10,-29.800060633322257,-33.055950181233015,-26.336497286168363,334.1101371100269,257.4036833879985,0.001953125,True,percent_reduction,0.025390625,TwinAudit (ours),SPAN-F (NTIRE 2025) + patch,NATURAL VIDEO WITH SIMULATED SENSING
DAVIS,clean,256,448,4,64,bicubic,neural_native,PEM_R9_TwinAudit,SPANF2025_patch,psnr_db,10,10,-0.8987505810253698,-1.2599270102044995,-0.5660484672789428,28.305571985449337,29.20432256647471,0.001953125,True,difference_dB,0.029296875,TwinAudit (ours),SPAN-F (NTIRE 2025) + patch,NATURAL VIDEO WITH SIMULATED SENSING
DAVIS,drift,256,448,4,64,area,main,PEM_R9_TwinAudit,PEM_R6_fixed,mse,40,40,-1.5156479540818113,-2.020246023347832,-1.0570038286081567,0.0024535618704634803,0.0024169297245418666,4.999750012499375e-05,True,percent_reduction,0.00199990000499975,TwinAudit (ours),"Joint gaze, fixed proxy (prior version)",NATURAL VIDEO WITH SIMULATED SENSING
DAVIS,drift,256,448,4,64,area,main,PEM_R9_TwinAudit,PEM_R6_fixed,ssim,40,40,0.23878682890312586,0.15714816515958685,0.3352426189010993,0.7397445038868021,0.7415151443859177,4.999750012499375e-05,False,percent_reduction,0.00199990000499975,TwinAudit (ours),"Joint gaze, fixed proxy (prior version)",NATURAL VIDEO WITH SIMULATED SENSING
DAVIS,drift,256,448,4,64,area,main,PEM_R9_TwinAudit,PEM_R6_fixed,augmented_pqv,40,40,79.98585897882676,73.94743340739423,83.62364523861623,8.9681043388341e-10,4.48088395567245e-09,4.999750012499375e-05,True,percent_reduction,0.00199990000499975,TwinAudit (ours),"Joint gaze, fixed proxy (prior version)",NATURAL VIDEO WITH SIMULATED SENSING
DAVIS,drift,256,448,4,64,area,main,PEM_R9_TwinAudit,PEM_R6_fixed,augmented_squared_error,40,40,75.83531791017903,60.54023723674252,86.06355352391807,1.0451845933829694e-09,4.325256957645796e-09,4.999750012499375e-05,True,percent_reduction,0.00199990000499975,TwinAudit (ours),"Joint gaze, fixed proxy (prior version)",NATURAL VIDEO WITH SIMULATED SENSING
DAVIS,drift,256,448,4,64,area,main,PEM_R9_TwinAudit,PEM_R6_fixed,cs_final_width,40,40,71.77060064439932,68.5461489505739,74.21304827877769,0.010155599197574448,0.035975257814189344,4.999750012499375e-05,True,percent_reduction,0.00199990000499975,TwinAudit (ours),"Joint gaze, fixed proxy (prior version)",NATURAL VIDEO WITH SIMULATED SENSING
DAVIS,drift,256,448,4,64,area,main,PEM_R9_TwinAudit,PEM_R6_fixed,online_total_ms_mean,40,40,-51.51672125996605,-52.403541811010186,-50.5439309012291,372.1185296835288,245.59568514227772,4.999750012499375e-05,True,percent_reduction,0.00199990000499975,TwinAudit (ours),"Joint gaze, fixed proxy (prior version)",NATURAL VIDEO WITH SIMULATED SENSING
DAVIS,drift,256,448,4,64,area,main,PEM_R9_TwinAudit,PEM_R6_fixed,psnr_db,40,40,-0.055235245050624736,-0.07326556375426718,-0.03879508636578846,26.878330355769958,26.93356560082058,4.999750012499375e-05,True,difference_dB,0.00199990000499975,TwinAudit (ours),"Joint gaze, fixed proxy (prior version)",NATURAL VIDEO WITH SIMULATED SENSING
DAVIS,drift,256,448,4,64,area,main,PEM_R9_TwinAudit,PEM_R8_certified,mse,40,40,-0.03854661299547146,-0.2615436273378058,0.16720435368851233,0.0024535618704634803,0.002452616469884571,0.7541122943852807,True,percent_reduction,1.0,TwinAudit (ours),Ours w/o write-audit constraint,NATURAL VIDEO WITH SIMULATED SENSING
DAVIS,drift,256,448,4,64,area,main,PEM_R9_TwinAudit,PEM_R8_certified,ssim,40,40,-0.005469800373036904,-0.04191088450959668,0.033974409283605844,0.7397445038868021,0.7397040435522685,0.7871106444677766,False,percent_reduction,0.7871106444677766,TwinAudit (ours),Ours w/o write-audit constraint,NATURAL VIDEO WITH SIMULATED SENSING
DAVIS,drift,256,448,4,64,area,main,PEM_R9_TwinAudit,PEM_R8_certified,augmented_pqv,40,40,8.273819368378577,3.3224674023929834,13.070667164336074,8.9681043388341e-10,9.777038874921236e-10,0.003799810009499525,True,percent_reduction,0.026598670066496674,TwinAudit (ours),Ours w/o write-audit constraint,NATURAL VIDEO WITH SIMULATED SENSING
DAVIS,drift,256,448,4,64,area,main,PEM_R9_TwinAudit,PEM_R8_certified,augmented_squared_error,40,40,29.660131541252998,-6.357110415769437,55.184068090428504,1.0451845933829694e-09,1.4859063803850448e-09,0.15664216789160543,True,percent_reduction,1.0,TwinAudit (ours),Ours w/o write-audit constraint,NATURAL VIDEO WITH SIMULATED SENSING
DAVIS,drift,256,448,4,64,area,main,PEM_R9_TwinAudit,PEM_R8_certified,write_pqv,40,40,10.15790936921901,2.132162952776897,16.537131227722657,1.557265561980322e-10,1.7333362915385942e-10,0.01809909504524774,True,percent_reduction,0.07239638018099095,TwinAudit (ours),Ours w/o write-audit constraint,NATURAL VIDEO WITH SIMULATED SENSING
DAVIS,drift,256,448,4,64,area,main,PEM_R9_TwinAudit,PEM_R8_certified,write_squared_error,40,40,17.442355758469763,-15.167614972547561,44.22218507326677,2.1872930347047e-10,2.6494130916642514e-10,0.34598270086495675,True,percent_reduction,1.0,TwinAudit (ours),Ours w/o write-audit constraint,NATURAL VIDEO WITH SIMULATED SENSING
DAVIS,drift,256,448,4,64,area,main,PEM_R9_TwinAudit,PEM_R8_certified,cs_final_width,40,40,4.276342571362246,2.7344434856738884,5.9787439849663615,0.010155599197574448,0.010609288727967247,4.999750012499375e-05,True,percent_reduction,0.00199990000499975,TwinAudit (ours),Ours w/o write-audit constraint,NATURAL VIDEO WITH SIMULATED SENSING
DAVIS,drift,256,448,4,64,area,main,PEM_R9_TwinAudit,PEM_R8_certified,write_cs_final_width,40,40,2.6884200071426223,1.5921530414836187,4.005872019524169,0.009936276731484566,0.010210785532630221,4.999750012499375e-05,True,percent_reduction,0.000599970001499925,TwinAudit (ours),Ours w/o write-audit constraint,NATURAL VIDEO WITH SIMULATED SENSING
DAVIS,drift,256,448,4,64,area,main,PEM_R9_TwinAudit,PEM_R8_certified,online_total_ms_mean,40,40,0.7483536301508109,0.29445930095912953,1.1958879382786074,372.1185296835288,374.92428921216515,0.0011499425028748563,True,percent_reduction,0.006899655017249137,TwinAudit (ours),Ours w/o write-audit constraint,NATURAL VIDEO WITH SIMULATED SENSING
DAVIS,drift,256,448,4,64,area,main,PEM_R9_TwinAudit,PEM_R8_certified,psnr_db,40,40,2.6350319051360317e-05,-0.007671954711634652,0.007161961488808233,26.878330355769958,26.878304005450907,0.9944502774861257,True,difference_dB,1.0,TwinAudit (ours),Ours w/o write-audit constraint,NATURAL VIDEO WITH SIMULATED SENSING
DAVIS,drift,256,448,4,64,area,main,PEM_R9_TwinAudit,PEM_R9_TwinAudit_strict,mse,40,40,3.658888019994566,2.86441964584163,4.510514436224983,0.0024535618704634803,0.002546744396071213,4.999750012499375e-05,True,percent_reduction,0.00199990000499975,TwinAudit (ours),TwinAudit-strict (κw = 1),NATURAL VIDEO WITH SIMULATED SENSING
DAVIS,drift,256,448,4,64,area,main,PEM_R9_TwinAudit,PEM_R9_TwinAudit_strict,ssim,40,40,-0.5023418549795933,-0.6102620424210309,-0.3994578999622622,0.7397445038868021,0.7360470315748667,4.999750012499375e-05,False,percent_reduction,0.00199990000499975,TwinAudit (ours),TwinAudit-strict (κw = 1),NATURAL VIDEO WITH SIMULATED SENSING
DAVIS,drift,256,448,4,64,area,main,PEM_R9_TwinAudit,PEM_R9_TwinAudit_strict,augmented_pqv,40,40,-127.5577467001301,-163.1124599477242,-92.27550069479597,8.9681043388341e-10,3.9410235287010656e-10,4.999750012499375e-05,True,percent_reduction,0.00199990000499975,TwinAudit (ours),TwinAudit-strict (κw = 1),NATURAL VIDEO WITH SIMULATED SENSING
DAVIS,drift,256,448,4,64,area,main,PEM_R9_TwinAudit,PEM_R9_TwinAudit_strict,augmented_squared_error,40,40,-179.11152804487895,-383.90880340422524,-77.40342639331111,1.0451845933829694e-09,3.7446844302859177e-10,0.002199890005499725,True,percent_reduction,0.05939703014849258,TwinAudit (ours),TwinAudit-strict (κw = 1),NATURAL VIDEO WITH SIMULATED SENSING
DAVIS,drift,256,448,4,64,area,main,PEM_R9_TwinAudit,PEM_R9_TwinAudit_strict,write_pqv,40,40,-90.36210282975942,-128.76360396151264,-64.28091889337912,1.557265561980322e-10,8.1805440202191e-11,4.999750012499375e-05,True,percent_reduction,0.000599970001499925,TwinAudit (ours),TwinAudit-strict (κw = 1),NATURAL VIDEO WITH SIMULATED SENSING
DAVIS,drift,256,448,4,64,area,main,PEM_R9_TwinAudit,PEM_R9_TwinAudit_strict,write_squared_error,40,40,-153.84575407191286,-372.07992942229777,-7.911843656363796,2.1872930347047e-10,8.61662249463922e-11,0.08364581770911454,True,percent_reduction,0.92010399480026,TwinAudit (ours),TwinAudit-strict (κw = 1),NATURAL VIDEO WITH SIMULATED SENSING
DAVIS,drift,256,448,4,64,area,main,PEM_R9_TwinAudit,PEM_R9_TwinAudit_strict,cs_final_width,40,40,-12.906614481602485,-17.594099384348254,-9.202613551342326,0.010155599197574448,0.008994689322855612,4.999750012499375e-05,True,percent_reduction,0.00199990000499975,TwinAudit (ours),TwinAudit-strict (κw = 1),NATURAL VIDEO WITH SIMULATED SENSING
DAVIS,drift,256,448,4,64,area,main,PEM_R9_TwinAudit,PEM_R9_TwinAudit_strict,write_cs_final_width,40,40,-11.369823320058359,-15.938802887530118,-7.878417199990913,0.009936276731484566,0.008921875275791144,4.999750012499375e-05,True,percent_reduction,0.000599970001499925,TwinAudit (ours),TwinAudit-strict (κw = 1),NATURAL VIDEO WITH SIMULATED SENSING
DAVIS,drift,256,448,4,64,area,main,PEM_R9_TwinAudit,PEM_R9_TwinAudit_strict,online_total_ms_mean,40,40,-0.2792874367461895,-0.9288790117236428,0.3761006496690963,372.1185296835288,371.08214387567557,0.41072946352682366,True,percent_reduction,0.8214589270536473,TwinAudit (ours),TwinAudit-strict (κw = 1),NATURAL VIDEO WITH SIMULATED SENSING
DAVIS,drift,256,448,4,64,area,main,PEM_R9_TwinAudit,PEM_R9_TwinAudit_strict,psnr_db,40,40,0.16675337078936686,0.13551276717426328,0.198980897641832,26.878330355769958,26.711576984980592,4.999750012499375e-05,True,difference_dB,0.00199990000499975,TwinAudit (ours),TwinAudit-strict (κw = 1),NATURAL VIDEO WITH SIMULATED SENSING
DAVIS,drift,256,448,4,64,area,main,PEM_R9_TwinAudit,PEM_R9_dual_fixed,mse,40,40,-0.6347137347882947,-0.9254391936948064,-0.3776666123084904,0.0024535618704634803,0.002438086997424738,4.999750012499375e-05,True,percent_reduction,0.00199990000499975,TwinAudit (ours),Ours w/o online proxy mixture,NATURAL VIDEO WITH SIMULATED SENSING
DAVIS,drift,256,448,4,64,area,main,PEM_R9_TwinAudit,PEM_R9_dual_fixed,ssim,40,40,0.06846529531577827,0.030403063112909856,0.10778163577859738,0.7397445038868021,0.7402513191385293,0.0010999450027498626,False,percent_reduction,0.013199340032998351,TwinAudit (ours),Ours w/o online proxy mixture,NATURAL VIDEO WITH SIMULATED SENSING
DAVIS,drift,256,448,4,64,area,main,PEM_R9_TwinAudit,PEM_R9_dual_fixed,augmented_pqv,40,40,23.677236544901913,15.684058694666021,30.081648890422933,8.9681043388341e-10,1.175023535948116e-09,4.999750012499375e-05,True,percent_reduction,0.00199990000499975,TwinAudit (ours),Ours w/o online proxy mixture,NATURAL VIDEO WITH SIMULATED SENSING
DAVIS,drift,256,448,4,64,area,main,PEM_R9_TwinAudit,PEM_R9_dual_fixed,augmented_squared_error,40,40,19.16631487370408,-27.996510768073488,53.30393958083399,1.0451845933829694e-09,1.2930062408387732e-09,0.4645767711614419,True,percent_reduction,1.0,TwinAudit (ours),Ours w/o online proxy mixture,NATURAL VIDEO WITH SIMULATED SENSING
DAVIS,drift,256,448,4,64,area,main,PEM_R9_TwinAudit,PEM_R9_dual_fixed,write_pqv,40,40,4.759677131594231,-9.168124475641152,17.463637206317937,1.557265561980322e-10,1.6350905951169516e-10,0.5356732163391831,True,percent_reduction,1.0,TwinAudit (ours),Ours w/o online proxy mixture,NATURAL VIDEO WITH SIMULATED SENSING
DAVIS,drift,256,448,4,64,area,main,PEM_R9_TwinAudit,PEM_R9_dual_fixed,write_squared_error,40,40,-43.39952111226415,-127.7451788653006,35.2730838773034,2.1872930347047e-10,1.5253140441050143e-10,0.4051297435128244,True,percent_reduction,1.0,TwinAudit (ours),Ours w/o online proxy mixture,NATURAL VIDEO WITH SIMULATED SENSING
DAVIS,drift,256,448,4,64,area,main,PEM_R9_TwinAudit,PEM_R9_dual_fixed,cs_final_width,40,40,5.746723444445445,3.653225160664994,7.863821927377965,0.010155599197574448,0.010774796981820104,4.999750012499375e-05,True,percent_reduction,0.00199990000499975,TwinAudit (ours),Ours w/o online proxy mixture,NATURAL VIDEO WITH SIMULATED SENSING
DAVIS,drift,256,448,4,64,area,main,PEM_R9_TwinAudit,PEM_R9_dual_fixed,write_cs_final_width,40,40,2.9266639217078394,1.8796653035560809,4.048571692416758,0.009936276731484566,0.01023584552968356,4.999750012499375e-05,True,percent_reduction,0.000599970001499925,TwinAudit (ours),Ours w/o online proxy mixture,NATURAL VIDEO WITH SIMULATED SENSING
DAVIS,drift,256,448,4,64,area,main,PEM_R9_TwinAudit,PEM_R9_dual_fixed,online_total_ms_mean,40,40,-0.5055352360234355,-0.9571453310554906,-0.059566776317730545,372.1185296835288,370.2468016409838,0.037048147592620366,True,percent_reduction,0.18524073796310184,TwinAudit (ours),Ours w/o online proxy mixture,NATURAL VIDEO WITH SIMULATED SENSING
DAVIS,drift,256,448,4,64,area,main,PEM_R9_TwinAudit,PEM_R9_dual_fixed,psnr_db,40,40,-0.025896150452585066,-0.03697837331816441,-0.016345516302028306,26.878330355769958,26.90422650622254,4.999750012499375e-05,True,difference_dB,0.00199990000499975,TwinAudit (ours),Ours w/o online proxy mixture,NATURAL VIDEO WITH SIMULATED SENSING
DAVIS,drift,256,448,4,64,area,main,PEM_R9_TwinAudit,PEM_audit_only,mse,40,40,3.8498485921033443,2.8464985505822122,5.154982317484637,0.0024535618704634803,0.0025518023992024347,4.999750012499375e-05,True,percent_reduction,0.00199990000499975,TwinAudit (ours),Audit-only gaze,NATURAL VIDEO WITH SIMULATED SENSING
DAVIS,drift,256,448,4,64,area,main,PEM_R9_TwinAudit,PEM_audit_only,ssim,40,40,-0.7270658674553898,-1.0158294829464682,-0.5158742819826734,0.7397445038868021,0.7344048965550295,4.999750012499375e-05,False,percent_reduction,0.00199990000499975,TwinAudit (ours),Audit-only gaze,NATURAL VIDEO WITH SIMULATED SENSING
DAVIS,drift,256,448,4,64,area,main,PEM_R9_TwinAudit,PEM_audit_only,augmented_pqv,40,40,-348.82901808336175,-587.3544047415484,-230.97633902941095,8.9681043388341e-10,1.9981115252152523e-10,4.999750012499375e-05,True,percent_reduction,0.00199990000499975,TwinAudit (ours),Audit-only gaze,NATURAL VIDEO WITH SIMULATED SENSING
DAVIS,drift,256,448,4,64,area,main,PEM_R9_TwinAudit,PEM_audit_only,augmented_squared_error,40,40,-396.4310922351454,-914.8831253701933,-134.9762596756946,1.0451845933829694e-09,2.105397123047029e-10,0.0027498625068746564,True,percent_reduction,0.07149642517874107,TwinAudit (ours),Audit-only gaze,NATURAL VIDEO WITH SIMULATED SENSING
DAVIS,drift,256,448,4,64,area,main,PEM_R9_TwinAudit,PEM_audit_only,cs_final_width,40,40,-17.060883084778887,-25.7041374034282,-11.032857939068448,0.010155599197574448,0.008675484867322817,4.999750012499375e-05,True,percent_reduction,0.00199990000499975,TwinAudit (ours),Audit-only gaze,NATURAL VIDEO WITH SIMULATED SENSING
DAVIS,drift,256,448,4,64,area,main,PEM_R9_TwinAudit,PEM_audit_only,online_total_ms_mean,40,40,-52.749516822414556,-53.6394766934105,-51.8383283033451,372.1185296835288,243.61355598666213,4.999750012499375e-05,True,percent_reduction,0.00199990000499975,TwinAudit (ours),Audit-only gaze,NATURAL VIDEO WITH SIMULATED SENSING
DAVIS,drift,256,448,4,64,area,main,PEM_R9_TwinAudit,PEM_audit_only,psnr_db,40,40,0.17966903041608565,0.1402473753978441,0.22526666469720538,26.878330355769958,26.698661325353868,4.999750012499375e-05,True,difference_dB,0.00199990000499975,TwinAudit (ours),Audit-only gaze,NATURAL VIDEO WITH SIMULATED SENSING
DAVIS,drift,256,448,4,64,area,main,PEM_R9_TwinAudit,PEM_greedy,mse,40,40,-1.9152722702965752,-2.5635462784503855,-1.3466866395945778,0.0024535618704634803,0.002407452598425306,4.999750012499375e-05,True,percent_reduction,0.00199990000499975,TwinAudit (ours),Greedy gaze,NATURAL VIDEO WITH SIMULATED SENSING
DAVIS,drift,256,448,4,64,area,main,PEM_R9_TwinAudit,PEM_greedy,ssim,40,40,0.3285152344147835,0.22345853110677855,0.45503201766221774,0.7397445038868021,0.7421826870810524,4.999750012499375e-05,False,percent_reduction,0.00199990000499975,TwinAudit (ours),Greedy gaze,NATURAL VIDEO WITH SIMULATED SENSING
DAVIS,drift,256,448,4,64,area,main,PEM_R9_TwinAudit,PEM_greedy,augmented_pqv,40,40,98.17038963073308,97.63175895691317,98.5206705580559,8.9681043388341e-10,4.901647088077777e-08,4.999750012499375e-05,True,percent_reduction,0.00199990000499975,TwinAudit (ours),Greedy gaze,NATURAL VIDEO WITH SIMULATED SENSING
DAVIS,drift,256,448,4,64,area,main,PEM_R9_TwinAudit,PEM_greedy,augmented_squared_error,40,40,98.65791754629217,94.21986172141663,99.4285388268434,1.0451845933829694e-09,7.787782266994019e-08,4.999750012499375e-05,True,percent_reduction,0.00199990000499975,TwinAudit (ours),Greedy gaze,NATURAL VIDEO WITH SIMULATED SENSING
DAVIS,drift,256,448,4,64,area,main,PEM_R9_TwinAudit,PEM_greedy,cs_final_width,40,40,97.76375401482188,97.5077342710428,97.97615042257051,0.010155599197574448,0.45413605054569095,4.999750012499375e-05,True,percent_reduction,0.00199990000499975,TwinAudit (ours),Greedy gaze,NATURAL VIDEO WITH SIMULATED SENSING
DAVIS,drift,256,448,4,64,area,main,PEM_R9_TwinAudit,PEM_greedy,online_total_ms_mean,40,40,-52.87666183192672,-53.682995346983375,-52.05250212155136,372.1185296835288,243.41094659212112,4.999750012499375e-05,True,percent_reduction,0.00199990000499975,TwinAudit (ours),Greedy gaze,NATURAL VIDEO WITH SIMULATED SENSING
DAVIS,drift,256,448,4,64,area,main,PEM_R9_TwinAudit,PEM_greedy,psnr_db,40,40,-0.07182979014466104,-0.0924824576302188,-0.052673918238830886,26.878330355769958,26.950160145914616,4.999750012499375e-05,True,difference_dB,0.00199990000499975,TwinAudit (ours),Greedy gaze,NATURAL VIDEO WITH SIMULATED SENSING
DAVIS,drift,256,448,4,64,area,main,PEM_R9_TwinAudit,PEM_risk_only,mse,40,40,2.752814604479603,2.044497460743549,3.5494069716481262,0.0024535618704634803,0.002523015818385322,4.999750012499375e-05,True,percent_reduction,0.00199990000499975,TwinAudit (ours),Risk-only gaze,NATURAL VIDEO WITH SIMULATED SENSING
DAVIS,drift,256,448,4,64,area,main,PEM_R9_TwinAudit,PEM_risk_only,ssim,40,40,-0.3035538614038158,-0.404585891180001,-0.20158409276053893,0.7397445038868021,0.7375057766237845,4.999750012499375e-05,False,percent_reduction,0.00199990000499975,TwinAudit (ours),Risk-only gaze,NATURAL VIDEO WITH SIMULATED SENSING
DAVIS,drift,256,448,4,64,area,main,PEM_R9_TwinAudit,PEM_risk_only,augmented_pqv,40,40,41.07519588025883,24.74319437890308,50.761095568684276,8.9681043388341e-10,1.5219574291006556e-09,9.99950002499875e-05,True,percent_reduction,0.00199990000499975,TwinAudit (ours),Risk-only gaze,NATURAL VIDEO WITH SIMULATED SENSING
DAVIS,drift,256,448,4,64,area,main,PEM_R9_TwinAudit,PEM_risk_only,augmented_squared_error,40,40,-10.906865412534472,-108.80528390909676,43.92066654666588,1.0451845933829694e-09,9.42398461533694e-10,0.7527623618819059,True,percent_reduction,1.0,TwinAudit (ours),Risk-only gaze,NATURAL VIDEO WITH SIMULATED SENSING
DAVIS,drift,256,448,4,64,area,main,PEM_R9_TwinAudit,PEM_risk_only,cs_final_width,40,40,36.67541679143728,29.603090176991355,43.0175840978383,0.010155599197574448,0.01603737234894459,4.999750012499375e-05,True,percent_reduction,0.00199990000499975,TwinAudit (ours),Risk-only gaze,NATURAL VIDEO WITH SIMULATED SENSING
DAVIS,drift,256,448,4,64,area,main,PEM_R9_TwinAudit,PEM_risk_only,online_total_ms_mean,40,40,-52.754352039206196,-53.534487542369654,-52.04854343292922,372.1185296835288,243.60584475394862,4.999750012499375e-05,True,percent_reduction,0.00199990000499975,TwinAudit (ours),Risk-only gaze,NATURAL VIDEO WITH SIMULATED SENSING
DAVIS,drift,256,448,4,64,area,main,PEM_R9_TwinAudit,PEM_risk_only,psnr_db,40,40,0.13430932473787519,0.10327335584418552,0.16674423747403405,26.878330355769958,26.744021031032084,4.999750012499375e-05,True,difference_dB,0.00199990000499975,TwinAudit (ours),Risk-only gaze,NATURAL VIDEO WITH SIMULATED SENSING
DAVIS,drift,256,448,4,64,area,main,PEM_R9_TwinAudit,PEM_softmax,mse,40,40,0.056413068377692,-0.7451756711129554,0.754448490346677,0.0024535618704634803,0.002454946781269834,0.8970551472426379,True,percent_reduction,1.0,TwinAudit (ours),Benefit-softmax gaze,NATURAL VIDEO WITH SIMULATED SENSING
DAVIS,drift,256,448,4,64,area,main,PEM_R9_TwinAudit,PEM_softmax,ssim,40,40,0.09636703656840107,-0.028483285976800832,0.259028222765725,0.7397445038868021,0.7404580613775835,0.2593370331483426,False,percent_reduction,0.6301684915754212,TwinAudit (ours),Benefit-softmax gaze,NATURAL VIDEO WITH SIMULATED SENSING
DAVIS,drift,256,448,4,64,area,main,PEM_R9_TwinAudit,PEM_softmax,augmented_pqv,40,40,88.7765873738704,86.54868954271626,90.43913188396131,8.9681043388341e-10,7.99053250341626e-09,4.999750012499375e-05,True,percent_reduction,0.00199990000499975,TwinAudit (ours),Benefit-softmax gaze,NATURAL VIDEO WITH SIMULATED SENSING
DAVIS,drift,256,448,4,64,area,main,PEM_R9_TwinAudit,PEM_softmax,augmented_squared_error,40,40,78.42946132274076,62.04358841986969,89.39804811288501,1.0451845933829694e-09,4.845426482023168e-09,4.999750012499375e-05,True,percent_reduction,0.00199990000499975,TwinAudit (ours),Benefit-softmax gaze,NATURAL VIDEO WITH SIMULATED SENSING
DAVIS,drift,256,448,4,64,area,main,PEM_R9_TwinAudit,PEM_softmax,cs_final_width,40,40,90.11223184633666,88.50832417217913,91.41559113128989,0.010155599197574448,0.10270871080054471,4.999750012499375e-05,True,percent_reduction,0.00199990000499975,TwinAudit (ours),Benefit-softmax gaze,NATURAL VIDEO WITH SIMULATED SENSING
DAVIS,drift,256,448,4,64,area,main,PEM_R9_TwinAudit,PEM_softmax,online_total_ms_mean,40,40,-52.80553566288755,-53.58244047986803,-52.06660954728284,372.1185296835288,243.52424672917567,4.999750012499375e-05,True,percent_reduction,0.00199990000499975,TwinAudit (ours),Benefit-softmax gaze,NATURAL VIDEO WITH SIMULATED SENSING
DAVIS,drift,256,448,4,64,area,main,PEM_R9_TwinAudit,PEM_softmax,psnr_db,40,40,0.01789992510831597,-0.006071347544788488,0.04016735810223082,26.878330355769958,26.860430430661644,0.14454277286135694,True,difference_dB,0.5781710914454278,TwinAudit (ours),Benefit-softmax gaze,NATURAL VIDEO WITH SIMULATED SENSING
DAVIS,drift,256,448,4,64,area,main,PEM_R9_TwinAudit,PEM_uniform,mse,40,40,3.7461314936179435,2.901656490464689,4.678279890091768,0.0024535618704634803,0.0025490527378655937,4.999750012499375e-05,True,percent_reduction,0.00199990000499975,TwinAudit (ours),Uniform gaze,NATURAL VIDEO WITH SIMULATED SENSING
DAVIS,drift,256,448,4,64,area,main,PEM_R9_TwinAudit,PEM_uniform,ssim,40,40,-0.4865034202432561,-0.6236437914667847,-0.3474512508997254,0.7397445038868021,0.736163045491917,4.999750012499375e-05,False,percent_reduction,0.00199990000499975,TwinAudit (ours),Uniform gaze,NATURAL VIDEO WITH SIMULATED SENSING
DAVIS,drift,256,448,4,64,area,main,PEM_R9_TwinAudit,PEM_uniform,augmented_pqv,40,40,33.391662929996194,16.10319773322946,46.05003584323456,8.9681043388341e-10,1.346393669820766e-09,9.99950002499875e-05,True,percent_reduction,0.00199990000499975,TwinAudit (ours),Uniform gaze,NATURAL VIDEO WITH SIMULATED SENSING
DAVIS,drift,256,448,4,64,area,main,PEM_R9_TwinAudit,PEM_uniform,augmented_squared_error,40,40,-55.524157030993315,-170.91984195640117,19.389408309754433,1.0451845933829694e-09,6.720400311667865e-10,0.18434078296085196,True,percent_reduction,1.0,TwinAudit (ours),Uniform gaze,NATURAL VIDEO WITH SIMULATED SENSING
DAVIS,drift,256,448,4,64,area,main,PEM_R9_TwinAudit,PEM_uniform,cs_final_width,40,40,37.88456804943233,33.27678434948361,42.23314614231956,0.010155599197574448,0.016349559004365317,4.999750012499375e-05,True,percent_reduction,0.00199990000499975,TwinAudit (ours),Uniform gaze,NATURAL VIDEO WITH SIMULATED SENSING
DAVIS,drift,256,448,4,64,area,main,PEM_R9_TwinAudit,PEM_uniform,online_total_ms_mean,40,40,-52.82351219423027,-53.70410406808347,-51.997886654510694,372.1185296835288,243.495601128828,4.999750012499375e-05,True,percent_reduction,0.00199990000499975,TwinAudit (ours),Uniform gaze,NATURAL VIDEO WITH SIMULATED SENSING
DAVIS,drift,256,448,4,64,area,main,PEM_R9_TwinAudit,PEM_uniform,psnr_db,40,40,0.18114165096535925,0.14182175032150654,0.22303694893940565,26.878330355769958,26.697188704804596,4.999750012499375e-05,True,difference_dB,0.00199990000499975,TwinAudit (ours),Uniform gaze,NATURAL VIDEO WITH SIMULATED SENSING
DAVIS,drift,256,448,4,64,area,main,PEM_R9_TwinAudit,PPAT2026_M1,mse,40,40,3.720946443040629,2.9916099809134282,4.597391451269979,0.0024535618704634803,0.0025483859467022446,4.999750012499375e-05,True,percent_reduction,0.00199990000499975,TwinAudit (ours),"PPAT (2026), M=1",NATURAL VIDEO WITH SIMULATED SENSING
DAVIS,drift,256,448,4,64,area,main,PEM_R9_TwinAudit,PPAT2026_M1,ssim,40,40,-0.585345993372588,-0.728272435446784,-0.4593286114770713,0.7397445038868021,0.7354396374354002,4.999750012499375e-05,False,percent_reduction,0.00199990000499975,TwinAudit (ours),"PPAT (2026), M=1",NATURAL VIDEO WITH SIMULATED SENSING
DAVIS,drift,256,448,4,64,area,main,PEM_R9_TwinAudit,PPAT2026_M1,augmented_pqv,40,40,-56.904267899893114,-83.86139676455251,-35.22289919465746,8.9681043388341e-10,5.71565353757991e-10,4.999750012499375e-05,True,percent_reduction,0.00199990000499975,TwinAudit (ours),"PPAT (2026), M=1",NATURAL VIDEO WITH SIMULATED SENSING
DAVIS,drift,256,448,4,64,area,main,PEM_R9_TwinAudit,PPAT2026_M1,augmented_squared_error,40,40,-145.02439336839169,-334.166540227496,-28.825803615927807,1.0451845933829694e-09,4.265634857879416e-10,0.025948702564871758,True,percent_reduction,0.5449227538623069,TwinAudit (ours),"PPAT (2026), M=1",NATURAL VIDEO WITH SIMULATED SENSING
DAVIS,drift,256,448,4,64,area,main,PEM_R9_TwinAudit,PPAT2026_M1,cs_final_width,40,40,-9.061045810094015,-11.60281575649457,-6.636946777841978,0.010155599197574448,0.009311848352580632,4.999750012499375e-05,True,percent_reduction,0.00199990000499975,TwinAudit (ours),"PPAT (2026), M=1",NATURAL VIDEO WITH SIMULATED SENSING
DAVIS,drift,256,448,4,64,area,main,PEM_R9_TwinAudit,PPAT2026_M1,online_total_ms_mean,40,40,-53.16946990808775,-54.09048835049799,-52.24279570286145,372.1185296835288,242.94562741963236,4.999750012499375e-05,True,percent_reduction,0.00199990000499975,TwinAudit (ours),"PPAT (2026), M=1",NATURAL VIDEO WITH SIMULATED SENSING
DAVIS,drift,256,448,4,64,area,main,PEM_R9_TwinAudit,PPAT2026_M1,psnr_db,40,40,0.18417029857451794,0.14420631283193572,0.22843045834753212,26.878330355769958,26.69416005719544,4.999750012499375e-05,True,difference_dB,0.00199990000499975,TwinAudit (ours),"PPAT (2026), M=1",NATURAL VIDEO WITH SIMULATED SENSING
DAVIS,nominal,256,448,4,64,area,main,PEM_R9_TwinAudit,PEM_R6_fixed,mse,40,40,-1.8829165504283818,-2.572533492605761,-1.3548979945904618,0.002028989423283803,0.0019914913039219156,4.999750012499375e-05,True,percent_reduction,0.00199990000499975,TwinAudit (ours),"Joint gaze, fixed proxy (prior version)",NATURAL VIDEO WITH SIMULATED SENSING
DAVIS,nominal,256,448,4,64,area,main,PEM_R9_TwinAudit,PEM_R6_fixed,ssim,40,40,0.24942492374689929,0.16657723890854348,0.3659927018804193,0.805679667979825,0.8076942587688674,4.999750012499375e-05,False,percent_reduction,0.00199990000499975,TwinAudit (ours),"Joint gaze, fixed proxy (prior version)",NATURAL VIDEO WITH SIMULATED SENSING
DAVIS,nominal,256,448,4,64,area,main,PEM_R9_TwinAudit,PEM_R6_fixed,augmented_pqv,40,40,81.12868701337538,76.54083123929983,84.56225627634,9.187092188154299e-10,4.868284572814737e-09,4.999750012499375e-05,True,percent_reduction,0.00199990000499975,TwinAudit (ours),"Joint gaze, fixed proxy (prior version)",NATURAL VIDEO WITH SIMULATED SENSING
DAVIS,nominal,256,448,4,64,area,main,PEM_R9_TwinAudit,PEM_R6_fixed,augmented_squared_error,40,40,81.63019957475885,63.39171066594497,90.45286419781766,1.246116388799656e-09,6.7835053182582295e-09,0.0008999550022498875,True,percent_reduction,0.025198740062996848,TwinAudit (ours),"Joint gaze, fixed proxy (prior version)",NATURAL VIDEO WITH SIMULATED SENSING
DAVIS,nominal,256,448,4,64,area,main,PEM_R9_TwinAudit,PEM_R6_fixed,cs_final_width,40,40,72.19575460756677,68.75932474858406,74.913278427144,0.01022525103377577,0.036775862424802644,4.999750012499375e-05,True,percent_reduction,0.00199990000499975,TwinAudit (ours),"Joint gaze, fixed proxy (prior version)",NATURAL VIDEO WITH SIMULATED SENSING
DAVIS,nominal,256,448,4,64,area,main,PEM_R9_TwinAudit,PEM_R6_fixed,online_total_ms_mean,40,40,-50.90789211090387,-51.76714253991838,-50.04554386870866,374.4451589004884,248.1282812069925,4.999750012499375e-05,True,percent_reduction,0.00199990000499975,TwinAudit (ours),"Joint gaze, fixed proxy (prior version)",NATURAL VIDEO WITH SIMULATED SENSING
DAVIS,nominal,256,448,4,64,area,main,PEM_R9_TwinAudit,PEM_R6_fixed,psnr_db,40,40,-0.08526126386952022,-0.1141111632547298,-0.062282730553122785,28.261881743416996,28.347143007286512,4.999750012499375e-05,True,difference_dB,0.00199990000499975,TwinAudit (ours),"Joint gaze, fixed proxy (prior version)",NATURAL VIDEO WITH SIMULATED SENSING
DAVIS,nominal,256,448,4,64,area,main,PEM_R9_TwinAudit,PEM_R8_certified,mse,40,40,-0.307596278972988,-0.5419738786326694,-0.10416026041986612,0.002028989423283803,0.002022767465826644,0.005649717514124294,True,percent_reduction,0.04519774011299435,TwinAudit (ours),Ours w/o write-audit constraint,NATURAL VIDEO WITH SIMULATED SENSING
DAVIS,nominal,256,448,4,64,area,main,PEM_R9_TwinAudit,PEM_R8_certified,ssim,40,40,0.04278145415919088,0.004031658879276034,0.08730208180816373,0.805679667979825,0.8060244969805126,0.050047497625118745,False,percent_reduction,0.3503324833758312,TwinAudit (ours),Ours w/o write-audit constraint,NATURAL VIDEO WITH SIMULATED SENSING
DAVIS,nominal,256,448,4,64,area,main,PEM_R9_TwinAudit,PEM_R8_certified,augmented_pqv,40,40,13.521196164964099,9.213364045961647,17.175747991037728,9.187092188154299e-10,1.0623519036733314e-09,0.0002999850007499625,True,percent_reduction,0.0026998650067496625,TwinAudit (ours),Ours w/o write-audit constraint,NATURAL VIDEO WITH SIMULATED SENSING
DAVIS,nominal,256,448,4,64,area,main,PEM_R9_TwinAudit,PEM_R8_certified,augmented_squared_error,40,40,1.1357404691015205,-54.55579484190399,48.896475494093636,1.246116388799656e-09,1.2604316208024617e-09,0.9626018699065046,True,percent_reduction,1.0,TwinAudit (ours),Ours w/o write-audit constraint,NATURAL VIDEO WITH SIMULATED SENSING
DAVIS,nominal,256,448,4,64,area,main,PEM_R9_TwinAudit,PEM_R8_certified,write_pqv,40,40,2.440113332589322,-11.895268138415133,12.16934771235191,9.084828173711298e-11,9.312052816012581e-11,0.7543122843857807,True,percent_reduction,1.0,TwinAudit (ours),Ours w/o write-audit constraint,NATURAL VIDEO WITH SIMULATED SENSING
DAVIS,nominal,256,448,4,64,area,main,PEM_R9_TwinAudit,PEM_R8_certified,write_squared_error,40,40,-25.733372153742586,-140.42678244316232,37.66674616020258,6.165772744752694e-11,4.903847434564462e-11,0.5258237088145593,True,percent_reduction,1.0,TwinAudit (ours),Ours w/o write-audit constraint,NATURAL VIDEO WITH SIMULATED SENSING
DAVIS,nominal,256,448,4,64,area,main,PEM_R9_TwinAudit,PEM_R8_certified,cs_final_width,40,40,4.457733069843995,2.6847608281379935,6.329748177034749,0.01022525103377577,0.010702332446487486,4.999750012499375e-05,True,percent_reduction,0.00199990000499975,TwinAudit (ours),Ours w/o write-audit constraint,NATURAL VIDEO WITH SIMULATED SENSING
DAVIS,nominal,256,448,4,64,area,main,PEM_R9_TwinAudit,PEM_R8_certified,write_cs_final_width,40,40,2.9805822060719134,1.6276829426497008,4.559261747005128,0.009864168638425371,0.01016721071175374,4.999750012499375e-05,True,percent_reduction,0.000599970001499925,TwinAudit (ours),Ours w/o write-audit constraint,NATURAL VIDEO WITH SIMULATED SENSING
DAVIS,nominal,256,448,4,64,area,main,PEM_R9_TwinAudit,PEM_R8_certified,online_total_ms_mean,40,40,1.0614770353868708,0.5901723174061693,1.5387529856851458,374.4451589004884,378.46245090440095,0.00014999250037498125,True,percent_reduction,0.00199990000499975,TwinAudit (ours),Ours w/o write-audit constraint,NATURAL VIDEO WITH SIMULATED SENSING
DAVIS,nominal,256,448,4,64,area,main,PEM_R9_TwinAudit,PEM_R8_certified,psnr_db,40,40,-0.016046554250867918,-0.02967320311491158,-0.005991041125342229,28.261881743416996,28.277928297667863,0.0019499025048747563,True,difference_dB,0.013649317534123294,TwinAudit (ours),Ours w/o write-audit constraint,NATURAL VIDEO WITH SIMULATED SENSING
DAVIS,nominal,256,448,4,64,area,main,PEM_R9_TwinAudit,PEM_R9_TwinAudit_strict,mse,40,40,4.443877859345813,3.5396873071882173,5.484906521716799,0.002028989423283803,0.002123348434229284,4.999750012499375e-05,True,percent_reduction,0.00199990000499975,TwinAudit (ours),TwinAudit-strict (κw = 1),NATURAL VIDEO WITH SIMULATED SENSING
DAVIS,nominal,256,448,4,64,area,main,PEM_R9_TwinAudit,PEM_R9_TwinAudit_strict,ssim,40,40,-0.4102493687535125,-0.5057340147782036,-0.31975394204947666,0.805679667979825,0.8023878767803788,4.999750012499375e-05,False,percent_reduction,0.00199990000499975,TwinAudit (ours),TwinAudit-strict (κw = 1),NATURAL VIDEO WITH SIMULATED SENSING
DAVIS,nominal,256,448,4,64,area,main,PEM_R9_TwinAudit,PEM_R9_TwinAudit_strict,augmented_pqv,40,40,-141.38170770579515,-173.87461102095972,-112.85728948085658,9.187092188154299e-10,3.806043248045897e-10,4.999750012499375e-05,True,percent_reduction,0.00199990000499975,TwinAudit (ours),TwinAudit-strict (κw = 1),NATURAL VIDEO WITH SIMULATED SENSING
DAVIS,nominal,256,448,4,64,area,main,PEM_R9_TwinAudit,PEM_R9_TwinAudit_strict,augmented_squared_error,40,40,-145.1790775346478,-646.5271801970115,17.97506920761835,1.246116388799656e-09,5.082474415556766e-10,0.12949352532373382,True,percent_reduction,1.0,TwinAudit (ours),TwinAudit-strict (κw = 1),NATURAL VIDEO WITH SIMULATED SENSING
DAVIS,nominal,256,448,4,64,area,main,PEM_R9_TwinAudit,PEM_R9_TwinAudit_strict,write_pqv,40,40,-110.59839948115963,-171.125388427407,-60.99706894867359,9.084828173711298e-11,4.313816342428584e-11,4.999750012499375e-05,True,percent_reduction,0.000599970001499925,TwinAudit (ours),TwinAudit-strict (κw = 1),NATURAL VIDEO WITH SIMULATED SENSING
DAVIS,nominal,256,448,4,64,area,main,PEM_R9_TwinAudit,PEM_R9_TwinAudit_strict,write_squared_error,40,40,-90.09121699254175,-305.998792710547,11.585728226353305,6.165772744752694e-11,3.24358633833914e-11,0.14304284785760712,True,percent_reduction,1.0,TwinAudit (ours),TwinAudit-strict (κw = 1),NATURAL VIDEO WITH SIMULATED SENSING
DAVIS,nominal,256,448,4,64,area,main,PEM_R9_TwinAudit,PEM_R9_TwinAudit_strict,cs_final_width,40,40,-13.394997132549546,-18.108777868891174,-9.565118334003042,0.01022525103377577,0.009017374039723535,4.999750012499375e-05,True,percent_reduction,0.00199990000499975,TwinAudit (ours),TwinAudit-strict (κw = 1),NATURAL VIDEO WITH SIMULATED SENSING
DAVIS,nominal,256,448,4,64,area,main,PEM_R9_TwinAudit,PEM_R9_TwinAudit_strict,write_cs_final_width,40,40,-11.82502476466658,-16.88540463302929,-7.804082913972304,0.009864168638425371,0.008821074405468997,4.999750012499375e-05,True,percent_reduction,0.000599970001499925,TwinAudit (ours),TwinAudit-strict (κw = 1),NATURAL VIDEO WITH SIMULATED SENSING
DAVIS,nominal,256,448,4,64,area,main,PEM_R9_TwinAudit,PEM_R9_TwinAudit_strict,online_total_ms_mean,40,40,0.048608195513932806,-0.6309681694946612,0.7789299079831917,374.4451589004884,374.62725845072464,0.8994050297485126,True,percent_reduction,0.8994050297485126,TwinAudit (ours),TwinAudit-strict (κw = 1),NATURAL VIDEO WITH SIMULATED SENSING
DAVIS,nominal,256,448,4,64,area,main,PEM_R9_TwinAudit,PEM_R9_TwinAudit_strict,psnr_db,40,40,0.23865944363021868,0.19427226540837328,0.2862346051549421,28.261881743416996,28.023222299786777,4.999750012499375e-05,True,difference_dB,0.00199990000499975,TwinAudit (ours),TwinAudit-strict (κw = 1),NATURAL VIDEO WITH SIMULATED SENSING
DAVIS,nominal,256,448,4,64,area,main,PEM_R9_TwinAudit,PEM_R9_dual_fixed,mse,40,40,-0.5376436477543933,-0.8339357826117771,-0.24448779053915357,0.002028989423283803,0.002018139027002273,0.0008999550022498875,True,percent_reduction,0.008099595020248988,TwinAudit (ours),Ours w/o online proxy mixture,NATURAL VIDEO WITH SIMULATED SENSING
DAVIS,nominal,256,448,4,64,area,main,PEM_R9_TwinAudit,PEM_R9_dual_fixed,ssim,40,40,0.03313254632855145,-0.009219904430147197,0.07056386214041444,0.805679667979825,0.8059466986431364,0.10989450527473626,False,percent_reduction,0.5494725263736813,TwinAudit (ours),Ours w/o online proxy mixture,NATURAL VIDEO WITH SIMULATED SENSING
DAVIS,nominal,256,448,4,64,area,main,PEM_R9_TwinAudit,PEM_R9_dual_fixed,augmented_pqv,40,40,27.24107864171419,19.325667550409474,31.43043827636418,9.187092188154299e-10,1.26267569895854e-09,4.999750012499375e-05,True,percent_reduction,0.00199990000499975,TwinAudit (ours),Ours w/o online proxy mixture,NATURAL VIDEO WITH SIMULATED SENSING
DAVIS,nominal,256,448,4,64,area,main,PEM_R9_TwinAudit,PEM_R9_dual_fixed,augmented_squared_error,40,40,24.68934982300539,-63.60797975318679,66.72701115911286,1.246116388799656e-09,1.6546350162573834e-09,0.488075596220189,True,percent_reduction,1.0,TwinAudit (ours),Ours w/o online proxy mixture,NATURAL VIDEO WITH SIMULATED SENSING
DAVIS,nominal,256,448,4,64,area,main,PEM_R9_TwinAudit,PEM_R9_dual_fixed,write_pqv,40,40,10.492416267281934,3.4902051982014006,16.65345181092332,9.084828173711298e-11,1.0149785967678272e-10,0.018699065046747662,True,percent_reduction,0.07239638018099095,TwinAudit (ours),Ours w/o online proxy mixture,NATURAL VIDEO WITH SIMULATED SENSING
DAVIS,nominal,256,448,4,64,area,main,PEM_R9_TwinAudit,PEM_R9_dual_fixed,write_squared_error,40,40,59.93830933868989,18.643859741851575,80.7474641096026,6.165772744752694e-11,1.539069530759304e-10,0.028848557572121392,True,percent_reduction,0.3461826908654567,TwinAudit (ours),Ours w/o online proxy mixture,NATURAL VIDEO WITH SIMULATED SENSING
DAVIS,nominal,256,448,4,64,area,main,PEM_R9_TwinAudit,PEM_R9_dual_fixed,cs_final_width,40,40,5.145072424336794,3.0442159889915783,7.360900080604838,0.01022525103377577,0.010779883865937659,4.999750012499375e-05,True,percent_reduction,0.00199990000499975,TwinAudit (ours),Ours w/o online proxy mixture,NATURAL VIDEO WITH SIMULATED SENSING
DAVIS,nominal,256,448,4,64,area,main,PEM_R9_TwinAudit,PEM_R9_dual_fixed,write_cs_final_width,40,40,2.5958802277245896,1.5324347332793284,3.7089024006130655,0.009864168638425371,0.01012705485300536,4.999750012499375e-05,True,percent_reduction,0.000599970001499925,TwinAudit (ours),Ours w/o online proxy mixture,NATURAL VIDEO WITH SIMULATED SENSING
DAVIS,nominal,256,448,4,64,area,main,PEM_R9_TwinAudit,PEM_R9_dual_fixed,online_total_ms_mean,40,40,0.31529230795291907,-0.16785943730816377,0.7927405866702467,374.4451589004884,375.6294897881934,0.21823908804559772,True,percent_reduction,0.6547172641367931,TwinAudit (ours),Ours w/o online proxy mixture,NATURAL VIDEO WITH SIMULATED SENSING
DAVIS,nominal,256,448,4,64,area,main,PEM_R9_TwinAudit,PEM_R9_dual_fixed,psnr_db,40,40,-0.01999463351400301,-0.03039381573015179,-0.009766738114967855,28.261881743416996,28.281876376930995,0.0004999750012499375,True,difference_dB,0.004499775011249437,TwinAudit (ours),Ours w/o online proxy mixture,NATURAL VIDEO WITH SIMULATED SENSING
DAVIS,nominal,256,448,4,64,area,main,PEM_R9_TwinAudit,PEM_audit_only,mse,40,40,5.058860089998984,3.5811041333492732,6.951026255814314,0.002028989423283803,0.0021371024460072564,4.999750012499375e-05,True,percent_reduction,0.00199990000499975,TwinAudit (ours),Audit-only gaze,NATURAL VIDEO WITH SIMULATED SENSING
DAVIS,nominal,256,448,4,64,area,main,PEM_R9_TwinAudit,PEM_audit_only,ssim,40,40,-0.6831293919022929,-0.9667923834069614,-0.4576807035280672,0.805679667979825,0.8002131765727813,4.999750012499375e-05,False,percent_reduction,0.00199990000499975,TwinAudit (ours),Audit-only gaze,NATURAL VIDEO WITH SIMULATED SENSING
DAVIS,nominal,256,448,4,64,area,main,PEM_R9_TwinAudit,PEM_audit_only,augmented_pqv,40,40,-345.0105516452802,-503.5599463075786,-244.204404192579,9.187092188154299e-10,2.0644661467437225e-10,4.999750012499375e-05,True,percent_reduction,0.00199990000499975,TwinAudit (ours),Audit-only gaze,NATURAL VIDEO WITH SIMULATED SENSING
DAVIS,nominal,256,448,4,64,area,main,PEM_R9_TwinAudit,PEM_audit_only,augmented_squared_error,40,40,-496.8289108029701,-1099.5974809886775,-270.69156525245427,1.246116388799656e-09,2.087895486033239e-10,9.99950002499875e-05,True,percent_reduction,0.0030998450077496125,TwinAudit (ours),Audit-only gaze,NATURAL VIDEO WITH SIMULATED SENSING
DAVIS,nominal,256,448,4,64,area,main,PEM_R9_TwinAudit,PEM_audit_only,cs_final_width,40,40,-17.397536825919403,-26.725427223261512,-10.52074825717655,0.01022525103377577,0.008709936605346396,4.999750012499375e-05,True,percent_reduction,0.00199990000499975,TwinAudit (ours),Audit-only gaze,NATURAL VIDEO WITH SIMULATED SENSING
DAVIS,nominal,256,448,4,64,area,main,PEM_R9_TwinAudit,PEM_audit_only,online_total_ms_mean,40,40,-52.61269045723673,-53.45097026832628,-51.73666760957825,374.4451589004884,245.35650199117018,4.999750012499375e-05,True,percent_reduction,0.00199990000499975,TwinAudit (ours),Audit-only gaze,NATURAL VIDEO WITH SIMULATED SENSING
DAVIS,nominal,256,448,4,64,area,main,PEM_R9_TwinAudit,PEM_audit_only,psnr_db,40,40,0.2648352309927118,0.20103970075451505,0.33628866614070535,28.261881743416996,27.997046512424287,4.999750012499375e-05,True,difference_dB,0.00199990000499975,TwinAudit (ours),Audit-only gaze,NATURAL VIDEO WITH SIMULATED SENSING
DAVIS,nominal,256,448,4,64,area,main,PEM_R9_TwinAudit,PEM_greedy,mse,40,40,-2.3350361545582787,-2.9799279923502833,-1.8114336227780221,0.002028989423283803,0.0019826928288952644,4.999750012499375e-05,True,percent_reduction,0.00199990000499975,TwinAudit (ours),Greedy gaze,NATURAL VIDEO WITH SIMULATED SENSING
DAVIS,nominal,256,448,4,64,area,main,PEM_R9_TwinAudit,PEM_greedy,ssim,40,40,0.33000833454551737,0.23153172977847136,0.4541201975968047,0.805679667979825,0.8083472813804526,4.999750012499375e-05,False,percent_reduction,0.00199990000499975,TwinAudit (ours),Greedy gaze,NATURAL VIDEO WITH SIMULATED SENSING
DAVIS,nominal,256,448,4,64,area,main,PEM_R9_TwinAudit,PEM_greedy,augmented_pqv,40,40,98.27134452342324,97.78353966427859,98.60211441166362,9.187092188154299e-10,5.314588310186252e-08,4.999750012499375e-05,True,percent_reduction,0.00199990000499975,TwinAudit (ours),Greedy gaze,NATURAL VIDEO WITH SIMULATED SENSING
DAVIS,nominal,256,448,4,64,area,main,PEM_R9_TwinAudit,PEM_greedy,augmented_squared_error,40,40,98.04380253569155,93.29214005214644,99.19485994992135,1.246116388799656e-09,6.370095103053344e-08,4.999750012499375e-05,True,percent_reduction,0.00199990000499975,TwinAudit (ours),Greedy gaze,NATURAL VIDEO WITH SIMULATED SENSING
DAVIS,nominal,256,448,4,64,area,main,PEM_R9_TwinAudit,PEM_greedy,cs_final_width,40,40,97.68983721608465,97.4027045969979,97.91742696578382,0.01022525103377577,0.4426203687882834,4.999750012499375e-05,True,percent_reduction,0.00199990000499975,TwinAudit (ours),Greedy gaze,NATURAL VIDEO WITH SIMULATED SENSING
DAVIS,nominal,256,448,4,64,area,main,PEM_R9_TwinAudit,PEM_greedy,online_total_ms_mean,40,40,-53.01883728868857,-53.943679860410185,-52.08374325772599,374.4451589004884,244.7052699753902,4.999750012499375e-05,True,percent_reduction,0.00199990000499975,TwinAudit (ours),Greedy gaze,NATURAL VIDEO WITH SIMULATED SENSING
DAVIS,nominal,256,448,4,64,area,main,PEM_R9_TwinAudit,PEM_greedy,psnr_db,40,40,-0.10797941622214821,-0.14062932917745918,-0.08359525366205812,28.261881743416996,28.369861159639147,4.999750012499375e-05,True,difference_dB,0.00199990000499975,TwinAudit (ours),Greedy gaze,NATURAL VIDEO WITH SIMULATED SENSING
DAVIS,nominal,256,448,4,64,area,main,PEM_R9_TwinAudit,PEM_risk_only,mse,40,40,2.937423942086703,1.9848648108362943,4.080585802924604,0.002028989423283803,0.0020903931316156163,4.999750012499375e-05,True,percent_reduction,0.00199990000499975,TwinAudit (ours),Risk-only gaze,NATURAL VIDEO WITH SIMULATED SENSING
DAVIS,nominal,256,448,4,64,area,main,PEM_R9_TwinAudit,PEM_risk_only,ssim,40,40,-0.1224434703918531,-0.26573559443865413,0.056430224400082996,0.805679667979825,0.8046943722643766,0.1575421228938553,False,percent_reduction,0.6301684915754212,TwinAudit (ours),Risk-only gaze,NATURAL VIDEO WITH SIMULATED SENSING
DAVIS,nominal,256,448,4,64,area,main,PEM_R9_TwinAudit,PEM_risk_only,augmented_pqv,40,40,28.879406528235563,11.77288382062852,37.280164134830926,9.187092188154299e-10,1.2917625879769497e-09,0.027948602569871507,True,percent_reduction,0.1272436378181091,TwinAudit (ours),Risk-only gaze,NATURAL VIDEO WITH SIMULATED SENSING
DAVIS,nominal,256,448,4,64,area,main,PEM_R9_TwinAudit,PEM_risk_only,augmented_squared_error,40,40,15.268801662063991,-172.2521986839139,68.6437225181998,1.246116388799656e-09,1.4706700875747468e-09,0.8096595170241488,True,percent_reduction,1.0,TwinAudit (ours),Risk-only gaze,NATURAL VIDEO WITH SIMULATED SENSING
DAVIS,nominal,256,448,4,64,area,main,PEM_R9_TwinAudit,PEM_risk_only,cs_final_width,40,40,33.64078087701083,26.457940858559184,40.4072424201391,0.01022525103377577,0.01540893815345302,4.999750012499375e-05,True,percent_reduction,0.00199990000499975,TwinAudit (ours),Risk-only gaze,NATURAL VIDEO WITH SIMULATED SENSING
DAVIS,nominal,256,448,4,64,area,main,PEM_R9_TwinAudit,PEM_risk_only,online_total_ms_mean,40,40,-52.885998703943486,-53.6803602179095,-52.1112179430754,374.4451589004884,244.91788788689786,4.999750012499375e-05,True,percent_reduction,0.00199990000499975,TwinAudit (ours),Risk-only gaze,NATURAL VIDEO WITH SIMULATED SENSING
DAVIS,nominal,256,448,4,64,area,main,PEM_R9_TwinAudit,PEM_risk_only,psnr_db,40,40,0.17816254189299183,0.13081981564609546,0.22811658477275062,28.261881743416996,28.083719201524,4.999750012499375e-05,True,difference_dB,0.00199990000499975,TwinAudit (ours),Risk-only gaze,NATURAL VIDEO WITH SIMULATED SENSING
DAVIS,nominal,256,448,4,64,area,main,PEM_R9_TwinAudit,PEM_softmax,mse,40,40,-0.11343037366982056,-1.0108109056378933,0.6831225923308157,0.002028989423283803,0.002026690540630435,0.8326583670816459,True,percent_reduction,1.0,TwinAudit (ours),Benefit-softmax gaze,NATURAL VIDEO WITH SIMULATED SENSING
DAVIS,nominal,256,448,4,64,area,main,PEM_R9_TwinAudit,PEM_softmax,ssim,40,40,0.17883115172756536,0.03607796106086636,0.37279378264369445,0.805679667979825,0.8071230554357195,0.016699165041747913,False,percent_reduction,0.1502924853757312,TwinAudit (ours),Benefit-softmax gaze,NATURAL VIDEO WITH SIMULATED SENSING
DAVIS,nominal,256,448,4,64,area,main,PEM_R9_TwinAudit,PEM_softmax,augmented_pqv,40,40,87.43552810588623,82.73861602653135,89.77385036255943,9.187092188154299e-10,7.31196047520174e-09,4.999750012499375e-05,True,percent_reduction,0.00199990000499975,TwinAudit (ours),Benefit-softmax gaze,NATURAL VIDEO WITH SIMULATED SENSING
DAVIS,nominal,256,448,4,64,area,main,PEM_R9_TwinAudit,PEM_softmax,augmented_squared_error,40,40,74.53478176879636,33.61524859599183,85.56613846046707,1.246116388799656e-09,4.893405497199846e-09,0.007899605019749012,True,percent_reduction,0.1974901254937253,TwinAudit (ours),Benefit-softmax gaze,NATURAL VIDEO WITH SIMULATED SENSING
DAVIS,nominal,256,448,4,64,area,main,PEM_R9_TwinAudit,PEM_softmax,cs_final_width,40,40,87.90607110994553,85.37246067341322,89.7608200685742,0.01022525103377577,0.0845486287105969,4.999750012499375e-05,True,percent_reduction,0.00199990000499975,TwinAudit (ours),Benefit-softmax gaze,NATURAL VIDEO WITH SIMULATED SENSING
DAVIS,nominal,256,448,4,64,area,main,PEM_R9_TwinAudit,PEM_softmax,online_total_ms_mean,40,40,-52.9385494457806,-53.65868910053928,-52.20015934028718,374.4451589004884,244.83373240913065,4.999750012499375e-05,True,percent_reduction,0.00199990000499975,TwinAudit (ours),Benefit-softmax gaze,NATURAL VIDEO WITH SIMULATED SENSING
DAVIS,nominal,256,448,4,64,area,main,PEM_R9_TwinAudit,PEM_softmax,psnr_db,40,40,0.0120710819527722,-0.024722962441540756,0.04384400629363776,28.261881743416996,28.24981066146422,0.5111244437778111,True,difference_dB,1.0,TwinAudit (ours),Benefit-softmax gaze,NATURAL VIDEO WITH SIMULATED SENSING
DAVIS,nominal,256,448,4,64,area,main,PEM_R9_TwinAudit,PEM_uniform,mse,40,40,4.37735442334104,3.250062231526683,5.72087617912568,0.002028989423283803,0.0021218712482256085,4.999750012499375e-05,True,percent_reduction,0.00199990000499975,TwinAudit (ours),Uniform gaze,NATURAL VIDEO WITH SIMULATED SENSING
DAVIS,nominal,256,448,4,64,area,main,PEM_R9_TwinAudit,PEM_uniform,ssim,40,40,-0.3097454550250234,-0.4702979822076747,-0.12216651317056412,0.805679667979825,0.8031918178289669,0.0015499225038748063,False,percent_reduction,0.015499225038748062,TwinAudit (ours),Uniform gaze,NATURAL VIDEO WITH SIMULATED SENSING
DAVIS,nominal,256,448,4,64,area,main,PEM_R9_TwinAudit,PEM_uniform,augmented_pqv,40,40,24.101068911074886,10.000474348908924,32.65156562294657,9.187092188154299e-10,1.2104376249239226e-09,0.0058497075146242685,True,percent_reduction,0.03509824508774561,TwinAudit (ours),Uniform gaze,NATURAL VIDEO WITH SIMULATED SENSING
DAVIS,nominal,256,448,4,64,area,main,PEM_R9_TwinAudit,PEM_uniform,augmented_squared_error,40,40,-57.13296281159366,-154.91770774072896,25.896934882351882,1.246116388799656e-09,7.930330889857787e-10,0.2549372531373431,True,percent_reduction,1.0,TwinAudit (ours),Uniform gaze,NATURAL VIDEO WITH SIMULATED SENSING
DAVIS,nominal,256,448,4,64,area,main,PEM_R9_TwinAudit,PEM_uniform,cs_final_width,40,40,35.21168684442064,30.874245998459447,39.193487289983004,0.01022525103377577,0.015782554809262238,4.999750012499375e-05,True,percent_reduction,0.00199990000499975,TwinAudit (ours),Uniform gaze,NATURAL VIDEO WITH SIMULATED SENSING
DAVIS,nominal,256,448,4,64,area,main,PEM_R9_TwinAudit,PEM_uniform,online_total_ms_mean,40,40,-52.658656431161475,-53.373351586350196,-51.925401578911725,374.4451589004884,245.28262442119512,4.999750012499375e-05,True,percent_reduction,0.00199990000499975,TwinAudit (ours),Uniform gaze,NATURAL VIDEO WITH SIMULATED SENSING
DAVIS,nominal,256,448,4,64,area,main,PEM_R9_TwinAudit,PEM_uniform,psnr_db,40,40,0.24973103623638418,0.19251861109534243,0.3106155793034301,28.261881743416996,28.01215070718061,4.999750012499375e-05,True,difference_dB,0.00199990000499975,TwinAudit (ours),Uniform gaze,NATURAL VIDEO WITH SIMULATED SENSING
DAVIS,nominal,256,448,4,64,area,main,PEM_R9_TwinAudit,PPAT2026_M1,mse,40,40,4.147448884045324,3.1669776300728305,5.313754087539041,0.002028989423283803,0.0021167818692997492,4.999750012499375e-05,True,percent_reduction,0.00199990000499975,TwinAudit (ours),"PPAT (2026), M=1",NATURAL VIDEO WITH SIMULATED SENSING
DAVIS,nominal,256,448,4,64,area,main,PEM_R9_TwinAudit,PPAT2026_M1,ssim,40,40,-0.3773797065704798,-0.4877417379010962,-0.27232842221580017,0.805679667979825,0.8026506273973668,4.999750012499375e-05,False,percent_reduction,0.00199990000499975,TwinAudit (ours),"PPAT (2026), M=1",NATURAL VIDEO WITH SIMULATED SENSING
DAVIS,nominal,256,448,4,64,area,main,PEM_R9_TwinAudit,PPAT2026_M1,augmented_pqv,40,40,-61.3356830797116,-88.735315176324,-32.68066049919633,9.187092188154299e-10,5.694395692746536e-10,0.0016999150042497876,True,percent_reduction,0.0135993200339983,TwinAudit (ours),"PPAT (2026), M=1",NATURAL VIDEO WITH SIMULATED SENSING
DAVIS,nominal,256,448,4,64,area,main,PEM_R9_TwinAudit,PPAT2026_M1,augmented_squared_error,40,40,-44.23242224151957,-231.69828154937886,24.9253387483206,1.246116388799656e-09,8.639641277832896e-10,0.30983450827458625,True,percent_reduction,1.0,TwinAudit (ours),"PPAT (2026), M=1",NATURAL VIDEO WITH SIMULATED SENSING
DAVIS,nominal,256,448,4,64,area,main,PEM_R9_TwinAudit,PPAT2026_M1,cs_final_width,40,40,-8.078290780701503,-10.108463862704426,-6.012201559342338,0.01022525103377577,0.009460966638086023,4.999750012499375e-05,True,percent_reduction,0.00199990000499975,TwinAudit (ours),"PPAT (2026), M=1",NATURAL VIDEO WITH SIMULATED SENSING
DAVIS,nominal,256,448,4,64,area,main,PEM_R9_TwinAudit,PPAT2026_M1,online_total_ms_mean,40,40,-52.88558602005531,-53.7397110039642,-52.001035049409786,374.4451589004884,244.91854899347362,4.999750012499375e-05,True,percent_reduction,0.00199990000499975,TwinAudit (ours),"PPAT (2026), M=1",NATURAL VIDEO WITH SIMULATED SENSING
DAVIS,nominal,256,448,4,64,area,main,PEM_R9_TwinAudit,PPAT2026_M1,psnr_db,40,40,0.24525844997505802,0.19330774662552624,0.300657752281291,28.261881743416996,28.01662329344194,4.999750012499375e-05,True,difference_dB,0.00199990000499975,TwinAudit (ours),"PPAT (2026), M=1",NATURAL VIDEO WITH SIMULATED SENSING
DAVIS,nominal,256,448,4,64,area,neural_sensor,PEM_R9_TwinAudit,BasicVSRpp2022_causal_memory,mse,10,10,30.224941660311476,12.761580511832094,46.898889293590635,0.0018138938922849335,0.00259963077845709,0.013671875,True,percent_reduction,0.24609375,TwinAudit (ours),BasicVSR++ causal (CVPR 2022) + patch + memory,NATURAL VIDEO WITH SIMULATED SENSING
DAVIS,nominal,256,448,4,64,area,neural_sensor,PEM_R9_TwinAudit,BasicVSRpp2022_causal_memory,ssim,10,10,-0.7773475284941211,-3.6500839050425444,1.606707437481894,0.8129016612486246,0.8066313325212118,0.599609375,False,percent_reduction,1.0,TwinAudit (ours),BasicVSR++ causal (CVPR 2022) + patch + memory,NATURAL VIDEO WITH SIMULATED SENSING
DAVIS,nominal,256,448,4,64,area,neural_sensor,PEM_R9_TwinAudit,BasicVSRpp2022_causal_memory,augmented_pqv,10,10,98.61186425077564,91.97663262735155,99.8065494256379,1.3271423069995915e-09,9.56060895154634e-08,0.001953125,True,percent_reduction,0.033203125,TwinAudit (ours),BasicVSR++ causal (CVPR 2022) + patch + memory,NATURAL VIDEO WITH SIMULATED SENSING
DAVIS,nominal,256,448,4,64,area,neural_sensor,PEM_R9_TwinAudit,BasicVSRpp2022_causal_memory,augmented_squared_error,10,10,90.7859763179016,52.53434933586454,99.63164626461865,2.5449112922157193e-09,2.7619977764547523e-08,0.037109375,True,percent_reduction,0.482421875,TwinAudit (ours),BasicVSR++ causal (CVPR 2022) + patch + memory,NATURAL VIDEO WITH SIMULATED SENSING
DAVIS,nominal,256,448,4,64,area,neural_sensor,PEM_R9_TwinAudit,BasicVSRpp2022_causal_memory,write_pqv,10,10,92.92588859100192,89.92858522533747,95.77429105042877,4.871474140910511e-11,6.886340713710169e-10,0.001953125,True,percent_reduction,0.015625,TwinAudit (ours),BasicVSR++ causal (CVPR 2022) + patch + memory,NATURAL VIDEO WITH SIMULATED SENSING
DAVIS,nominal,256,448,4,64,area,neural_sensor,PEM_R9_TwinAudit,BasicVSRpp2022_causal_memory,write_squared_error,10,10,95.46986706420337,90.2317065976166,98.2843263822424,2.356453258913546e-11,5.201730925583003e-10,0.001953125,True,percent_reduction,0.016199190040497975,TwinAudit (ours),BasicVSR++ causal (CVPR 2022) + patch + memory,NATURAL VIDEO WITH SIMULATED SENSING
DAVIS,nominal,256,448,4,64,area,neural_sensor,PEM_R9_TwinAudit,BasicVSRpp2022_causal_memory,cs_final_width,10,10,82.8881471181653,73.45054064039583,88.4918196434559,0.010666649810435311,0.06233486159619006,0.001953125,True,percent_reduction,0.029296875,TwinAudit (ours),BasicVSR++ causal (CVPR 2022) + patch + memory,NATURAL VIDEO WITH SIMULATED SENSING
DAVIS,nominal,256,448,4,64,area,neural_sensor,PEM_R9_TwinAudit,BasicVSRpp2022_causal_memory,write_cs_final_width,10,10,46.37136365331631,37.58662940715175,54.03153805169719,0.009752282123991301,0.018184840764824642,0.001953125,True,percent_reduction,0.015625,TwinAudit (ours),BasicVSR++ causal (CVPR 2022) + patch + memory,NATURAL VIDEO WITH SIMULATED SENSING
DAVIS,nominal,256,448,4,64,area,neural_sensor,PEM_R9_TwinAudit,BasicVSRpp2022_causal_memory,online_total_ms_mean,10,10,97.72456853864378,97.67472042551692,97.7778397186009,333.6992563217881,14665.317852417129,0.001953125,True,percent_reduction,0.02734375,TwinAudit (ours),BasicVSR++ causal (CVPR 2022) + patch + memory,NATURAL VIDEO WITH SIMULATED SENSING
DAVIS,nominal,256,448,4,64,area,neural_sensor,PEM_R9_TwinAudit,BasicVSRpp2022_causal_memory,psnr_db,10,10,1.6637855344091765,0.7798719281495738,2.6212454746686578,28.165464473328463,26.501678938919287,0.0078125,True,difference_dB,0.1484375,TwinAudit (ours),BasicVSR++ causal (CVPR 2022) + patch + memory,NATURAL VIDEO WITH SIMULATED SENSING
DAVIS,nominal,256,448,4,64,area,neural_sensor,PEM_R9_TwinAudit,BasicVSRpp2022_causal_memory_R9,mse,10,10,25.666420292657378,11.219170741173624,40.3510097117055,0.0018138938922849335,0.002440207910646012,0.015625,True,percent_reduction,0.265625,TwinAudit (ours),BasicVSR++ causal (CVPR 2022) + TwinAudit gaze (ours),NATURAL VIDEO WITH SIMULATED SENSING
DAVIS,nominal,256,448,4,64,area,neural_sensor,PEM_R9_TwinAudit,BasicVSRpp2022_causal_memory_R9,ssim,10,10,-0.3727664931302499,-2.786743231730668,1.665161903216354,0.8129016612486246,0.8098826899468408,0.775390625,False,percent_reduction,1.0,TwinAudit (ours),BasicVSR++ causal (CVPR 2022) + TwinAudit gaze (ours),NATURAL VIDEO WITH SIMULATED SENSING
DAVIS,nominal,256,448,4,64,area,neural_sensor,PEM_R9_TwinAudit,BasicVSRpp2022_causal_memory_R9,augmented_pqv,10,10,97.89575492367892,93.83960549335592,99.67166145669077,1.3271423069995915e-09,6.306975940843738e-08,0.001953125,True,percent_reduction,0.033203125,TwinAudit (ours),BasicVSR++ causal (CVPR 2022) + TwinAudit gaze (ours),NATURAL VIDEO WITH SIMULATED SENSING
DAVIS,nominal,256,448,4,64,area,neural_sensor,PEM_R9_TwinAudit,BasicVSRpp2022_causal_memory_R9,augmented_squared_error,10,10,96.3431456463452,86.85206289125139,99.7671076690136,2.5449112922157193e-09,6.959290816907288e-08,0.00390625,True,percent_reduction,0.0859375,TwinAudit (ours),BasicVSR++ causal (CVPR 2022) + TwinAudit gaze (ours),NATURAL VIDEO WITH SIMULATED SENSING
DAVIS,nominal,256,448,4,64,area,neural_sensor,PEM_R9_TwinAudit,BasicVSRpp2022_causal_memory_R9,write_pqv,10,10,97.15519823562296,96.13725234529188,98.12489831280703,4.871474140910511e-11,1.712412513909306e-09,0.001953125,True,percent_reduction,0.015625,TwinAudit (ours),BasicVSR++ causal (CVPR 2022) + TwinAudit gaze (ours),NATURAL VIDEO WITH SIMULATED SENSING
DAVIS,nominal,256,448,4,64,area,neural_sensor,PEM_R9_TwinAudit,BasicVSRpp2022_causal_memory_R9,write_squared_error,10,10,97.07314969953799,91.2966904551383,99.0690557229378,2.356453258913546e-11,8.051157445741475e-10,0.001953125,True,percent_reduction,0.016199190040497975,TwinAudit (ours),BasicVSR++ causal (CVPR 2022) + TwinAudit gaze (ours),NATURAL VIDEO WITH SIMULATED SENSING
DAVIS,nominal,256,448,4,64,area,neural_sensor,PEM_R9_TwinAudit,BasicVSRpp2022_causal_memory_R9,cs_final_width,10,10,79.19429274926514,72.56584441177408,84.50070729635775,0.010666649810435311,0.05126790299358155,0.001953125,True,percent_reduction,0.029296875,TwinAudit (ours),BasicVSR++ causal (CVPR 2022) + TwinAudit gaze (ours),NATURAL VIDEO WITH SIMULATED SENSING
DAVIS,nominal,256,448,4,64,area,neural_sensor,PEM_R9_TwinAudit,BasicVSRpp2022_causal_memory_R9,write_cs_final_width,10,10,64.66496806824729,59.48155690355897,69.67898925706541,0.009752282123991301,0.027599471659816792,0.001953125,True,percent_reduction,0.015625,TwinAudit (ours),BasicVSR++ causal (CVPR 2022) + TwinAudit gaze (ours),NATURAL VIDEO WITH SIMULATED SENSING
DAVIS,nominal,256,448,4,64,area,neural_sensor,PEM_R9_TwinAudit,BasicVSRpp2022_causal_memory_R9,online_total_ms_mean,10,10,97.72465966419396,97.67348337455536,97.77611572389588,333.6992563217881,14665.905186600377,0.001953125,True,percent_reduction,0.02734375,TwinAudit (ours),BasicVSR++ causal (CVPR 2022) + TwinAudit gaze (ours),NATURAL VIDEO WITH SIMULATED SENSING
DAVIS,nominal,256,448,4,64,area,neural_sensor,PEM_R9_TwinAudit,BasicVSRpp2022_causal_memory_R9,psnr_db,10,10,1.351809431548649,0.6058634800266144,2.176594545240701,28.165464473328463,26.81365504177981,0.0078125,True,difference_dB,0.1484375,TwinAudit (ours),BasicVSR++ causal (CVPR 2022) + TwinAudit gaze (ours),NATURAL VIDEO WITH SIMULATED SENSING
DAVIS,nominal,256,448,4,64,area,neural_sensor,PEM_R9_TwinAudit,BasicVSRpp2022_causal_patch,mse,10,10,34.13370569745394,20.17881492973701,48.48400141087402,0.0018138938922849335,0.0027539030569309216,0.00390625,True,percent_reduction,0.08984375,TwinAudit (ours),BasicVSR++ causal (CVPR 2022) + patch,NATURAL VIDEO WITH SIMULATED SENSING
DAVIS,nominal,256,448,4,64,area,neural_sensor,PEM_R9_TwinAudit,BasicVSRpp2022_causal_patch,ssim,10,10,-1.1797484939420233,-3.7114879799467078,1.011913950817922,0.8129016612486246,0.8034232871188604,0.388671875,False,percent_reduction,1.0,TwinAudit (ours),BasicVSR++ causal (CVPR 2022) + patch,NATURAL VIDEO WITH SIMULATED SENSING
DAVIS,nominal,256,448,4,64,area,neural_sensor,PEM_R9_TwinAudit,BasicVSRpp2022_causal_patch,augmented_pqv,10,10,98.70307483396694,92.01270924844152,99.82029778227447,1.3271423069995915e-09,1.0232990628587679e-07,0.001953125,True,percent_reduction,0.033203125,TwinAudit (ours),BasicVSR++ causal (CVPR 2022) + patch,NATURAL VIDEO WITH SIMULATED SENSING
DAVIS,nominal,256,448,4,64,area,neural_sensor,PEM_R9_TwinAudit,BasicVSRpp2022_causal_patch,augmented_squared_error,10,10,91.1592006827621,54.429331618506076,99.61899679649906,2.5449112922157193e-09,2.878598643511362e-08,0.033203125,True,percent_reduction,0.46484375,TwinAudit (ours),BasicVSR++ causal (CVPR 2022) + patch,NATURAL VIDEO WITH SIMULATED SENSING
DAVIS,nominal,256,448,4,64,area,neural_sensor,PEM_R9_TwinAudit,BasicVSRpp2022_causal_patch,cs_final_width,10,10,83.07113831350456,73.17429452374714,88.79000877489862,0.010666649810435311,0.0630086653666995,0.001953125,True,percent_reduction,0.029296875,TwinAudit (ours),BasicVSR++ causal (CVPR 2022) + patch,NATURAL VIDEO WITH SIMULATED SENSING
DAVIS,nominal,256,448,4,64,area,neural_sensor,PEM_R9_TwinAudit,BasicVSRpp2022_causal_patch,online_total_ms_mean,10,10,97.70779277215429,97.65670483302439,97.75982288397996,333.6992563217881,14557.988137722137,0.001953125,True,percent_reduction,0.02734375,TwinAudit (ours),BasicVSR++ causal (CVPR 2022) + patch,NATURAL VIDEO WITH SIMULATED SENSING
DAVIS,nominal,256,448,4,64,area,neural_sensor,PEM_R9_TwinAudit,BasicVSRpp2022_causal_patch,psnr_db,10,10,1.8291740685140847,0.993050368278146,2.7954614084879252,28.165464473328463,26.336290404814378,0.00390625,True,difference_dB,0.0859375,TwinAudit (ours),BasicVSR++ causal (CVPR 2022) + patch,NATURAL VIDEO WITH SIMULATED SENSING
DAVIS,nominal,256,448,4,64,area,neural_sensor,PEM_R9_TwinAudit,BasicVSRpp2022_offline_patch,mse,10,10,48.72164761456995,30.762017012868025,63.52962824859411,0.0018138938922849335,0.0035373482335214874,0.00390625,True,percent_reduction,0.08984375,TwinAudit (ours),"BasicVSR++ offline, non-causal (CVPR 2022) + patch",NATURAL VIDEO WITH SIMULATED SENSING
DAVIS,nominal,256,448,4,64,area,neural_sensor,PEM_R9_TwinAudit,BasicVSRpp2022_offline_patch,ssim,10,10,-2.0901000875052533,-5.649194368963071,1.0004329992289238,0.8129016612486246,0.7962590501447802,0.267578125,False,percent_reduction,1.0,TwinAudit (ours),"BasicVSR++ offline, non-causal (CVPR 2022) + patch",NATURAL VIDEO WITH SIMULATED SENSING
DAVIS,nominal,256,448,4,64,area,neural_sensor,PEM_R9_TwinAudit,BasicVSRpp2022_offline_patch,augmented_pqv,10,10,99.51358423126963,97.02729063456987,99.92839910676878,1.3271423069995915e-09,2.728411355708505e-07,0.001953125,True,percent_reduction,0.033203125,TwinAudit (ours),"BasicVSR++ offline, non-causal (CVPR 2022) + patch",NATURAL VIDEO WITH SIMULATED SENSING
DAVIS,nominal,256,448,4,64,area,neural_sensor,PEM_R9_TwinAudit,BasicVSRpp2022_offline_patch,augmented_squared_error,10,10,97.3746184625478,63.72247241318093,99.8467464279706,2.5449112922157193e-09,9.69349123512703e-08,0.02734375,True,percent_reduction,0.4375,TwinAudit (ours),"BasicVSR++ offline, non-causal (CVPR 2022) + patch",NATURAL VIDEO WITH SIMULATED SENSING
DAVIS,nominal,256,448,4,64,area,neural_sensor,PEM_R9_TwinAudit,BasicVSRpp2022_offline_patch,cs_final_width,10,10,86.3690247549399,78.59813187848158,90.97731098530325,0.010666649810435311,0.07825302018871269,0.001953125,True,percent_reduction,0.029296875,TwinAudit (ours),"BasicVSR++ offline, non-causal (CVPR 2022) + patch",NATURAL VIDEO WITH SIMULATED SENSING
DAVIS,nominal,256,448,4,64,area,neural_sensor,PEM_R9_TwinAudit,BasicVSRpp2022_offline_patch,online_total_ms_mean,10,10,86.47537976043142,86.12168196954306,86.82863244477389,333.6992563217881,2467.3465902243533,0.001953125,True,percent_reduction,0.02734375,TwinAudit (ours),"BasicVSR++ offline, non-causal (CVPR 2022) + patch",NATURAL VIDEO WITH SIMULATED SENSING
DAVIS,nominal,256,448,4,64,area,neural_sensor,PEM_R9_TwinAudit,BasicVSRpp2022_offline_patch,psnr_db,10,10,2.710459523535733,1.381472010225557,4.08796151855187,28.165464473328463,25.455004949792727,0.005859375,True,difference_dB,0.123046875,TwinAudit (ours),"BasicVSR++ offline, non-causal (CVPR 2022) + patch",NATURAL VIDEO WITH SIMULATED SENSING
DAVIS,nominal,256,448,4,64,area,neural_sensor,PEM_R9_TwinAudit,NanoSR2025_memory,mse,10,10,-0.8844169481770692,-4.800325626527136,3.207410441203676,0.0018138938922849335,0.0017979921450274185,0.716796875,True,percent_reduction,1.0,TwinAudit (ours),NanoSR (NTIRE 2025) + patch + memory,NATURAL VIDEO WITH SIMULATED SENSING
DAVIS,nominal,256,448,4,64,area,neural_sensor,PEM_R9_TwinAudit,NanoSR2025_memory,ssim,10,10,1.4913124587580762,0.5931986812679629,2.512159165189524,0.8129016612486246,0.8252080923403765,0.00390625,False,percent_reduction,0.0703125,TwinAudit (ours),NanoSR (NTIRE 2025) + patch + memory,NATURAL VIDEO WITH SIMULATED SENSING
DAVIS,nominal,256,448,4,64,area,neural_sensor,PEM_R9_TwinAudit,NanoSR2025_memory,augmented_pqv,10,10,77.42760339612866,65.94347147038847,94.38770002771018,1.3271423069995915e-09,5.879492241297838e-09,0.001953125,True,percent_reduction,0.033203125,TwinAudit (ours),NanoSR (NTIRE 2025) + patch + memory,NATURAL VIDEO WITH SIMULATED SENSING
DAVIS,nominal,256,448,4,64,area,neural_sensor,PEM_R9_TwinAudit,NanoSR2025_memory,augmented_squared_error,10,10,34.10826849268835,-103.84170260326044,96.17293646126552,2.5449112922157193e-09,3.8622619773367535e-09,0.580078125,True,percent_reduction,1.0,TwinAudit (ours),NanoSR (NTIRE 2025) + patch + memory,NATURAL VIDEO WITH SIMULATED SENSING
DAVIS,nominal,256,448,4,64,area,neural_sensor,PEM_R9_TwinAudit,NanoSR2025_memory,write_pqv,10,10,93.65605005520398,90.11138338341861,96.28665530583942,4.871474140910511e-11,7.678929032071896e-10,0.001953125,True,percent_reduction,0.015625,TwinAudit (ours),NanoSR (NTIRE 2025) + patch + memory,NATURAL VIDEO WITH SIMULATED SENSING
DAVIS,nominal,256,448,4,64,area,neural_sensor,PEM_R9_TwinAudit,NanoSR2025_memory,write_squared_error,10,10,96.39877498799679,92.24866401361513,98.66111792144004,2.356453258913546e-11,6.543476875394535e-10,0.001953125,True,percent_reduction,0.016199190040497975,TwinAudit (ours),NanoSR (NTIRE 2025) + patch + memory,NATURAL VIDEO WITH SIMULATED SENSING
DAVIS,nominal,256,448,4,64,area,neural_sensor,PEM_R9_TwinAudit,NanoSR2025_memory,cs_final_width,10,10,63.94977136586114,53.91788790920387,72.07623594638672,0.010666649810435311,0.029588300031845576,0.001953125,True,percent_reduction,0.029296875,TwinAudit (ours),NanoSR (NTIRE 2025) + patch + memory,NATURAL VIDEO WITH SIMULATED SENSING
DAVIS,nominal,256,448,4,64,area,neural_sensor,PEM_R9_TwinAudit,NanoSR2025_memory,write_cs_final_width,10,10,36.9962285869063,31.17657870599338,43.0505648862015,0.009752282123991301,0.015478886271821726,0.001953125,True,percent_reduction,0.015625,TwinAudit (ours),NanoSR (NTIRE 2025) + patch + memory,NATURAL VIDEO WITH SIMULATED SENSING
DAVIS,nominal,256,448,4,64,area,neural_sensor,PEM_R9_TwinAudit,NanoSR2025_memory,online_total_ms_mean,10,10,27.634920735797518,26.065202779345537,29.01589234644912,333.6992563217881,461.1329935858472,0.0,True,percent_reduction,0.0,TwinAudit (ours),NanoSR (NTIRE 2025) + patch + memory,NATURAL VIDEO WITH SIMULATED SENSING
DAVIS,nominal,256,448,4,64,area,neural_sensor,PEM_R9_TwinAudit,NanoSR2025_memory,psnr_db,10,10,0.009851744389399997,-0.1601314419403511,0.1724894315501255,28.165464473328463,28.155612728939065,0.9140625,True,difference_dB,1.0,TwinAudit (ours),NanoSR (NTIRE 2025) + patch + memory,NATURAL VIDEO WITH SIMULATED SENSING
DAVIS,nominal,256,448,4,64,area,neural_sensor,PEM_R9_TwinAudit,NanoSR2025_memory_R9,mse,10,10,-3.3343681090356014,-7.84836124531882,-0.009425502465490999,0.0018138938922849335,0.0017553636079440309,0.123046875,True,percent_reduction,1.0,TwinAudit (ours),NanoSR (NTIRE 2025) + TwinAudit gaze (ours),NATURAL VIDEO WITH SIMULATED SENSING
DAVIS,nominal,256,448,4,64,area,neural_sensor,PEM_R9_TwinAudit,NanoSR2025_memory_R9,ssim,10,10,1.6556697943485355,0.870075084363453,2.521528077165886,0.8129016612486246,0.8265872161096993,0.001953125,False,percent_reduction,0.04296875,TwinAudit (ours),NanoSR (NTIRE 2025) + TwinAudit gaze (ours),NATURAL VIDEO WITH SIMULATED SENSING
DAVIS,nominal,256,448,4,64,area,neural_sensor,PEM_R9_TwinAudit,NanoSR2025_memory_R9,augmented_pqv,10,10,88.40804642431847,84.60237768843258,96.7089129469714,1.3271423069995915e-09,1.1448823516544868e-08,0.001953125,True,percent_reduction,0.033203125,TwinAudit (ours),NanoSR (NTIRE 2025) + TwinAudit gaze (ours),NATURAL VIDEO WITH SIMULATED SENSING
DAVIS,nominal,256,448,4,64,area,neural_sensor,PEM_R9_TwinAudit,NanoSR2025_memory_R9,augmented_squared_error,10,10,84.97176719381892,73.08503558783829,95.12094141914783,2.5449112922157193e-09,1.693420194534785e-08,0.001953125,True,percent_reduction,0.044921875,TwinAudit (ours),NanoSR (NTIRE 2025) + TwinAudit gaze (ours),NATURAL VIDEO WITH SIMULATED SENSING
DAVIS,nominal,256,448,4,64,area,neural_sensor,PEM_R9_TwinAudit,NanoSR2025_memory_R9,write_pqv,10,10,96.83851556374672,94.45419984746722,98.2138523271879,4.871474140910511e-11,1.5408818987209004e-09,0.001953125,True,percent_reduction,0.015625,TwinAudit (ours),NanoSR (NTIRE 2025) + TwinAudit gaze (ours),NATURAL VIDEO WITH SIMULATED SENSING
DAVIS,nominal,256,448,4,64,area,neural_sensor,PEM_R9_TwinAudit,NanoSR2025_memory_R9,write_squared_error,10,10,97.94378363559711,92.4557827888355,99.30095780043322,2.356453258913546e-11,1.1460142520545735e-09,0.001953125,True,percent_reduction,0.016199190040497975,TwinAudit (ours),NanoSR (NTIRE 2025) + TwinAudit gaze (ours),NATURAL VIDEO WITH SIMULATED SENSING
DAVIS,nominal,256,448,4,64,area,neural_sensor,PEM_R9_TwinAudit,NanoSR2025_memory_R9,cs_final_width,10,10,65.07075148322883,59.05593039938509,70.86502750568177,0.010666649810435311,0.03053787374015148,0.001953125,True,percent_reduction,0.029296875,TwinAudit (ours),NanoSR (NTIRE 2025) + TwinAudit gaze (ours),NATURAL VIDEO WITH SIMULATED SENSING
DAVIS,nominal,256,448,4,64,area,neural_sensor,PEM_R9_TwinAudit,NanoSR2025_memory_R9,write_cs_final_width,10,10,51.58244493567881,46.02936920308091,56.23246669623113,0.009752282123991301,0.020142037554427734,0.001953125,True,percent_reduction,0.015625,TwinAudit (ours),NanoSR (NTIRE 2025) + TwinAudit gaze (ours),NATURAL VIDEO WITH SIMULATED SENSING
DAVIS,nominal,256,448,4,64,area,neural_sensor,PEM_R9_TwinAudit,NanoSR2025_memory_R9,online_total_ms_mean,10,10,27.93108231293131,26.63607956469646,29.080444312035546,333.6992563217881,463.02798353479875,0.001953125,True,percent_reduction,0.02734375,TwinAudit (ours),NanoSR (NTIRE 2025) + TwinAudit gaze (ours),NATURAL VIDEO WITH SIMULATED SENSING
DAVIS,nominal,256,448,4,64,area,neural_sensor,PEM_R9_TwinAudit,NanoSR2025_memory_R9,psnr_db,10,10,-0.1315572723450721,-0.30512909721788634,0.019922391879809705,28.165464473328463,28.29702174567354,0.177734375,True,difference_dB,1.0,TwinAudit (ours),NanoSR (NTIRE 2025) + TwinAudit gaze (ours),NATURAL VIDEO WITH SIMULATED SENSING
DAVIS,nominal,256,448,4,64,area,neural_sensor,PEM_R9_TwinAudit,NanoSR2025_patch,mse,10,10,4.8896009823646285,-3.557325845195806,10.491242506643877,0.0018138938922849335,0.0019071457075357252,0.34765625,True,percent_reduction,1.0,TwinAudit (ours),NanoSR (NTIRE 2025) + patch,NATURAL VIDEO WITH SIMULATED SENSING
DAVIS,nominal,256,448,4,64,area,neural_sensor,PEM_R9_TwinAudit,NanoSR2025_patch,ssim,10,10,1.0355994263561041,-0.3206056928067369,2.1282187701386017,0.8129016612486246,0.8214081594357838,0.150390625,False,percent_reduction,1.0,TwinAudit (ours),NanoSR (NTIRE 2025) + patch,NATURAL VIDEO WITH SIMULATED SENSING
DAVIS,nominal,256,448,4,64,area,neural_sensor,PEM_R9_TwinAudit,NanoSR2025_patch,augmented_pqv,10,10,73.7693422326345,60.621722567582616,93.20941406846435,1.3271423069995915e-09,5.0595083004389474e-09,0.001953125,True,percent_reduction,0.033203125,TwinAudit (ours),NanoSR (NTIRE 2025) + patch,NATURAL VIDEO WITH SIMULATED SENSING
DAVIS,nominal,256,448,4,64,area,neural_sensor,PEM_R9_TwinAudit,NanoSR2025_patch,augmented_squared_error,10,10,14.778297917837769,-251.6729136320113,96.18969557750437,2.5449112922157193e-09,2.986224435839325e-09,0.90625,True,percent_reduction,1.0,TwinAudit (ours),NanoSR (NTIRE 2025) + patch,NATURAL VIDEO WITH SIMULATED SENSING
DAVIS,nominal,256,448,4,64,area,neural_sensor,PEM_R9_TwinAudit,NanoSR2025_patch,cs_final_width,10,10,61.18045841510773,49.94632295162745,70.23957450415975,0.010666649810435311,0.027477526459474065,0.001953125,True,percent_reduction,0.029296875,TwinAudit (ours),NanoSR (NTIRE 2025) + patch,NATURAL VIDEO WITH SIMULATED SENSING
DAVIS,nominal,256,448,4,64,area,neural_sensor,PEM_R9_TwinAudit,NanoSR2025_patch,online_total_ms_mean,10,10,4.758248345512939,2.283794668879024,6.976200917417611,333.6992563217881,350.3707675729909,0.01171875,True,percent_reduction,0.02734375,TwinAudit (ours),NanoSR (NTIRE 2025) + patch,NATURAL VIDEO WITH SIMULATED SENSING
DAVIS,nominal,256,448,4,64,area,neural_sensor,PEM_R9_TwinAudit,NanoSR2025_patch,psnr_db,10,10,0.10228005502982676,-0.11340370611711922,0.3245166324004698,28.165464473328463,28.063184418298636,0.419921875,True,difference_dB,1.0,TwinAudit (ours),NanoSR (NTIRE 2025) + patch,NATURAL VIDEO WITH SIMULATED SENSING
DAVIS,nominal,256,448,4,64,area,neural_sensor,PEM_R9_TwinAudit,PEM_R6_fixed,mse,10,10,-1.657394849071836,-2.6525666898986593,-0.9048563941453611,0.0018138938922849335,0.0017843206536799175,0.001953125,True,percent_reduction,0.048828125,TwinAudit (ours),"Joint gaze, fixed proxy (prior version)",NATURAL VIDEO WITH SIMULATED SENSING
DAVIS,nominal,256,448,4,64,area,neural_sensor,PEM_R9_TwinAudit,PEM_R6_fixed,ssim,10,10,0.2283926496965072,0.10696347689526015,0.40148265611742756,0.8129016612486246,0.8147625189543986,0.001953125,False,percent_reduction,0.04296875,TwinAudit (ours),"Joint gaze, fixed proxy (prior version)",NATURAL VIDEO WITH SIMULATED SENSING
DAVIS,nominal,256,448,4,64,area,neural_sensor,PEM_R9_TwinAudit,PEM_R6_fixed,augmented_pqv,10,10,73.26210837337219,70.53213660281763,79.0386969310523,1.3271423069995915e-09,4.963526389933875e-09,0.001953125,True,percent_reduction,0.033203125,TwinAudit (ours),"Joint gaze, fixed proxy (prior version)",NATURAL VIDEO WITH SIMULATED SENSING
DAVIS,nominal,256,448,4,64,area,neural_sensor,PEM_R9_TwinAudit,PEM_R6_fixed,augmented_squared_error,10,10,65.69976153599984,-106.73341356019125,73.98473622710881,2.5449112922157193e-09,7.4195148668914744e-09,0.525390625,True,percent_reduction,1.0,TwinAudit (ours),"Joint gaze, fixed proxy (prior version)",NATURAL VIDEO WITH SIMULATED SENSING
DAVIS,nominal,256,448,4,64,area,neural_sensor,PEM_R9_TwinAudit,PEM_R6_fixed,cs_final_width,10,10,71.28487630226962,67.43584542636539,74.8454014200649,0.010666649810435311,0.03714645258964494,0.001953125,True,percent_reduction,0.029296875,TwinAudit (ours),"Joint gaze, fixed proxy (prior version)",NATURAL VIDEO WITH SIMULATED SENSING
DAVIS,nominal,256,448,4,64,area,neural_sensor,PEM_R9_TwinAudit,PEM_R6_fixed,online_total_ms_mean,10,10,-48.81880906465388,-51.34231993774851,-46.18018015287685,333.6992563217881,224.23190886900153,0.001953125,True,percent_reduction,0.02734375,TwinAudit (ours),"Joint gaze, fixed proxy (prior version)",NATURAL VIDEO WITH SIMULATED SENSING
DAVIS,nominal,256,448,4,64,area,neural_sensor,PEM_R9_TwinAudit,PEM_R6_fixed,psnr_db,10,10,-0.0629906857380405,-0.0892171778044687,-0.04377371413761667,28.165464473328463,28.2284551590665,0.001953125,True,difference_dB,0.046875,TwinAudit (ours),"Joint gaze, fixed proxy (prior version)",NATURAL VIDEO WITH SIMULATED SENSING
DAVIS,nominal,256,448,4,64,area,neural_sensor,PEM_R9_TwinAudit,PEM_uniform,mse,10,10,5.0031095484192045,2.0413926949410395,9.115194585809071,0.0018138938922849335,0.0019094244913305468,0.009765625,True,percent_reduction,0.19499025048747562,TwinAudit (ours),Uniform gaze,NATURAL VIDEO WITH SIMULATED SENSING
DAVIS,nominal,256,448,4,64,area,neural_sensor,PEM_R9_TwinAudit,PEM_uniform,ssim,10,10,-0.2768907749142846,-0.7339474912531441,0.3111682438622442,0.8129016612486246,0.8106570267254275,0.359375,False,percent_reduction,1.0,TwinAudit (ours),Uniform gaze,NATURAL VIDEO WITH SIMULATED SENSING
DAVIS,nominal,256,448,4,64,area,neural_sensor,PEM_R9_TwinAudit,PEM_uniform,augmented_pqv,10,10,23.942682713891884,-24.337699193442912,41.22799234044765,1.3271423069995915e-09,1.7449238999677344e-09,0.80859375,True,percent_reduction,1.0,TwinAudit (ours),Uniform gaze,NATURAL VIDEO WITH SIMULATED SENSING
DAVIS,nominal,256,448,4,64,area,neural_sensor,PEM_R9_TwinAudit,PEM_uniform,augmented_squared_error,10,10,-299.7266408500238,-874.823625227863,1.0063865867339081,2.5449112922157193e-09,6.366629171385558e-10,0.205078125,True,percent_reduction,1.0,TwinAudit (ours),Uniform gaze,NATURAL VIDEO WITH SIMULATED SENSING
DAVIS,nominal,256,448,4,64,area,neural_sensor,PEM_R9_TwinAudit,PEM_uniform,cs_final_width,10,10,34.365579656811526,26.9828571977957,42.021784569899786,0.010666649810435311,0.016251609680807206,0.001953125,True,percent_reduction,0.029296875,TwinAudit (ours),Uniform gaze,NATURAL VIDEO WITH SIMULATED SENSING
DAVIS,nominal,256,448,4,64,area,neural_sensor,PEM_R9_TwinAudit,PEM_uniform,online_total_ms_mean,10,10,-49.99761079460592,-53.52808512444992,-46.78781119643349,333.6992563217881,222.46971438680293,0.001953125,True,percent_reduction,0.02734375,TwinAudit (ours),Uniform gaze,NATURAL VIDEO WITH SIMULATED SENSING
DAVIS,nominal,256,448,4,64,area,neural_sensor,PEM_R9_TwinAudit,PEM_uniform,psnr_db,10,10,0.2964586665180363,0.15600259675959,0.4532930015848048,28.165464473328463,27.869005806810424,0.005859375,True,difference_dB,0.123046875,TwinAudit (ours),Uniform gaze,NATURAL VIDEO WITH SIMULATED SENSING
DAVIS,nominal,256,448,4,64,area,neural_sensor,PEM_R9_TwinAudit,SCMSR2025_memory,mse,10,10,7.606908234154275,4.028387429374628,10.968741057074993,0.0018138938922849335,0.0019632354082077187,0.001953125,True,percent_reduction,0.048828125,TwinAudit (ours),SCMSR (NTIRE 2025) + patch + memory,NATURAL VIDEO WITH SIMULATED SENSING
DAVIS,nominal,256,448,4,64,area,neural_sensor,PEM_R9_TwinAudit,SCMSR2025_memory,ssim,10,10,0.9399026047052006,0.2548329817895714,1.728007402534276,0.8129016612486246,0.8206146396210148,0.05078125,False,percent_reduction,0.5078125,TwinAudit (ours),SCMSR (NTIRE 2025) + patch + memory,NATURAL VIDEO WITH SIMULATED SENSING
DAVIS,nominal,256,448,4,64,area,neural_sensor,PEM_R9_TwinAudit,SCMSR2025_memory,augmented_pqv,10,10,84.34593445019362,76.96428048254916,95.85835050651326,1.3271423069995915e-09,8.477940141345624e-09,0.001953125,True,percent_reduction,0.033203125,TwinAudit (ours),SCMSR (NTIRE 2025) + patch + memory,NATURAL VIDEO WITH SIMULATED SENSING
DAVIS,nominal,256,448,4,64,area,neural_sensor,PEM_R9_TwinAudit,SCMSR2025_memory,augmented_squared_error,10,10,61.22483966187473,-42.277822609619896,97.6897131127989,2.5449112922157193e-09,6.5632514992167846e-09,0.224609375,True,percent_reduction,1.0,TwinAudit (ours),SCMSR (NTIRE 2025) + patch + memory,NATURAL VIDEO WITH SIMULATED SENSING
DAVIS,nominal,256,448,4,64,area,neural_sensor,PEM_R9_TwinAudit,SCMSR2025_memory,write_pqv,10,10,94.18943450029268,90.8448876838815,96.69263788488804,4.871474140910511e-11,8.383821060369916e-10,0.001953125,True,percent_reduction,0.015625,TwinAudit (ours),SCMSR (NTIRE 2025) + patch + memory,NATURAL VIDEO WITH SIMULATED SENSING
DAVIS,nominal,256,448,4,64,area,neural_sensor,PEM_R9_TwinAudit,SCMSR2025_memory,write_squared_error,10,10,96.59256617926758,92.83967814691292,98.68820088609004,2.356453258913546e-11,6.915624434364018e-10,0.001953125,True,percent_reduction,0.016199190040497975,TwinAudit (ours),SCMSR (NTIRE 2025) + patch + memory,NATURAL VIDEO WITH SIMULATED SENSING
DAVIS,nominal,256,448,4,64,area,neural_sensor,PEM_R9_TwinAudit,SCMSR2025_memory,cs_final_width,10,10,65.78136541481605,56.79207369710667,73.17122844531444,0.010666649810435311,0.03117204979024434,0.001953125,True,percent_reduction,0.029296875,TwinAudit (ours),SCMSR (NTIRE 2025) + patch + memory,NATURAL VIDEO WITH SIMULATED SENSING
DAVIS,nominal,256,448,4,64,area,neural_sensor,PEM_R9_TwinAudit,SCMSR2025_memory,write_cs_final_width,10,10,38.21882660110803,32.924039620779624,43.867469600474344,0.009752282123991301,0.015785200551348227,0.001953125,True,percent_reduction,0.015625,TwinAudit (ours),SCMSR (NTIRE 2025) + patch + memory,NATURAL VIDEO WITH SIMULATED SENSING
DAVIS,nominal,256,448,4,64,area,neural_sensor,PEM_R9_TwinAudit,SCMSR2025_memory,online_total_ms_mean,10,10,55.99636035199921,54.608802328242945,57.134312486998816,333.6992563217881,758.3446710116602,0.001953125,True,percent_reduction,0.02734375,TwinAudit (ours),SCMSR (NTIRE 2025) + patch + memory,NATURAL VIDEO WITH SIMULATED SENSING
DAVIS,nominal,256,448,4,64,area,neural_sensor,PEM_R9_TwinAudit,SCMSR2025_memory,psnr_db,10,10,0.3152211229121612,0.17974995405823263,0.452796461883891,28.165464473328463,27.850243350416303,0.001953125,True,difference_dB,0.046875,TwinAudit (ours),SCMSR (NTIRE 2025) + patch + memory,NATURAL VIDEO WITH SIMULATED SENSING
DAVIS,nominal,256,448,4,64,area,neural_sensor,PEM_R9_TwinAudit,SCMSR2025_memory_R9,mse,10,10,5.724533893849149,1.4109691314976258,8.883888790774748,0.0018138938922849335,0.0019240359843382296,0.04296875,True,percent_reduction,0.6015625,TwinAudit (ours),SCMSR (NTIRE 2025) + TwinAudit gaze (ours),NATURAL VIDEO WITH SIMULATED SENSING
DAVIS,nominal,256,448,4,64,area,neural_sensor,PEM_R9_TwinAudit,SCMSR2025_memory_R9,ssim,10,10,1.0569112099076516,0.4282240099271742,1.7285266654522056,0.8129016612486246,0.8215850861227858,0.017578125,False,percent_reduction,0.228515625,TwinAudit (ours),SCMSR (NTIRE 2025) + TwinAudit gaze (ours),NATURAL VIDEO WITH SIMULATED SENSING
DAVIS,nominal,256,448,4,64,area,neural_sensor,PEM_R9_TwinAudit,SCMSR2025_memory_R9,augmented_pqv,10,10,92.96546363621613,90.78289222037284,97.82856023910749,1.3271423069995915e-09,1.8866094911843245e-08,0.001953125,True,percent_reduction,0.033203125,TwinAudit (ours),SCMSR (NTIRE 2025) + TwinAudit gaze (ours),NATURAL VIDEO WITH SIMULATED SENSING
DAVIS,nominal,256,448,4,64,area,neural_sensor,PEM_R9_TwinAudit,SCMSR2025_memory_R9,augmented_squared_error,10,10,92.63734480898178,83.51463562202079,97.0929057858354,2.5449112922157193e-09,3.456512937506955e-08,0.00390625,True,percent_reduction,0.0859375,TwinAudit (ours),SCMSR (NTIRE 2025) + TwinAudit gaze (ours),NATURAL VIDEO WITH SIMULATED SENSING
DAVIS,nominal,256,448,4,64,area,neural_sensor,PEM_R9_TwinAudit,SCMSR2025_memory_R9,write_pqv,10,10,97.2219626981024,95.2324549469183,98.39379207144606,4.871474140910511e-11,1.7535668572855215e-09,0.001953125,True,percent_reduction,0.015625,TwinAudit (ours),SCMSR (NTIRE 2025) + TwinAudit gaze (ours),NATURAL VIDEO WITH SIMULATED SENSING
DAVIS,nominal,256,448,4,64,area,neural_sensor,PEM_R9_TwinAudit,SCMSR2025_memory_R9,write_squared_error,10,10,98.98356227162027,97.3008375294624,99.61600968054951,2.356453258913546e-11,2.3183449345882686e-09,0.001953125,True,percent_reduction,0.016199190040497975,TwinAudit (ours),SCMSR (NTIRE 2025) + TwinAudit gaze (ours),NATURAL VIDEO WITH SIMULATED SENSING
DAVIS,nominal,256,448,4,64,area,neural_sensor,PEM_R9_TwinAudit,SCMSR2025_memory_R9,cs_final_width,10,10,66.88516076272005,61.088066541319904,72.42392856572543,0.010666649810435311,0.03221108740406336,0.001953125,True,percent_reduction,0.029296875,TwinAudit (ours),SCMSR (NTIRE 2025) + TwinAudit gaze (ours),NATURAL VIDEO WITH SIMULATED SENSING
DAVIS,nominal,256,448,4,64,area,neural_sensor,PEM_R9_TwinAudit,SCMSR2025_memory_R9,write_cs_final_width,10,10,53.36759246641978,46.80143064897941,58.14443934258685,0.009752282123991301,0.020913100223205576,0.001953125,True,percent_reduction,0.015625,TwinAudit (ours),SCMSR (NTIRE 2025) + TwinAudit gaze (ours),NATURAL VIDEO WITH SIMULATED SENSING
DAVIS,nominal,256,448,4,64,area,neural_sensor,PEM_R9_TwinAudit,SCMSR2025_memory_R9,online_total_ms_mean,10,10,56.01597400034021,54.535626715793434,57.16716449491394,333.6992563217881,758.6828370926509,0.001953125,True,percent_reduction,0.02734375,TwinAudit (ours),SCMSR (NTIRE 2025) + TwinAudit gaze (ours),NATURAL VIDEO WITH SIMULATED SENSING
DAVIS,nominal,256,448,4,64,area,neural_sensor,PEM_R9_TwinAudit,SCMSR2025_memory_R9,psnr_db,10,10,0.18434696416644875,0.065383248257686,0.3093394790865429,28.165464473328463,27.981117509162015,0.021484375,True,difference_dB,0.279296875,TwinAudit (ours),SCMSR (NTIRE 2025) + TwinAudit gaze (ours),NATURAL VIDEO WITH SIMULATED SENSING
DAVIS,nominal,256,448,4,64,area,neural_sensor,PEM_R9_TwinAudit,SCMSR2025_patch,mse,10,10,13.120384701544385,4.1973152684421144,18.777667906845863,0.0018138938922849335,0.002087824498363286,0.005859375,True,percent_reduction,0.123046875,TwinAudit (ours),SCMSR (NTIRE 2025) + patch,NATURAL VIDEO WITH SIMULATED SENSING
DAVIS,nominal,256,448,4,64,area,neural_sensor,PEM_R9_TwinAudit,SCMSR2025_patch,ssim,10,10,0.44288705861341704,-1.0384408157474907,1.4770382403281375,0.8129016612486246,0.8165179134184151,0.556640625,False,percent_reduction,1.0,TwinAudit (ours),SCMSR (NTIRE 2025) + patch,NATURAL VIDEO WITH SIMULATED SENSING
DAVIS,nominal,256,448,4,64,area,neural_sensor,PEM_R9_TwinAudit,SCMSR2025_patch,augmented_pqv,10,10,83.67233535770701,74.78412016823758,95.43403924265466,1.3271423069995915e-09,8.128182052208127e-09,0.001953125,True,percent_reduction,0.033203125,TwinAudit (ours),SCMSR (NTIRE 2025) + patch,NATURAL VIDEO WITH SIMULATED SENSING
DAVIS,nominal,256,448,4,64,area,neural_sensor,PEM_R9_TwinAudit,SCMSR2025_patch,augmented_squared_error,10,10,59.950333090044516,-92.49747774482762,97.67029959372346,2.5449112922157193e-09,6.354388159925268e-09,0.2734375,True,percent_reduction,1.0,TwinAudit (ours),SCMSR (NTIRE 2025) + patch,NATURAL VIDEO WITH SIMULATED SENSING
DAVIS,nominal,256,448,4,64,area,neural_sensor,PEM_R9_TwinAudit,SCMSR2025_patch,cs_final_width,10,10,63.82039112618354,54.01687836534358,71.74963231245574,0.010666649810435311,0.02948249066936396,0.001953125,True,percent_reduction,0.029296875,TwinAudit (ours),SCMSR (NTIRE 2025) + patch,NATURAL VIDEO WITH SIMULATED SENSING
DAVIS,nominal,256,448,4,64,area,neural_sensor,PEM_R9_TwinAudit,SCMSR2025_patch,online_total_ms_mean,10,10,48.66789413362136,47.25532922179539,50.036641996308035,333.6992563217881,650.0790308319563,0.0,True,percent_reduction,0.0,TwinAudit (ours),SCMSR (NTIRE 2025) + patch,NATURAL VIDEO WITH SIMULATED SENSING
DAVIS,nominal,256,448,4,64,area,neural_sensor,PEM_R9_TwinAudit,SCMSR2025_patch,psnr_db,10,10,0.41274366718863503,0.18461503293241516,0.6779284356010059,28.165464473328463,27.752720806139827,0.0078125,True,difference_dB,0.1484375,TwinAudit (ours),SCMSR (NTIRE 2025) + patch,NATURAL VIDEO WITH SIMULATED SENSING
DAVIS,nominal,256,448,4,64,area,neural_sensor,PEM_R9_TwinAudit,SPANF2025_memory,mse,10,10,-2.3419349676453205,-6.678053925689623,2.0076414017028603,0.0018138938922849335,0.0017723857701717124,0.35546875,True,percent_reduction,1.0,TwinAudit (ours),SPAN-F (NTIRE 2025) + patch + memory,NATURAL VIDEO WITH SIMULATED SENSING
DAVIS,nominal,256,448,4,64,area,neural_sensor,PEM_R9_TwinAudit,SPANF2025_memory,ssim,10,10,1.5361595316051524,0.7087166315234683,2.4434788796877047,0.8129016612486246,0.8255839477534412,0.001953125,False,percent_reduction,0.04296875,TwinAudit (ours),SPAN-F (NTIRE 2025) + patch + memory,NATURAL VIDEO WITH SIMULATED SENSING
DAVIS,nominal,256,448,4,64,area,neural_sensor,PEM_R9_TwinAudit,SPANF2025_memory,augmented_pqv,10,10,74.96808271805722,64.42043802047121,93.6101404586689,1.3271423069995915e-09,5.301800465587783e-09,0.001953125,True,percent_reduction,0.033203125,TwinAudit (ours),SPAN-F (NTIRE 2025) + patch + memory,NATURAL VIDEO WITH SIMULATED SENSING
DAVIS,nominal,256,448,4,64,area,neural_sensor,PEM_R9_TwinAudit,SPANF2025_memory,augmented_squared_error,10,10,38.36050927044419,-78.18948533642222,95.77043846969147,2.5449112922157193e-09,4.1287026581409565e-09,0.484375,True,percent_reduction,1.0,TwinAudit (ours),SPAN-F (NTIRE 2025) + patch + memory,NATURAL VIDEO WITH SIMULATED SENSING
DAVIS,nominal,256,448,4,64,area,neural_sensor,PEM_R9_TwinAudit,SPANF2025_memory,write_pqv,10,10,93.31022455821918,89.50796080401,96.2536090312343,4.871474140910511e-11,7.281969601678775e-10,0.001953125,True,percent_reduction,0.015625,TwinAudit (ours),SPAN-F (NTIRE 2025) + patch + memory,NATURAL VIDEO WITH SIMULATED SENSING
DAVIS,nominal,256,448,4,64,area,neural_sensor,PEM_R9_TwinAudit,SPANF2025_memory,write_squared_error,10,10,96.64288521255827,92.11440995369581,98.81618081998165,2.356453258913546e-11,7.019281162885908e-10,0.00390625,True,percent_reduction,0.016199190040497975,TwinAudit (ours),SPAN-F (NTIRE 2025) + patch + memory,NATURAL VIDEO WITH SIMULATED SENSING
DAVIS,nominal,256,448,4,64,area,neural_sensor,PEM_R9_TwinAudit,SPANF2025_memory,cs_final_width,10,10,61.30006366940259,51.176272104596315,69.70372531111474,0.010666649810435311,0.02756244795679913,0.001953125,True,percent_reduction,0.029296875,TwinAudit (ours),SPAN-F (NTIRE 2025) + patch + memory,NATURAL VIDEO WITH SIMULATED SENSING
DAVIS,nominal,256,448,4,64,area,neural_sensor,PEM_R9_TwinAudit,SPANF2025_memory,write_cs_final_width,10,10,36.67136071678849,30.690120248261938,42.61862730420802,0.009752282123991301,0.01539948155269561,0.001953125,True,percent_reduction,0.015625,TwinAudit (ours),SPAN-F (NTIRE 2025) + patch + memory,NATURAL VIDEO WITH SIMULATED SENSING
DAVIS,nominal,256,448,4,64,area,neural_sensor,PEM_R9_TwinAudit,SPANF2025_memory,online_total_ms_mean,10,10,8.684908739273467,5.514906681356101,10.62805316564436,333.6992563217881,365.43713828089653,0.00390625,True,percent_reduction,0.02734375,TwinAudit (ours),SPAN-F (NTIRE 2025) + patch + memory,NATURAL VIDEO WITH SIMULATED SENSING
DAVIS,nominal,256,448,4,64,area,neural_sensor,PEM_R9_TwinAudit,SPANF2025_memory,psnr_db,10,10,-0.08645581197479721,-0.2578925688791388,0.08775114186747981,28.165464473328463,28.25192028530326,0.37890625,True,difference_dB,1.0,TwinAudit (ours),SPAN-F (NTIRE 2025) + patch + memory,NATURAL VIDEO WITH SIMULATED SENSING
DAVIS,nominal,256,448,4,64,area,neural_sensor,PEM_R9_TwinAudit,SPANF2025_memory_R9,mse,10,10,-4.785262044924021,-9.985183675050806,-0.9051210033962604,0.0018138938922849335,0.0017310582202936828,0.07421875,True,percent_reduction,0.96484375,TwinAudit (ours),SPAN-F (NTIRE 2025) + TwinAudit gaze (ours),NATURAL VIDEO WITH SIMULATED SENSING
DAVIS,nominal,256,448,4,64,area,neural_sensor,PEM_R9_TwinAudit,SPANF2025_memory_R9,ssim,10,10,1.763908582947571,1.0334668897745762,2.5698235310685127,0.8129016612486246,0.8274979689465903,0.001953125,False,percent_reduction,0.04296875,TwinAudit (ours),SPAN-F (NTIRE 2025) + TwinAudit gaze (ours),NATURAL VIDEO WITH SIMULATED SENSING
DAVIS,nominal,256,448,4,64,area,neural_sensor,PEM_R9_TwinAudit,SPANF2025_memory_R9,augmented_pqv,10,10,86.70424430405957,83.32333770297898,95.51564875766277,1.3271423069995915e-09,9.981698952281485e-09,0.001953125,True,percent_reduction,0.033203125,TwinAudit (ours),SPAN-F (NTIRE 2025) + TwinAudit gaze (ours),NATURAL VIDEO WITH SIMULATED SENSING
DAVIS,nominal,256,448,4,64,area,neural_sensor,PEM_R9_TwinAudit,SPANF2025_memory_R9,augmented_squared_error,10,10,78.75872263308229,54.98249812169473,94.88198381977458,2.5449112922157193e-09,1.1980971051106835e-08,0.029296875,True,percent_reduction,0.439453125,TwinAudit (ours),SPAN-F (NTIRE 2025) + TwinAudit gaze (ours),NATURAL VIDEO WITH SIMULATED SENSING
DAVIS,nominal,256,448,4,64,area,neural_sensor,PEM_R9_TwinAudit,SPANF2025_memory_R9,write_pqv,10,10,96.74049070720362,94.28916807026256,98.15615122662538,4.871474140910511e-11,1.4945421851309402e-09,0.001953125,True,percent_reduction,0.015625,TwinAudit (ours),SPAN-F (NTIRE 2025) + TwinAudit gaze (ours),NATURAL VIDEO WITH SIMULATED SENSING
DAVIS,nominal,256,448,4,64,area,neural_sensor,PEM_R9_TwinAudit,SPANF2025_memory_R9,write_squared_error,10,10,97.07392855142467,93.08761908925983,98.89682874626483,2.356453258913546e-11,8.053300475833827e-10,0.001953125,True,percent_reduction,0.016199190040497975,TwinAudit (ours),SPAN-F (NTIRE 2025) + TwinAudit gaze (ours),NATURAL VIDEO WITH SIMULATED SENSING
DAVIS,nominal,256,448,4,64,area,neural_sensor,PEM_R9_TwinAudit,SPANF2025_memory_R9,cs_final_width,10,10,62.51441741786794,56.34147840170011,68.57420296725412,0.010666649810435311,0.028455339561721776,0.001953125,True,percent_reduction,0.029296875,TwinAudit (ours),SPAN-F (NTIRE 2025) + TwinAudit gaze (ours),NATURAL VIDEO WITH SIMULATED SENSING
DAVIS,nominal,256,448,4,64,area,neural_sensor,PEM_R9_TwinAudit,SPANF2025_memory_R9,write_cs_final_width,10,10,49.678789180102136,43.019577488557886,54.63473681691936,0.009752282123991301,0.01938006253246808,0.001953125,True,percent_reduction,0.015625,TwinAudit (ours),SPAN-F (NTIRE 2025) + TwinAudit gaze (ours),NATURAL VIDEO WITH SIMULATED SENSING
DAVIS,nominal,256,448,4,64,area,neural_sensor,PEM_R9_TwinAudit,SPANF2025_memory_R9,online_total_ms_mean,10,10,7.932731655897085,4.697958119888432,10.17122457797951,333.6992563217881,362.45156647265964,0.005859375,True,percent_reduction,0.02734375,TwinAudit (ours),SPAN-F (NTIRE 2025) + TwinAudit gaze (ours),NATURAL VIDEO WITH SIMULATED SENSING
DAVIS,nominal,256,448,4,64,area,neural_sensor,PEM_R9_TwinAudit,SPANF2025_memory_R9,psnr_db,10,10,-0.22042632705179308,-0.40222509296179737,-0.05557674486955014,28.165464473328463,28.385890800380253,0.04296875,True,difference_dB,0.515625,TwinAudit (ours),SPAN-F (NTIRE 2025) + TwinAudit gaze (ours),NATURAL VIDEO WITH SIMULATED SENSING
DAVIS,nominal,256,448,4,64,area,neural_sensor,PEM_R9_TwinAudit,SPANF2025_patch,mse,10,10,3.710495095536792,-6.313043957984506,10.421294106802423,0.0018138938922849335,0.0018837918982807604,0.541015625,True,percent_reduction,1.0,TwinAudit (ours),SPAN-F (NTIRE 2025) + patch,NATURAL VIDEO WITH SIMULATED SENSING
DAVIS,nominal,256,448,4,64,area,neural_sensor,PEM_R9_TwinAudit,SPANF2025_patch,ssim,10,10,1.0218193229512562,-0.41875031947863683,2.1630745837312704,0.8129016612486246,0.8212937999951759,0.173828125,False,percent_reduction,1.0,TwinAudit (ours),SPAN-F (NTIRE 2025) + patch,NATURAL VIDEO WITH SIMULATED SENSING
DAVIS,nominal,256,448,4,64,area,neural_sensor,PEM_R9_TwinAudit,SPANF2025_patch,augmented_pqv,10,10,71.19264862995907,60.75485674449821,91.04844994296533,1.3271423069995915e-09,4.606957057425948e-09,0.001953125,True,percent_reduction,0.033203125,TwinAudit (ours),SPAN-F (NTIRE 2025) + patch,NATURAL VIDEO WITH SIMULATED SENSING
DAVIS,nominal,256,448,4,64,area,neural_sensor,PEM_R9_TwinAudit,SPANF2025_patch,augmented_squared_error,10,10,32.09701594495877,-129.5578785930665,94.02909805250889,2.5449112922157193e-09,3.747863702356363e-09,0.640625,True,percent_reduction,1.0,TwinAudit (ours),SPAN-F (NTIRE 2025) + patch,NATURAL VIDEO WITH SIMULATED SENSING
DAVIS,nominal,256,448,4,64,area,neural_sensor,PEM_R9_TwinAudit,SPANF2025_patch,cs_final_width,10,10,57.143261471356425,44.58438692067809,67.08554009276844,0.010666649810435311,0.024889084369558796,0.001953125,True,percent_reduction,0.029296875,TwinAudit (ours),SPAN-F (NTIRE 2025) + patch,NATURAL VIDEO WITH SIMULATED SENSING
DAVIS,nominal,256,448,4,64,area,neural_sensor,PEM_R9_TwinAudit,SPANF2025_patch,online_total_ms_mean,10,10,-32.62444913317639,-35.98427896639134,-29.85214382366577,333.6992563217881,251.61217143808835,0.001953125,True,percent_reduction,0.02734375,TwinAudit (ours),SPAN-F (NTIRE 2025) + patch,NATURAL VIDEO WITH SIMULATED SENSING
DAVIS,nominal,256,448,4,64,area,neural_sensor,PEM_R9_TwinAudit,SPANF2025_patch,psnr_db,10,10,0.006678403548704992,-0.24182772380258005,0.2695770756088952,28.165464473328463,28.158786069779758,0.970703125,True,difference_dB,1.0,TwinAudit (ours),SPAN-F (NTIRE 2025) + patch,NATURAL VIDEO WITH SIMULATED SENSING
DAVIS,nominal,256,448,4,64,bicubic,bicubic,PEM_R9_TwinAudit,PEM_R6_fixed,mse,15,15,-2.1499963925553756,-3.5795307979338555,-0.9027511888408414,0.0016334886213266804,0.001599107860023114,9.99950002499875e-05,True,percent_reduction,0.0008999550022498875,TwinAudit (ours),"Joint gaze, fixed proxy (prior version)",NATURAL VIDEO WITH SIMULATED SENSING
DAVIS,nominal,256,448,4,64,bicubic,bicubic,PEM_R9_TwinAudit,PEM_R6_fixed,ssim,15,15,0.2057574593699707,0.05499882825197866,0.4011844101803926,0.8118697532412241,0.8135436800481561,0.014449277536123194,False,percent_reduction,0.07224638768061598,TwinAudit (ours),"Joint gaze, fixed proxy (prior version)",NATURAL VIDEO WITH SIMULATED SENSING
DAVIS,nominal,256,448,4,64,bicubic,bicubic,PEM_R9_TwinAudit,PEM_R6_fixed,augmented_pqv,15,15,74.4902750201259,66.4152498512007,86.03828368848932,8.730195047739498e-10,3.422300732221608e-09,9.99950002499875e-05,True,percent_reduction,0.000999950002499875,TwinAudit (ours),"Joint gaze, fixed proxy (prior version)",NATURAL VIDEO WITH SIMULATED SENSING
DAVIS,nominal,256,448,4,64,bicubic,bicubic,PEM_R9_TwinAudit,PEM_R6_fixed,augmented_squared_error,15,15,89.63830758242743,82.05751949521402,97.62960232736187,9.282721424894552e-10,8.958692316664244e-09,0.04904754762261887,True,percent_reduction,0.39238038098095096,TwinAudit (ours),"Joint gaze, fixed proxy (prior version)",NATURAL VIDEO WITH SIMULATED SENSING
DAVIS,nominal,256,448,4,64,bicubic,bicubic,PEM_R9_TwinAudit,PEM_R6_fixed,cs_final_width,15,15,70.66591409599575,64.54559612704367,75.39339151866031,0.010014225799977149,0.03413853028435481,0.000199990000499975,True,percent_reduction,0.000999950002499875,TwinAudit (ours),"Joint gaze, fixed proxy (prior version)",NATURAL VIDEO WITH SIMULATED SENSING
DAVIS,nominal,256,448,4,64,bicubic,bicubic,PEM_R9_TwinAudit,PEM_R6_fixed,online_total_ms_mean,15,15,-50.47291048033078,-52.79682832931521,-48.054062892850666,506.47560389119224,336.5892254455972,4.999750012499375e-05,True,percent_reduction,0.000599970001499925,TwinAudit (ours),"Joint gaze, fixed proxy (prior version)",NATURAL VIDEO WITH SIMULATED SENSING
DAVIS,nominal,256,448,4,64,bicubic,bicubic,PEM_R9_TwinAudit,PEM_R6_fixed,psnr_db,15,15,-0.08430318880566053,-0.128565479536763,-0.04483415625681175,29.248592042382196,29.332895231187855,9.99950002499875e-05,True,difference_dB,0.0007999600019999,TwinAudit (ours),"Joint gaze, fixed proxy (prior version)",NATURAL VIDEO WITH SIMULATED SENSING
DAVIS,nominal,256,448,4,64,bicubic,bicubic,PEM_R9_TwinAudit,PEM_R8_certified,mse,15,15,0.07748294330977012,-0.27490236898115694,0.36732529476701914,0.0016334886213266804,0.0016347552778318564,0.7025648717564121,True,percent_reduction,1.0,TwinAudit (ours),Ours w/o write-audit constraint,NATURAL VIDEO WITH SIMULATED SENSING
DAVIS,nominal,256,448,4,64,bicubic,bicubic,PEM_R9_TwinAudit,PEM_R8_certified,ssim,15,15,-0.010070308946641404,-0.07226156056356403,0.03541512407220558,0.8118697532412241,0.8117880036812617,0.8425578721063947,False,percent_reduction,1.0,TwinAudit (ours),Ours w/o write-audit constraint,NATURAL VIDEO WITH SIMULATED SENSING
DAVIS,nominal,256,448,4,64,bicubic,bicubic,PEM_R9_TwinAudit,PEM_R8_certified,augmented_pqv,15,15,-1.633553779175867,-4.5262212094861525,5.291064291540583,8.730195047739498e-10,8.589874822942839e-10,0.5997200139993001,True,percent_reduction,1.0,TwinAudit (ours),Ours w/o write-audit constraint,NATURAL VIDEO WITH SIMULATED SENSING
DAVIS,nominal,256,448,4,64,bicubic,bicubic,PEM_R9_TwinAudit,PEM_R8_certified,augmented_squared_error,15,15,-72.24990914996087,-411.42489023505993,71.56132094772823,9.282721424894552e-10,5.389100911985393e-10,0.8015099245037748,True,percent_reduction,1.0,TwinAudit (ours),Ours w/o write-audit constraint,NATURAL VIDEO WITH SIMULATED SENSING
DAVIS,nominal,256,448,4,64,bicubic,bicubic,PEM_R9_TwinAudit,PEM_R8_certified,write_pqv,15,15,18.604812481174783,4.203899654438095,33.17542390006844,3.8861957847268294e-11,4.7744785695444504e-11,0.048947552622368884,True,percent_reduction,0.09789510524473777,TwinAudit (ours),Ours w/o write-audit constraint,NATURAL VIDEO WITH SIMULATED SENSING
DAVIS,nominal,256,448,4,64,bicubic,bicubic,PEM_R9_TwinAudit,PEM_R8_certified,write_squared_error,15,15,-18.711484396617095,-238.45439563235925,56.98061958676219,3.659400094239695e-11,3.082599895738458e-11,0.7391630418479076,True,percent_reduction,1.0,TwinAudit (ours),Ours w/o write-audit constraint,NATURAL VIDEO WITH SIMULATED SENSING
DAVIS,nominal,256,448,4,64,bicubic,bicubic,PEM_R9_TwinAudit,PEM_R8_certified,cs_final_width,15,15,4.270056687498824,1.7195656923046396,6.562629707340821,0.010014225799977149,0.010460912702399367,9.99950002499875e-05,True,percent_reduction,0.000999950002499875,TwinAudit (ours),Ours w/o write-audit constraint,NATURAL VIDEO WITH SIMULATED SENSING
DAVIS,nominal,256,448,4,64,bicubic,bicubic,PEM_R9_TwinAudit,PEM_R8_certified,write_cs_final_width,15,15,2.7343788556935533,1.041768818872417,4.29996758724317,0.00938538078675334,0.009649227215471007,0.00119994000299985,True,percent_reduction,0.0023998800059997,TwinAudit (ours),Ours w/o write-audit constraint,NATURAL VIDEO WITH SIMULATED SENSING
DAVIS,nominal,256,448,4,64,bicubic,bicubic,PEM_R9_TwinAudit,PEM_R8_certified,online_total_ms_mean,15,15,0.8225553084785453,-0.37998065719036467,2.0830582299180906,506.47560389119224,510.67619806753316,0.2206889655517224,True,percent_reduction,0.4413779311034448,TwinAudit (ours),Ours w/o write-audit constraint,NATURAL VIDEO WITH SIMULATED SENSING
DAVIS,nominal,256,448,4,64,bicubic,bicubic,PEM_R9_TwinAudit,PEM_R8_certified,psnr_db,15,15,0.0012048778648124407,-0.009679098979139607,0.012860759565334194,29.248592042382196,29.24738716451738,0.8384580770961452,True,difference_dB,1.0,TwinAudit (ours),Ours w/o write-audit constraint,NATURAL VIDEO WITH SIMULATED SENSING
DAVIS,nominal,256,448,4,64,bicubic,bicubic,PEM_R9_TwinAudit,PEM_greedy,mse,15,15,-2.5640315418806514,-3.5366941791707576,-1.5109039483460038,0.0016334886213266804,0.0015926525086522826,0.00014999250037498125,True,percent_reduction,0.0008999550022498875,TwinAudit (ours),Greedy gaze,NATURAL VIDEO WITH SIMULATED SENSING
DAVIS,nominal,256,448,4,64,bicubic,bicubic,PEM_R9_TwinAudit,PEM_greedy,ssim,15,15,0.2869971335204391,0.12456910621237605,0.5203372143257883,0.8118697532412241,0.8142065025645213,0.0007999600019999,False,percent_reduction,0.0055997200139993,TwinAudit (ours),Greedy gaze,NATURAL VIDEO WITH SIMULATED SENSING
DAVIS,nominal,256,448,4,64,bicubic,bicubic,PEM_R9_TwinAudit,PEM_greedy,augmented_pqv,15,15,97.64516748798093,96.42225626573378,98.60076052493946,8.730195047739498e-10,3.7073528597811184e-08,0.00024998750062496874,True,percent_reduction,0.0017499125043747813,TwinAudit (ours),Greedy gaze,NATURAL VIDEO WITH SIMULATED SENSING
DAVIS,nominal,256,448,4,64,bicubic,bicubic,PEM_R9_TwinAudit,PEM_greedy,augmented_squared_error,15,15,95.336293955049,64.08488243757223,99.12395059987041,9.282721424894552e-10,1.99041734951202e-08,0.00039998000099995,True,percent_reduction,0.0047997600119994,TwinAudit (ours),Greedy gaze,NATURAL VIDEO WITH SIMULATED SENSING
DAVIS,nominal,256,448,4,64,bicubic,bicubic,PEM_R9_TwinAudit,PEM_greedy,cs_final_width,15,15,97.49353688599047,96.96789176367507,97.87953348884399,0.010014225799977149,0.39953613296776697,9.99950002499875e-05,True,percent_reduction,0.000999950002499875,TwinAudit (ours),Greedy gaze,NATURAL VIDEO WITH SIMULATED SENSING
DAVIS,nominal,256,448,4,64,bicubic,bicubic,PEM_R9_TwinAudit,PEM_greedy,online_total_ms_mean,15,15,-52.309583435962615,-54.166255394301714,-50.419543721836966,506.47560389119224,332.5303585405287,4.999750012499375e-05,True,percent_reduction,0.000599970001499925,TwinAudit (ours),Greedy gaze,NATURAL VIDEO WITH SIMULATED SENSING
DAVIS,nominal,256,448,4,64,bicubic,bicubic,PEM_R9_TwinAudit,PEM_greedy,psnr_db,15,15,-0.10144988288065164,-0.14366799230116606,-0.06485942244558802,29.248592042382196,29.350041925262854,9.99950002499875e-05,True,difference_dB,0.0007999600019999,TwinAudit (ours),Greedy gaze,NATURAL VIDEO WITH SIMULATED SENSING
DAVIS,nominal,256,448,4,64,bicubic,bicubic,PEM_R9_TwinAudit,PEM_uniform,mse,15,15,5.15740787223975,2.2182916791207434,8.7897385293272,0.0016334886213266804,0.001722315454143478,0.002599870006499675,True,percent_reduction,0.0103994800259987,TwinAudit (ours),Uniform gaze,NATURAL VIDEO WITH SIMULATED SENSING
DAVIS,nominal,256,448,4,64,bicubic,bicubic,PEM_R9_TwinAudit,PEM_uniform,ssim,15,15,-0.2791520431797201,-0.6029350087073521,0.08645701792196182,0.8118697532412241,0.8096097111906541,0.14994250287485625,False,percent_reduction,0.599770011499425,TwinAudit (ours),Uniform gaze,NATURAL VIDEO WITH SIMULATED SENSING
DAVIS,nominal,256,448,4,64,bicubic,bicubic,PEM_R9_TwinAudit,PEM_uniform,augmented_pqv,15,15,14.670380731740519,-31.1650810903618,41.76105429990952,8.730195047739498e-10,1.0231142623868375e-09,0.6612669366531674,True,percent_reduction,1.0,TwinAudit (ours),Uniform gaze,NATURAL VIDEO WITH SIMULATED SENSING
DAVIS,nominal,256,448,4,64,bicubic,bicubic,PEM_R9_TwinAudit,PEM_uniform,augmented_squared_error,15,15,-174.93837413796376,-389.99755478469297,65.58974412230998,9.282721424894552e-10,3.3762916704513913e-10,0.4690265486725664,True,percent_reduction,1.0,TwinAudit (ours),Uniform gaze,NATURAL VIDEO WITH SIMULATED SENSING
DAVIS,nominal,256,448,4,64,bicubic,bicubic,PEM_R9_TwinAudit,PEM_uniform,cs_final_width,15,15,32.54640117082421,24.88519267364511,39.352210417234154,0.010014225799977149,0.014846095647673113,9.99950002499875e-05,True,percent_reduction,0.000999950002499875,TwinAudit (ours),Uniform gaze,NATURAL VIDEO WITH SIMULATED SENSING
DAVIS,nominal,256,448,4,64,bicubic,bicubic,PEM_R9_TwinAudit,PEM_uniform,online_total_ms_mean,15,15,-52.09717178823712,-54.54116496734308,-49.726252525505416,506.47560389119224,332.9947545614796,4.999750012499375e-05,True,percent_reduction,0.000599970001499925,TwinAudit (ours),Uniform gaze,NATURAL VIDEO WITH SIMULATED SENSING
DAVIS,nominal,256,448,4,64,bicubic,bicubic,PEM_R9_TwinAudit,PEM_uniform,psnr_db,15,15,0.30396274577809473,0.18608153961436247,0.42172922663469903,29.248592042382196,28.944629296604106,0.000199990000499975,True,difference_dB,0.0007999600019999,TwinAudit (ours),Uniform gaze,NATURAL VIDEO WITH SIMULATED SENSING
DAVIS,nominal,256,448,8,64,area,scale8,PEM_R9_TwinAudit,PEM_R6_fixed,mse,15,15,-1.013296465579283,-2.2033382805535067,0.1288595890350379,0.0037820173839985213,0.0037440787661921914,0.1351932403379831,True,percent_reduction,0.6407179641017948,TwinAudit (ours),"Joint gaze, fixed proxy (prior version)",NATURAL VIDEO WITH SIMULATED SENSING
DAVIS,nominal,256,448,8,64,area,scale8,PEM_R9_TwinAudit,PEM_R6_fixed,ssim,15,15,0.018507106711196375,-0.2843144634474448,0.25181556266575306,0.681412229076887,0.6815383621088402,0.9086545672716364,False,percent_reduction,1.0,TwinAudit (ours),"Joint gaze, fixed proxy (prior version)",NATURAL VIDEO WITH SIMULATED SENSING
DAVIS,nominal,256,448,8,64,area,scale8,PEM_R9_TwinAudit,PEM_R6_fixed,augmented_pqv,15,15,78.56864119261023,73.02196986749304,85.42000281620683,8.668498401020723e-09,4.044773119113534e-08,4.999750012499375e-05,True,percent_reduction,0.000599970001499925,TwinAudit (ours),"Joint gaze, fixed proxy (prior version)",NATURAL VIDEO WITH SIMULATED SENSING
DAVIS,nominal,256,448,8,64,area,scale8,PEM_R9_TwinAudit,PEM_R6_fixed,augmented_squared_error,15,15,82.19340504713155,39.410306036305194,89.95277866694884,5.31665982814426e-09,2.985781303060304e-08,0.059397030148492576,True,percent_reduction,0.4751762411879406,TwinAudit (ours),"Joint gaze, fixed proxy (prior version)",NATURAL VIDEO WITH SIMULATED SENSING
DAVIS,nominal,256,448,8,64,area,scale8,PEM_R9_TwinAudit,PEM_R6_fixed,cs_final_width,15,15,76.41681513853972,72.053143520155,80.91512367914943,0.013031490947286868,0.0552575533111432,4.999750012499375e-05,True,percent_reduction,0.000599970001499925,TwinAudit (ours),"Joint gaze, fixed proxy (prior version)",NATURAL VIDEO WITH SIMULATED SENSING
DAVIS,nominal,256,448,8,64,area,scale8,PEM_R9_TwinAudit,PEM_R6_fixed,online_total_ms_mean,15,15,-49.496675225079834,-51.11183521684581,-47.93316970540282,473.9398919593689,317.02370052431763,9.99950002499875e-05,True,percent_reduction,0.0010999450027498626,TwinAudit (ours),"Joint gaze, fixed proxy (prior version)",NATURAL VIDEO WITH SIMULATED SENSING
DAVIS,nominal,256,448,8,64,area,scale8,PEM_R9_TwinAudit,PEM_R6_fixed,psnr_db,15,15,-0.06761209205156339,-0.11215990898705185,-0.025002256390511665,25.496822283215536,25.564434375267094,0.009949502524873756,True,difference_dB,0.04974751262436878,TwinAudit (ours),"Joint gaze, fixed proxy (prior version)",NATURAL VIDEO WITH SIMULATED SENSING
DAVIS,nominal,256,448,8,64,area,scale8,PEM_R9_TwinAudit,PEM_R8_certified,mse,15,15,-0.45493807720529134,-1.0188567496799439,-0.005689462056422563,0.0037820173839985213,0.003764889468242793,0.08109594520273987,True,percent_reduction,0.4865756712164392,TwinAudit (ours),Ours w/o write-audit constraint,NATURAL VIDEO WITH SIMULATED SENSING
DAVIS,nominal,256,448,8,64,area,scale8,PEM_R9_TwinAudit,PEM_R8_certified,ssim,15,15,0.0282206931346618,-0.09335847119170682,0.1339801923784056,0.681412229076887,0.6816045826145385,0.6605669716514174,False,percent_reduction,1.0,TwinAudit (ours),Ours w/o write-audit constraint,NATURAL VIDEO WITH SIMULATED SENSING
DAVIS,nominal,256,448,8,64,area,scale8,PEM_R9_TwinAudit,PEM_R8_certified,augmented_pqv,15,15,13.148848789576506,1.465755617339409,16.33537649485101,8.668498401020723e-09,9.980867588062976e-09,0.07734613269336534,True,percent_reduction,0.23203839808009602,TwinAudit (ours),Ours w/o write-audit constraint,NATURAL VIDEO WITH SIMULATED SENSING
DAVIS,nominal,256,448,8,64,area,scale8,PEM_R9_TwinAudit,PEM_R8_certified,augmented_squared_error,15,15,36.84273290194399,-77.23556360079266,69.19742736881926,5.31665982814426e-09,8.418128384006513e-09,0.5032248387580621,True,percent_reduction,1.0,TwinAudit (ours),Ours w/o write-audit constraint,NATURAL VIDEO WITH SIMULATED SENSING
DAVIS,nominal,256,448,8,64,area,scale8,PEM_R9_TwinAudit,PEM_R8_certified,write_pqv,15,15,8.856073280389287,-8.469673169771424,17.7953415482086,7.646827318289938e-10,8.389837473004804e-10,0.5216739163041848,True,percent_reduction,1.0,TwinAudit (ours),Ours w/o write-audit constraint,NATURAL VIDEO WITH SIMULATED SENSING
DAVIS,nominal,256,448,8,64,area,scale8,PEM_R9_TwinAudit,PEM_R8_certified,write_squared_error,15,15,-760.9883729287706,-4581.12466339386,28.562261816714,3.274078531486347e-09,3.802697730224995e-10,0.2086895655217239,True,percent_reduction,0.6260686965651717,TwinAudit (ours),Ours w/o write-audit constraint,NATURAL VIDEO WITH SIMULATED SENSING
DAVIS,nominal,256,448,8,64,area,scale8,PEM_R9_TwinAudit,PEM_R8_certified,cs_final_width,15,15,9.602262731688905,3.800526915178421,14.756586585785433,0.013031490947286868,0.014415726920916033,0.00014999250037498125,True,percent_reduction,0.0007499625018749063,TwinAudit (ours),Ours w/o write-audit constraint,NATURAL VIDEO WITH SIMULATED SENSING
DAVIS,nominal,256,448,8,64,area,scale8,PEM_R9_TwinAudit,PEM_R8_certified,write_cs_final_width,15,15,8.452356901718005,2.617405051198309,13.715378865283753,0.011927388370149087,0.013028613262434628,0.0005499725013749313,True,percent_reduction,0.0006999650017499125,TwinAudit (ours),Ours w/o write-audit constraint,NATURAL VIDEO WITH SIMULATED SENSING
DAVIS,nominal,256,448,8,64,area,scale8,PEM_R9_TwinAudit,PEM_R8_certified,online_total_ms_mean,15,15,1.712638056781679,0.6688989112780604,2.803659042169605,473.9398919593689,482.1982018737761,0.006499675016249188,True,percent_reduction,0.019499025048747565,TwinAudit (ours),Ours w/o write-audit constraint,NATURAL VIDEO WITH SIMULATED SENSING
DAVIS,nominal,256,448,8,64,area,scale8,PEM_R9_TwinAudit,PEM_R8_certified,psnr_db,15,15,-0.01972427169501169,-0.04005364761625914,-0.002171392468380583,25.496822283215536,25.51654655491055,0.06659667016649168,True,difference_dB,0.19979001049947503,TwinAudit (ours),Ours w/o write-audit constraint,NATURAL VIDEO WITH SIMULATED SENSING
DAVIS,nominal,256,448,8,64,area,scale8,PEM_R9_TwinAudit,PEM_greedy,mse,15,15,-1.302092366958152,-2.8874115375410616,0.1103968157635807,0.0037820173839985213,0.0037334050024341917,0.12814359282035898,True,percent_reduction,0.6407179641017948,TwinAudit (ours),Greedy gaze,NATURAL VIDEO WITH SIMULATED SENSING
DAVIS,nominal,256,448,8,64,area,scale8,PEM_R9_TwinAudit,PEM_greedy,ssim,15,15,0.1566199323315587,-0.18108285443428462,0.40376334314515777,0.681412229076887,0.6824811305617485,0.35953202339883006,False,percent_reduction,1.0,TwinAudit (ours),Greedy gaze,NATURAL VIDEO WITH SIMULATED SENSING
DAVIS,nominal,256,448,8,64,area,scale8,PEM_R9_TwinAudit,PEM_greedy,augmented_pqv,15,15,97.80742177944589,97.1058386518783,98.67570739131473,8.668498401020723e-09,3.953564036967416e-07,9.99950002499875e-05,True,percent_reduction,0.000999950002499875,TwinAudit (ours),Greedy gaze,NATURAL VIDEO WITH SIMULATED SENSING
DAVIS,nominal,256,448,8,64,area,scale8,PEM_R9_TwinAudit,PEM_greedy,augmented_squared_error,15,15,95.66253263124999,90.98978787546882,97.53868626001496,5.31665982814426e-09,1.2257521212606696e-07,9.99950002499875e-05,True,percent_reduction,0.00119994000299985,TwinAudit (ours),Greedy gaze,NATURAL VIDEO WITH SIMULATED SENSING
DAVIS,nominal,256,448,8,64,area,scale8,PEM_R9_TwinAudit,PEM_greedy,cs_final_width,15,15,98.01074602750727,97.62792880135125,98.37997494152472,0.013031490947286868,0.6550943784697882,4.999750012499375e-05,True,percent_reduction,0.000599970001499925,TwinAudit (ours),Greedy gaze,NATURAL VIDEO WITH SIMULATED SENSING
DAVIS,nominal,256,448,8,64,area,scale8,PEM_R9_TwinAudit,PEM_greedy,online_total_ms_mean,15,15,-51.36465003668369,-53.26370674161187,-49.50764236287333,473.9398919593689,313.11134524772336,0.00014999250037498125,True,percent_reduction,0.0010999450027498626,TwinAudit (ours),Greedy gaze,NATURAL VIDEO WITH SIMULATED SENSING
DAVIS,nominal,256,448,8,64,area,scale8,PEM_R9_TwinAudit,PEM_greedy,psnr_db,15,15,-0.09449285241482527,-0.16783370260412453,-0.034597673528293876,25.496822283215536,25.59131513563036,0.007549622518874056,True,difference_dB,0.045297735113244336,TwinAudit (ours),Greedy gaze,NATURAL VIDEO WITH SIMULATED SENSING
DAVIS,nominal,256,448,8,64,area,scale8,PEM_R9_TwinAudit,PEM_uniform,mse,15,15,3.0127791878061583,0.6028022677808408,6.3528704755748375,0.0037820173839985213,0.0038995007304333668,0.028998550072496375,True,percent_reduction,0.231988400579971,TwinAudit (ours),Uniform gaze,NATURAL VIDEO WITH SIMULATED SENSING
DAVIS,nominal,256,448,8,64,area,scale8,PEM_R9_TwinAudit,PEM_uniform,ssim,15,15,-0.3074817478449843,-0.9797875402498812,0.5640540257744323,0.681412229076887,0.6793234335100099,0.47897605119744013,False,percent_reduction,1.0,TwinAudit (ours),Uniform gaze,NATURAL VIDEO WITH SIMULATED SENSING
DAVIS,nominal,256,448,8,64,area,scale8,PEM_R9_TwinAudit,PEM_uniform,augmented_pqv,15,15,41.75843217877389,19.738001354527466,61.38336802153519,8.668498401020723e-09,1.4883696859996775e-08,0.00199990000499975,True,percent_reduction,0.0119994000299985,TwinAudit (ours),Uniform gaze,NATURAL VIDEO WITH SIMULATED SENSING
DAVIS,nominal,256,448,8,64,area,scale8,PEM_R9_TwinAudit,PEM_uniform,augmented_squared_error,15,15,-39.13268721285996,-273.90167693662204,24.5914573170807,5.31665982814426e-09,3.821287387348646e-09,0.3070846457677116,True,percent_reduction,1.0,TwinAudit (ours),Uniform gaze,NATURAL VIDEO WITH SIMULATED SENSING
DAVIS,nominal,256,448,8,64,area,scale8,PEM_R9_TwinAudit,PEM_uniform,cs_final_width,15,15,40.50654593878079,35.21688811723484,45.24711073053159,0.013031490947286868,0.021904075251501395,4.999750012499375e-05,True,percent_reduction,0.000599970001499925,TwinAudit (ours),Uniform gaze,NATURAL VIDEO WITH SIMULATED SENSING
DAVIS,nominal,256,448,8,64,area,scale8,PEM_R9_TwinAudit,PEM_uniform,online_total_ms_mean,15,15,-50.88603309493267,-52.94401861220801,-49.06022194623371,473.9398919593689,314.10454780872993,9.99950002499875e-05,True,percent_reduction,0.0010999450027498626,TwinAudit (ours),Uniform gaze,NATURAL VIDEO WITH SIMULATED SENSING
DAVIS,nominal,256,448,8,64,area,scale8,PEM_R9_TwinAudit,PEM_uniform,psnr_db,15,15,0.25484331580571956,0.1281109690196092,0.3987385420805839,25.496822283215536,25.241978967409814,0.00119994000299985,True,difference_dB,0.01079946002699865,TwinAudit (ours),Uniform gaze,NATURAL VIDEO WITH SIMULATED SENSING
REDS,clean,256,448,4,64,bicubic,neural_native,PEM_R9_TwinAudit,BasicVSRpp2022_causal_memory,mse,30,30,-108.4343401546505,-120.3587100275615,-97.8122838355966,0.0027613319156468657,0.001324797014540915,4.999750012499375e-05,True,percent_reduction,0.0022498875056247186,TwinAudit (ours),BasicVSR++ causal (CVPR 2022) + patch + memory,NATURAL VIDEO WITH SIMULATED SENSING
REDS,clean,256,448,4,64,bicubic,neural_native,PEM_R9_TwinAudit,BasicVSRpp2022_causal_memory,ssim,30,30,13.481531159302495,12.254230129402904,14.719133115184862,0.746096991533961,0.8623557507793108,4.999750012499375e-05,False,percent_reduction,0.0022498875056247186,TwinAudit (ours),BasicVSR++ causal (CVPR 2022) + patch + memory,NATURAL VIDEO WITH SIMULATED SENSING
REDS,clean,256,448,4,64,bicubic,neural_native,PEM_R9_TwinAudit,BasicVSRpp2022_causal_memory,augmented_pqv,30,30,91.32971045247987,87.78196501566067,94.99022836798854,1.0189389969284731e-09,1.1752075767987579e-08,4.999750012499375e-05,True,percent_reduction,0.0022498875056247186,TwinAudit (ours),BasicVSR++ causal (CVPR 2022) + patch + memory,NATURAL VIDEO WITH SIMULATED SENSING
REDS,clean,256,448,4,64,bicubic,neural_native,PEM_R9_TwinAudit,BasicVSRpp2022_causal_memory,augmented_squared_error,30,30,98.02178666002878,96.39862563046921,98.720356461762,2.3974491088788176e-10,1.2119264694240177e-08,4.999750012499375e-05,True,percent_reduction,0.0022498875056247186,TwinAudit (ours),BasicVSR++ causal (CVPR 2022) + patch + memory,NATURAL VIDEO WITH SIMULATED SENSING
REDS,clean,256,448,4,64,bicubic,neural_native,PEM_R9_TwinAudit,BasicVSRpp2022_causal_memory,write_pqv,30,30,34.68707451180981,-7.771995682924534,60.60518171758628,8.25664736203137e-11,1.264167437044958e-10,0.14024298785060746,True,percent_reduction,0.2804859757012149,TwinAudit (ours),BasicVSR++ causal (CVPR 2022) + patch + memory,NATURAL VIDEO WITH SIMULATED SENSING
REDS,clean,256,448,4,64,bicubic,neural_native,PEM_R9_TwinAudit,BasicVSRpp2022_causal_memory,write_squared_error,30,30,-6.576879023294113,-241.13453648273503,70.4128820151368,1.5177529285514696e-10,1.4240921130930658e-10,0.927803609819509,True,percent_reduction,1.0,TwinAudit (ours),BasicVSR++ causal (CVPR 2022) + patch + memory,NATURAL VIDEO WITH SIMULATED SENSING
REDS,clean,256,448,4,64,bicubic,neural_native,PEM_R9_TwinAudit,BasicVSRpp2022_causal_memory,cs_final_width,30,30,73.63971439845523,71.39391783462956,75.76881915448452,0.008163457456902237,0.030968774695004975,4.999750012499375e-05,True,percent_reduction,0.0022498875056247186,TwinAudit (ours),BasicVSR++ causal (CVPR 2022) + patch + memory,NATURAL VIDEO WITH SIMULATED SENSING
REDS,clean,256,448,4,64,bicubic,neural_native,PEM_R9_TwinAudit,BasicVSRpp2022_causal_memory,write_cs_final_width,30,30,21.15248879281486,16.355386356513232,26.07999533446139,0.007524238503310874,0.009542772356555006,4.999750012499375e-05,True,percent_reduction,0.00119994000299985,TwinAudit (ours),BasicVSR++ causal (CVPR 2022) + patch + memory,NATURAL VIDEO WITH SIMULATED SENSING
REDS,clean,256,448,4,64,bicubic,neural_native,PEM_R9_TwinAudit,BasicVSRpp2022_causal_memory,online_total_ms_mean,30,30,98.04820580116447,97.97776877969828,98.11510222293626,321.2077334334511,16457.049294699606,4.999750012499375e-05,True,percent_reduction,0.0020998950052497373,TwinAudit (ours),BasicVSR++ causal (CVPR 2022) + patch + memory,NATURAL VIDEO WITH SIMULATED SENSING
REDS,clean,256,448,4,64,bicubic,neural_native,PEM_R9_TwinAudit,BasicVSRpp2022_causal_memory,psnr_db,30,30,-3.364598694931707,-3.6538188625953487,-3.0821447363186363,26.120684712631494,29.4852834075632,4.999750012499375e-05,True,difference_dB,0.0022498875056247186,TwinAudit (ours),BasicVSR++ causal (CVPR 2022) + patch + memory,NATURAL VIDEO WITH SIMULATED SENSING
REDS,clean,256,448,4,64,bicubic,neural_native,PEM_R9_TwinAudit,BasicVSRpp2022_causal_memory_R9,mse,30,30,-114.89911223722027,-128.09185319802606,-103.3463880886143,0.0027613319156468657,0.001284943379663067,4.999750012499375e-05,True,percent_reduction,0.0022498875056247186,TwinAudit (ours),BasicVSR++ causal (CVPR 2022) + TwinAudit gaze (ours),NATURAL VIDEO WITH SIMULATED SENSING
REDS,clean,256,448,4,64,bicubic,neural_native,PEM_R9_TwinAudit,BasicVSRpp2022_causal_memory_R9,ssim,30,30,13.56140081059639,12.35437882574877,14.80956365530055,0.746096991533961,0.8631525713404019,4.999750012499375e-05,False,percent_reduction,0.0022498875056247186,TwinAudit (ours),BasicVSR++ causal (CVPR 2022) + TwinAudit gaze (ours),NATURAL VIDEO WITH SIMULATED SENSING
REDS,clean,256,448,4,64,bicubic,neural_native,PEM_R9_TwinAudit,BasicVSRpp2022_causal_memory_R9,augmented_pqv,30,30,87.66801980068591,83.94811247524487,92.22133435706168,1.0189389969284731e-09,8.26257405915351e-09,4.999750012499375e-05,True,percent_reduction,0.0022498875056247186,TwinAudit (ours),BasicVSR++ causal (CVPR 2022) + TwinAudit gaze (ours),NATURAL VIDEO WITH SIMULATED SENSING
REDS,clean,256,448,4,64,bicubic,neural_native,PEM_R9_TwinAudit,BasicVSRpp2022_causal_memory_R9,augmented_squared_error,30,30,94.9677812094632,86.6280343576579,97.80342560979206,2.3974491088788176e-10,4.764198872646935e-09,9.99950002499875e-05,True,percent_reduction,0.0031998400079996,TwinAudit (ours),BasicVSR++ causal (CVPR 2022) + TwinAudit gaze (ours),NATURAL VIDEO WITH SIMULATED SENSING
REDS,clean,256,448,4,64,bicubic,neural_native,PEM_R9_TwinAudit,BasicVSRpp2022_causal_memory_R9,write_pqv,30,30,60.846742962584536,39.65394821632855,76.02927212862411,8.25664736203137e-11,2.1088021755485597e-10,4.999750012499375e-05,True,percent_reduction,0.00119994000299985,TwinAudit (ours),BasicVSR++ causal (CVPR 2022) + TwinAudit gaze (ours),NATURAL VIDEO WITH SIMULATED SENSING
REDS,clean,256,448,4,64,bicubic,neural_native,PEM_R9_TwinAudit,BasicVSRpp2022_causal_memory_R9,write_squared_error,30,30,-34.65278579907902,-314.7807816684973,65.84733178963698,1.5177529285514696e-10,1.1271604367815837e-10,0.7030648467576621,True,percent_reduction,1.0,TwinAudit (ours),BasicVSR++ causal (CVPR 2022) + TwinAudit gaze (ours),NATURAL VIDEO WITH SIMULATED SENSING
REDS,clean,256,448,4,64,bicubic,neural_native,PEM_R9_TwinAudit,BasicVSRpp2022_causal_memory_R9,cs_final_width,30,30,77.14178790861249,75.72211407234707,78.54473490758411,0.008163457456902237,0.03571345573426563,4.999750012499375e-05,True,percent_reduction,0.0022498875056247186,TwinAudit (ours),BasicVSR++ causal (CVPR 2022) + TwinAudit gaze (ours),NATURAL VIDEO WITH SIMULATED SENSING
REDS,clean,256,448,4,64,bicubic,neural_native,PEM_R9_TwinAudit,BasicVSRpp2022_causal_memory_R9,write_cs_final_width,30,30,43.51580816152628,39.89200130255929,47.17590935399138,0.007524238503310874,0.013320963367640508,4.999750012499375e-05,True,percent_reduction,0.00119994000299985,TwinAudit (ours),BasicVSR++ causal (CVPR 2022) + TwinAudit gaze (ours),NATURAL VIDEO WITH SIMULATED SENSING
REDS,clean,256,448,4,64,bicubic,neural_native,PEM_R9_TwinAudit,BasicVSRpp2022_causal_memory_R9,online_total_ms_mean,30,30,98.04843446105099,97.97900863432267,98.11524224912027,321.2077334334511,16458.97752459976,4.999750012499375e-05,True,percent_reduction,0.0020998950052497373,TwinAudit (ours),BasicVSR++ causal (CVPR 2022) + TwinAudit gaze (ours),NATURAL VIDEO WITH SIMULATED SENSING
REDS,clean,256,448,4,64,bicubic,neural_native,PEM_R9_TwinAudit,BasicVSRpp2022_causal_memory_R9,psnr_db,30,30,-3.5183923107955475,-3.816003457980439,-3.2238481640861942,26.120684712631494,29.639077023427042,4.999750012499375e-05,True,difference_dB,0.0022498875056247186,TwinAudit (ours),BasicVSR++ causal (CVPR 2022) + TwinAudit gaze (ours),NATURAL VIDEO WITH SIMULATED SENSING
REDS,clean,256,448,4,64,bicubic,neural_native,PEM_R9_TwinAudit,BasicVSRpp2022_causal_patch,mse,30,30,-102.26757417933695,-114.21101423310529,-91.72124613889994,0.0027613319156468657,0.0013651876366493525,4.999750012499375e-05,True,percent_reduction,0.0022498875056247186,TwinAudit (ours),BasicVSR++ causal (CVPR 2022) + patch,NATURAL VIDEO WITH SIMULATED SENSING
REDS,clean,256,448,4,64,bicubic,neural_native,PEM_R9_TwinAudit,BasicVSRpp2022_causal_patch,ssim,30,30,13.140586065418958,11.994847543677716,14.35938088067188,0.746096991533961,0.8589707870880763,4.999750012499375e-05,False,percent_reduction,0.0022498875056247186,TwinAudit (ours),BasicVSR++ causal (CVPR 2022) + patch,NATURAL VIDEO WITH SIMULATED SENSING
REDS,clean,256,448,4,64,bicubic,neural_native,PEM_R9_TwinAudit,BasicVSRpp2022_causal_patch,augmented_pqv,30,30,90.38411710912354,86.36297613990038,94.53183458001567,1.0189389969284731e-09,1.0596416454855554e-08,4.999750012499375e-05,True,percent_reduction,0.0022498875056247186,TwinAudit (ours),BasicVSR++ causal (CVPR 2022) + patch,NATURAL VIDEO WITH SIMULATED SENSING
REDS,clean,256,448,4,64,bicubic,neural_native,PEM_R9_TwinAudit,BasicVSRpp2022_causal_patch,augmented_squared_error,30,30,97.73921951703363,95.62774305336134,98.60752852192118,2.3974491088788176e-10,1.0604519664523647e-08,4.999750012499375e-05,True,percent_reduction,0.0022498875056247186,TwinAudit (ours),BasicVSR++ causal (CVPR 2022) + patch,NATURAL VIDEO WITH SIMULATED SENSING
REDS,clean,256,448,4,64,bicubic,neural_native,PEM_R9_TwinAudit,BasicVSRpp2022_causal_patch,cs_final_width,30,30,72.94802060798919,70.62705487670534,75.0727992541592,0.008163457456902237,0.030176932115041945,4.999750012499375e-05,True,percent_reduction,0.0022498875056247186,TwinAudit (ours),BasicVSR++ causal (CVPR 2022) + patch,NATURAL VIDEO WITH SIMULATED SENSING
REDS,clean,256,448,4,64,bicubic,neural_native,PEM_R9_TwinAudit,BasicVSRpp2022_causal_patch,online_total_ms_mean,30,30,98.036369257628,97.96490058982222,98.10352650405346,321.2077334334511,16357.848066966146,4.999750012499375e-05,True,percent_reduction,0.0020998950052497373,TwinAudit (ours),BasicVSR++ causal (CVPR 2022) + patch,NATURAL VIDEO WITH SIMULATED SENSING
REDS,clean,256,448,4,64,bicubic,neural_native,PEM_R9_TwinAudit,BasicVSRpp2022_causal_patch,psnr_db,30,30,-3.2556483250504726,-3.5506582301146317,-2.9655801526102255,26.120684712631494,29.376333037681977,4.999750012499375e-05,True,difference_dB,0.0022498875056247186,TwinAudit (ours),BasicVSR++ causal (CVPR 2022) + patch,NATURAL VIDEO WITH SIMULATED SENSING
REDS,clean,256,448,4,64,bicubic,neural_native,PEM_R9_TwinAudit,BasicVSRpp2022_offline_patch,mse,30,30,-138.8306113835027,-155.88015049771838,-123.87173111065556,0.0027613319156468657,0.001156188438178409,4.999750012499375e-05,True,percent_reduction,0.0022498875056247186,TwinAudit (ours),"BasicVSR++ offline, non-causal (CVPR 2022) + patch",NATURAL VIDEO WITH SIMULATED SENSING
REDS,clean,256,448,4,64,bicubic,neural_native,PEM_R9_TwinAudit,BasicVSRpp2022_offline_patch,ssim,30,30,14.81496981328042,13.478135606764265,16.128112964622677,0.746096991533961,0.8758545837203662,4.999750012499375e-05,False,percent_reduction,0.0022498875056247186,TwinAudit (ours),"BasicVSR++ offline, non-causal (CVPR 2022) + patch",NATURAL VIDEO WITH SIMULATED SENSING
REDS,clean,256,448,4,64,bicubic,neural_native,PEM_R9_TwinAudit,BasicVSRpp2022_offline_patch,augmented_pqv,30,30,92.50625701873761,89.28306559633151,95.80566164362345,1.0189389969284731e-09,1.359719701457955e-08,4.999750012499375e-05,True,percent_reduction,0.0022498875056247186,TwinAudit (ours),"BasicVSR++ offline, non-causal (CVPR 2022) + patch",NATURAL VIDEO WITH SIMULATED SENSING
REDS,clean,256,448,4,64,bicubic,neural_native,PEM_R9_TwinAudit,BasicVSRpp2022_offline_patch,augmented_squared_error,30,30,98.35385444150556,96.7656622323649,99.00496216025128,2.3974491088788176e-10,1.4564016508184875e-08,4.999750012499375e-05,True,percent_reduction,0.0022498875056247186,TwinAudit (ours),"BasicVSR++ offline, non-causal (CVPR 2022) + patch",NATURAL VIDEO WITH SIMULATED SENSING
REDS,clean,256,448,4,64,bicubic,neural_native,PEM_R9_TwinAudit,BasicVSRpp2022_offline_patch,cs_final_width,30,30,74.00486662398444,71.73279343454955,76.27870027338467,0.008163457456902237,0.031403791389792456,4.999750012499375e-05,True,percent_reduction,0.0022498875056247186,TwinAudit (ours),"BasicVSR++ offline, non-causal (CVPR 2022) + patch",NATURAL VIDEO WITH SIMULATED SENSING
REDS,clean,256,448,4,64,bicubic,neural_native,PEM_R9_TwinAudit,BasicVSRpp2022_offline_patch,online_total_ms_mean,30,30,88.48016789705387,88.12413979496533,88.79944468171949,321.2077334334511,2788.3022127666627,4.999750012499375e-05,True,percent_reduction,0.0020998950052497373,TwinAudit (ours),"BasicVSR++ offline, non-causal (CVPR 2022) + patch",NATURAL VIDEO WITH SIMULATED SENSING
REDS,clean,256,448,4,64,bicubic,neural_native,PEM_R9_TwinAudit,BasicVSRpp2022_offline_patch,psnr_db,30,30,-4.01201664348131,-4.3461823306242025,-3.66589806372858,26.120684712631494,30.132701356112808,4.999750012499375e-05,True,difference_dB,0.0022498875056247186,TwinAudit (ours),"BasicVSR++ offline, non-causal (CVPR 2022) + patch",NATURAL VIDEO WITH SIMULATED SENSING
REDS,clean,256,448,4,64,bicubic,neural_native,PEM_R9_TwinAudit,NanoSR2025_memory,mse,30,30,-31.87765079189948,-38.17756026538629,-26.568494162563834,0.0027613319156468657,0.0020938588904682543,4.999750012499375e-05,True,percent_reduction,0.0022498875056247186,TwinAudit (ours),NanoSR (NTIRE 2025) + patch + memory,NATURAL VIDEO WITH SIMULATED SENSING
REDS,clean,256,448,4,64,bicubic,neural_native,PEM_R9_TwinAudit,NanoSR2025_memory,ssim,30,30,6.792244481814502,6.178478564340829,7.439338832026594,0.746096991533961,0.8004666429162026,4.999750012499375e-05,False,percent_reduction,0.0022498875056247186,TwinAudit (ours),NanoSR (NTIRE 2025) + patch + memory,NATURAL VIDEO WITH SIMULATED SENSING
REDS,clean,256,448,4,64,bicubic,neural_native,PEM_R9_TwinAudit,NanoSR2025_memory,augmented_pqv,30,30,70.75933226133846,57.93147780260716,83.78663717221652,1.0189389969284731e-09,3.4846639140912925e-09,4.999750012499375e-05,True,percent_reduction,0.0022498875056247186,TwinAudit (ours),NanoSR (NTIRE 2025) + patch + memory,NATURAL VIDEO WITH SIMULATED SENSING
REDS,clean,256,448,4,64,bicubic,neural_native,PEM_R9_TwinAudit,NanoSR2025_memory,augmented_squared_error,30,30,92.84168518686444,85.20232288203758,96.23221850450909,2.3974491088788176e-10,3.349180877710882e-09,4.999750012499375e-05,True,percent_reduction,0.0022498875056247186,TwinAudit (ours),NanoSR (NTIRE 2025) + patch + memory,NATURAL VIDEO WITH SIMULATED SENSING
REDS,clean,256,448,4,64,bicubic,neural_native,PEM_R9_TwinAudit,NanoSR2025_memory,write_pqv,30,30,67.14574110352586,52.118316288603936,77.70824316885832,8.25664736203137e-11,2.513113258177148e-10,4.999750012499375e-05,True,percent_reduction,0.00119994000299985,TwinAudit (ours),NanoSR (NTIRE 2025) + patch + memory,NATURAL VIDEO WITH SIMULATED SENSING
REDS,clean,256,448,4,64,bicubic,neural_native,PEM_R9_TwinAudit,NanoSR2025_memory,write_squared_error,30,30,-0.8741486405110299,-215.42705812661902,71.97709885638535,1.5177529285514696e-10,1.5046004838765405e-10,0.9897505124743763,True,percent_reduction,1.0,TwinAudit (ours),NanoSR (NTIRE 2025) + patch + memory,NATURAL VIDEO WITH SIMULATED SENSING
REDS,clean,256,448,4,64,bicubic,neural_native,PEM_R9_TwinAudit,NanoSR2025_memory,cs_final_width,30,30,66.86665794315405,63.8931979144321,69.47234857279264,0.008163457456902237,0.024638195093318452,4.999750012499375e-05,True,percent_reduction,0.0022498875056247186,TwinAudit (ours),NanoSR (NTIRE 2025) + patch + memory,NATURAL VIDEO WITH SIMULATED SENSING
REDS,clean,256,448,4,64,bicubic,neural_native,PEM_R9_TwinAudit,NanoSR2025_memory,write_cs_final_width,30,30,36.930277208054605,33.55471575736679,40.0937095620509,0.007524238503310874,0.011930032621408303,4.999750012499375e-05,True,percent_reduction,0.00119994000299985,TwinAudit (ours),NanoSR (NTIRE 2025) + patch + memory,NATURAL VIDEO WITH SIMULATED SENSING
REDS,clean,256,448,4,64,bicubic,neural_native,PEM_R9_TwinAudit,NanoSR2025_memory,online_total_ms_mean,30,30,28.78501422859465,27.642663825074937,29.77252338684778,321.2077334334511,451.0395248333031,4.999750012499375e-05,True,percent_reduction,0.0020998950052497373,TwinAudit (ours),NanoSR (NTIRE 2025) + patch + memory,NATURAL VIDEO WITH SIMULATED SENSING
REDS,clean,256,448,4,64,bicubic,neural_native,PEM_R9_TwinAudit,NanoSR2025_memory,psnr_db,30,30,-1.3666991557877528,-1.5836732092566879,-1.1572961843651706,26.120684712631494,27.487383868419254,4.999750012499375e-05,True,difference_dB,0.0022498875056247186,TwinAudit (ours),NanoSR (NTIRE 2025) + patch + memory,NATURAL VIDEO WITH SIMULATED SENSING
REDS,clean,256,448,4,64,bicubic,neural_native,PEM_R9_TwinAudit,NanoSR2025_memory_R9,mse,30,30,-36.32736532185918,-42.86286425488812,-30.879243356900655,0.0027613319156468657,0.002025515500228115,4.999750012499375e-05,True,percent_reduction,0.0022498875056247186,TwinAudit (ours),NanoSR (NTIRE 2025) + TwinAudit gaze (ours),NATURAL VIDEO WITH SIMULATED SENSING
REDS,clean,256,448,4,64,bicubic,neural_native,PEM_R9_TwinAudit,NanoSR2025_memory_R9,ssim,30,30,6.936858835484239,6.372519313721061,7.530942824990621,0.746096991533961,0.801710518469413,4.999750012499375e-05,False,percent_reduction,0.0022498875056247186,TwinAudit (ours),NanoSR (NTIRE 2025) + TwinAudit gaze (ours),NATURAL VIDEO WITH SIMULATED SENSING
REDS,clean,256,448,4,64,bicubic,neural_native,PEM_R9_TwinAudit,NanoSR2025_memory_R9,augmented_pqv,30,30,74.76452422317824,66.3186926674767,84.75808578796442,1.0189389969284731e-09,4.0377245348563895e-09,4.999750012499375e-05,True,percent_reduction,0.0022498875056247186,TwinAudit (ours),NanoSR (NTIRE 2025) + TwinAudit gaze (ours),NATURAL VIDEO WITH SIMULATED SENSING
REDS,clean,256,448,4,64,bicubic,neural_native,PEM_R9_TwinAudit,NanoSR2025_memory_R9,augmented_squared_error,30,30,93.49251242778371,87.22455300175653,96.38609177551709,2.3974491088788176e-10,3.6841393583519432e-09,4.999750012499375e-05,True,percent_reduction,0.0022498875056247186,TwinAudit (ours),NanoSR (NTIRE 2025) + TwinAudit gaze (ours),NATURAL VIDEO WITH SIMULATED SENSING
REDS,clean,256,448,4,64,bicubic,neural_native,PEM_R9_TwinAudit,NanoSR2025_memory_R9,write_pqv,30,30,79.07475085888815,69.5516134468364,85.97302191498359,8.25664736203137e-11,3.9457821057955927e-10,4.999750012499375e-05,True,percent_reduction,0.00119994000299985,TwinAudit (ours),NanoSR (NTIRE 2025) + TwinAudit gaze (ours),NATURAL VIDEO WITH SIMULATED SENSING
REDS,clean,256,448,4,64,bicubic,neural_native,PEM_R9_TwinAudit,NanoSR2025_memory_R9,write_squared_error,30,30,50.4633002801379,-14.679928232544437,84.52413467750276,1.5177529285514696e-10,3.063895933993591e-10,0.15159242037898105,True,percent_reduction,1.0,TwinAudit (ours),NanoSR (NTIRE 2025) + TwinAudit gaze (ours),NATURAL VIDEO WITH SIMULATED SENSING
REDS,clean,256,448,4,64,bicubic,neural_native,PEM_R9_TwinAudit,NanoSR2025_memory_R9,cs_final_width,30,30,70.80236866138398,68.55452574830245,72.91494148803379,0.008163457456902237,0.027959314104036466,4.999750012499375e-05,True,percent_reduction,0.0022498875056247186,TwinAudit (ours),NanoSR (NTIRE 2025) + TwinAudit gaze (ours),NATURAL VIDEO WITH SIMULATED SENSING
REDS,clean,256,448,4,64,bicubic,neural_native,PEM_R9_TwinAudit,NanoSR2025_memory_R9,write_cs_final_width,30,30,49.90822226402636,47.30706908661307,52.26927268528201,0.007524238503310874,0.015020905312983744,4.999750012499375e-05,True,percent_reduction,0.00119994000299985,TwinAudit (ours),NanoSR (NTIRE 2025) + TwinAudit gaze (ours),NATURAL VIDEO WITH SIMULATED SENSING
REDS,clean,256,448,4,64,bicubic,neural_native,PEM_R9_TwinAudit,NanoSR2025_memory_R9,online_total_ms_mean,30,30,28.764166638193743,27.63807306111556,29.874801506369703,321.2077334334511,450.9075254332177,4.999750012499375e-05,True,percent_reduction,0.0020998950052497373,TwinAudit (ours),NanoSR (NTIRE 2025) + TwinAudit gaze (ours),NATURAL VIDEO WITH SIMULATED SENSING
REDS,clean,256,448,4,64,bicubic,neural_native,PEM_R9_TwinAudit,NanoSR2025_memory_R9,psnr_db,30,30,-1.5291409780296732,-1.7564341296815402,-1.310300886781556,26.120684712631494,27.64982569066117,4.999750012499375e-05,True,difference_dB,0.0022498875056247186,TwinAudit (ours),NanoSR (NTIRE 2025) + TwinAudit gaze (ours),NATURAL VIDEO WITH SIMULATED SENSING
REDS,clean,256,448,4,64,bicubic,neural_native,PEM_R9_TwinAudit,NanoSR2025_patch,mse,30,30,-25.80938544157012,-33.123509744499714,-19.439653815063892,0.0027613319156468657,0.002194853671651799,4.999750012499375e-05,True,percent_reduction,0.0022498875056247186,TwinAudit (ours),NanoSR (NTIRE 2025) + patch,NATURAL VIDEO WITH SIMULATED SENSING
REDS,clean,256,448,4,64,bicubic,neural_native,PEM_R9_TwinAudit,NanoSR2025_patch,ssim,30,30,5.793549025285327,5.113223406419968,6.494848437158541,0.746096991533961,0.7919807866811753,4.999750012499375e-05,False,percent_reduction,0.0022498875056247186,TwinAudit (ours),NanoSR (NTIRE 2025) + patch,NATURAL VIDEO WITH SIMULATED SENSING
REDS,clean,256,448,4,64,bicubic,neural_native,PEM_R9_TwinAudit,NanoSR2025_patch,augmented_pqv,30,30,60.04756829729389,32.94178548758052,80.0113825255621,1.0189389969284731e-09,2.5503804236763317e-09,9.99950002499875e-05,True,percent_reduction,0.0022498875056247186,TwinAudit (ours),NanoSR (NTIRE 2025) + patch,NATURAL VIDEO WITH SIMULATED SENSING
REDS,clean,256,448,4,64,bicubic,neural_native,PEM_R9_TwinAudit,NanoSR2025_patch,augmented_squared_error,30,30,85.77013684611654,73.10423975157077,91.99157807230125,2.3974491088788176e-10,1.684801240147226e-09,0.00034998250087495624,True,percent_reduction,0.009449527523623819,TwinAudit (ours),NanoSR (NTIRE 2025) + patch,NATURAL VIDEO WITH SIMULATED SENSING
REDS,clean,256,448,4,64,bicubic,neural_native,PEM_R9_TwinAudit,NanoSR2025_patch,cs_final_width,30,30,63.080561176912276,59.00925625484766,66.64097120147531,0.008163457456902237,0.022111542637525645,4.999750012499375e-05,True,percent_reduction,0.0022498875056247186,TwinAudit (ours),NanoSR (NTIRE 2025) + patch,NATURAL VIDEO WITH SIMULATED SENSING
REDS,clean,256,448,4,64,bicubic,neural_native,PEM_R9_TwinAudit,NanoSR2025_patch,online_total_ms_mean,30,30,8.480365852256666,6.897817205142116,10.128639144998562,321.2077334334511,350.97139146657236,4.999750012499375e-05,True,percent_reduction,0.0020998950052497373,TwinAudit (ours),NanoSR (NTIRE 2025) + patch,NATURAL VIDEO WITH SIMULATED SENSING
REDS,clean,256,448,4,64,bicubic,neural_native,PEM_R9_TwinAudit,NanoSR2025_patch,psnr_db,30,30,-1.1913428041479426,-1.4262186632703209,-0.9643684257716263,26.120684712631494,27.31202751677944,4.999750012499375e-05,True,difference_dB,0.0022498875056247186,TwinAudit (ours),NanoSR (NTIRE 2025) + patch,NATURAL VIDEO WITH SIMULATED SENSING
REDS,clean,256,448,4,64,bicubic,neural_native,PEM_R9_TwinAudit,PEM_R6_fixed,mse,30,30,-1.8040430022850273,-2.2099822167328544,-1.4643131654837438,0.0027613319156468657,0.002712399070029946,4.999750012499375e-05,True,percent_reduction,0.0022498875056247186,TwinAudit (ours),"Joint gaze, fixed proxy (prior version)",NATURAL VIDEO WITH SIMULATED SENSING
REDS,clean,256,448,4,64,bicubic,neural_native,PEM_R9_TwinAudit,PEM_R6_fixed,ssim,30,30,0.3079542465032503,0.2363516650611558,0.37715458474546604,0.746096991533961,0.7484017264314102,4.999750012499375e-05,False,percent_reduction,0.0022498875056247186,TwinAudit (ours),"Joint gaze, fixed proxy (prior version)",NATURAL VIDEO WITH SIMULATED SENSING
REDS,clean,256,448,4,64,bicubic,neural_native,PEM_R9_TwinAudit,PEM_R6_fixed,augmented_pqv,30,30,70.56993321503043,66.84966588219805,76.00072608936212,1.0189389969284731e-09,3.4622381402439176e-09,4.999750012499375e-05,True,percent_reduction,0.0022498875056247186,TwinAudit (ours),"Joint gaze, fixed proxy (prior version)",NATURAL VIDEO WITH SIMULATED SENSING
REDS,clean,256,448,4,64,bicubic,neural_native,PEM_R9_TwinAudit,PEM_R6_fixed,augmented_squared_error,30,30,91.71272775145798,77.76677960602717,95.93790613518621,2.3974491088788176e-10,2.8929291049906064e-09,4.999750012499375e-05,True,percent_reduction,0.0022498875056247186,TwinAudit (ours),"Joint gaze, fixed proxy (prior version)",NATURAL VIDEO WITH SIMULATED SENSING
REDS,clean,256,448,4,64,bicubic,neural_native,PEM_R9_TwinAudit,PEM_R6_fixed,cs_final_width,30,30,76.73560599295956,75.15630091016322,78.30187998280083,0.008163457456902237,0.035089920908456744,4.999750012499375e-05,True,percent_reduction,0.0022498875056247186,TwinAudit (ours),"Joint gaze, fixed proxy (prior version)",NATURAL VIDEO WITH SIMULATED SENSING
REDS,clean,256,448,4,64,bicubic,neural_native,PEM_R9_TwinAudit,PEM_R6_fixed,online_total_ms_mean,30,30,-48.34632926518119,-49.53296106870151,-47.094724849441654,321.2077334334511,216.52556893353662,4.999750012499375e-05,True,percent_reduction,0.0020998950052497373,TwinAudit (ours),"Joint gaze, fixed proxy (prior version)",NATURAL VIDEO WITH SIMULATED SENSING
REDS,clean,256,448,4,64,bicubic,neural_native,PEM_R9_TwinAudit,PEM_R6_fixed,psnr_db,30,30,-0.08833802638610636,-0.10707783052384803,-0.06980238426135252,26.120684712631494,26.209022739017602,4.999750012499375e-05,True,difference_dB,0.0022498875056247186,TwinAudit (ours),"Joint gaze, fixed proxy (prior version)",NATURAL VIDEO WITH SIMULATED SENSING
REDS,clean,256,448,4,64,bicubic,neural_native,PEM_R9_TwinAudit,PEM_uniform,mse,30,30,4.935408890050185,4.190909517033439,5.741960576885877,0.0027613319156468657,0.002904690256809882,4.999750012499375e-05,True,percent_reduction,0.0022498875056247186,TwinAudit (ours),Uniform gaze,NATURAL VIDEO WITH SIMULATED SENSING
REDS,clean,256,448,4,64,bicubic,neural_native,PEM_R9_TwinAudit,PEM_uniform,ssim,30,30,-0.4854964221524538,-0.6541020909464229,-0.3081014481080247,0.746096991533961,0.7424922183789707,4.999750012499375e-05,False,percent_reduction,0.0022498875056247186,TwinAudit (ours),Uniform gaze,NATURAL VIDEO WITH SIMULATED SENSING
REDS,clean,256,448,4,64,bicubic,neural_native,PEM_R9_TwinAudit,PEM_uniform,augmented_pqv,30,30,-8.024761198730568,-37.38275621693764,8.573085332382245,1.0189389969284731e-09,9.432457758957277e-10,0.48722563871806407,True,percent_reduction,0.48722563871806407,TwinAudit (ours),Uniform gaze,NATURAL VIDEO WITH SIMULATED SENSING
REDS,clean,256,448,4,64,bicubic,neural_native,PEM_R9_TwinAudit,PEM_uniform,augmented_squared_error,30,30,51.147512015983224,-38.05332362444663,77.44679935893477,2.3974491088788176e-10,4.907527145113262e-10,0.2232388380580971,True,percent_reduction,1.0,TwinAudit (ours),Uniform gaze,NATURAL VIDEO WITH SIMULATED SENSING
REDS,clean,256,448,4,64,bicubic,neural_native,PEM_R9_TwinAudit,PEM_uniform,cs_final_width,30,30,40.66973392045047,37.991783909649214,42.91649846504398,0.008163457456902237,0.013759347456754603,4.999750012499375e-05,True,percent_reduction,0.0022498875056247186,TwinAudit (ours),Uniform gaze,NATURAL VIDEO WITH SIMULATED SENSING
REDS,clean,256,448,4,64,bicubic,neural_native,PEM_R9_TwinAudit,PEM_uniform,online_total_ms_mean,30,30,-44.745427831330844,-46.96662352134507,-42.5373582004082,321.2077334334511,221.9121793662101,4.999750012499375e-05,True,percent_reduction,0.0020998950052497373,TwinAudit (ours),Uniform gaze,NATURAL VIDEO WITH SIMULATED SENSING
REDS,clean,256,448,4,64,bicubic,neural_native,PEM_R9_TwinAudit,PEM_uniform,psnr_db,30,30,0.23570712946362976,0.19699188400951687,0.27412858571768073,26.120684712631494,25.88497758316787,4.999750012499375e-05,True,difference_dB,0.0022498875056247186,TwinAudit (ours),Uniform gaze,NATURAL VIDEO WITH SIMULATED SENSING
REDS,clean,256,448,4,64,bicubic,neural_native,PEM_R9_TwinAudit,SCMSR2025_memory,mse,30,30,-30.79317444514671,-37.04814727154219,-25.50843664307011,0.0027613319156468657,0.0021112201973543655,4.999750012499375e-05,True,percent_reduction,0.0022498875056247186,TwinAudit (ours),SCMSR (NTIRE 2025) + patch + memory,NATURAL VIDEO WITH SIMULATED SENSING
REDS,clean,256,448,4,64,bicubic,neural_native,PEM_R9_TwinAudit,SCMSR2025_memory,ssim,30,30,6.658666836357286,6.055392289569545,7.284245093091667,0.746096991533961,0.7993211220006149,4.999750012499375e-05,False,percent_reduction,0.0022498875056247186,TwinAudit (ours),SCMSR (NTIRE 2025) + patch + memory,NATURAL VIDEO WITH SIMULATED SENSING
REDS,clean,256,448,4,64,bicubic,neural_native,PEM_R9_TwinAudit,SCMSR2025_memory,augmented_pqv,30,30,70.37392169699301,57.60962393719085,83.35398100448452,1.0189389969284731e-09,3.4393313435111407e-09,4.999750012499375e-05,True,percent_reduction,0.0022498875056247186,TwinAudit (ours),SCMSR (NTIRE 2025) + patch + memory,NATURAL VIDEO WITH SIMULATED SENSING
REDS,clean,256,448,4,64,bicubic,neural_native,PEM_R9_TwinAudit,SCMSR2025_memory,augmented_squared_error,30,30,92.05621377568434,85.10468424752811,95.37440548687006,2.3974491088788176e-10,3.0180181605848224e-09,4.999750012499375e-05,True,percent_reduction,0.0022498875056247186,TwinAudit (ours),SCMSR (NTIRE 2025) + patch + memory,NATURAL VIDEO WITH SIMULATED SENSING
REDS,clean,256,448,4,64,bicubic,neural_native,PEM_R9_TwinAudit,SCMSR2025_memory,write_pqv,30,30,67.55861145764128,53.378143048197586,77.92692225817906,8.25664736203137e-11,2.545096783157314e-10,4.999750012499375e-05,True,percent_reduction,0.00119994000299985,TwinAudit (ours),SCMSR (NTIRE 2025) + patch + memory,NATURAL VIDEO WITH SIMULATED SENSING
REDS,clean,256,448,4,64,bicubic,neural_native,PEM_R9_TwinAudit,SCMSR2025_memory,write_squared_error,30,30,14.144615966814357,-216.6584841137083,77.27084736009031,1.5177529285514696e-10,1.7678016884355362e-10,0.8417079146042697,True,percent_reduction,1.0,TwinAudit (ours),SCMSR (NTIRE 2025) + patch + memory,NATURAL VIDEO WITH SIMULATED SENSING
REDS,clean,256,448,4,64,bicubic,neural_native,PEM_R9_TwinAudit,SCMSR2025_memory,cs_final_width,30,30,66.73102966600489,63.971419997910665,69.40417532339876,0.008163457456902237,0.024537752070314608,4.999750012499375e-05,True,percent_reduction,0.0022498875056247186,TwinAudit (ours),SCMSR (NTIRE 2025) + patch + memory,NATURAL VIDEO WITH SIMULATED SENSING
REDS,clean,256,448,4,64,bicubic,neural_native,PEM_R9_TwinAudit,SCMSR2025_memory,write_cs_final_width,30,30,37.230916235704335,33.906768392119865,40.48167439406865,0.007524238503310874,0.011987172748235676,4.999750012499375e-05,True,percent_reduction,0.00119994000299985,TwinAudit (ours),SCMSR (NTIRE 2025) + patch + memory,NATURAL VIDEO WITH SIMULATED SENSING
REDS,clean,256,448,4,64,bicubic,neural_native,PEM_R9_TwinAudit,SCMSR2025_memory,online_total_ms_mean,30,30,58.93057613418608,57.9508003072003,59.92281087230939,321.2077334334511,782.1091780662246,4.999750012499375e-05,True,percent_reduction,0.0020998950052497373,TwinAudit (ours),SCMSR (NTIRE 2025) + patch + memory,NATURAL VIDEO WITH SIMULATED SENSING
REDS,clean,256,448,4,64,bicubic,neural_native,PEM_R9_TwinAudit,SCMSR2025_memory,psnr_db,30,30,-1.3274108839793315,-1.5381707985575404,-1.1216566135880544,26.120684712631494,27.448095596610827,4.999750012499375e-05,True,difference_dB,0.0022498875056247186,TwinAudit (ours),SCMSR (NTIRE 2025) + patch + memory,NATURAL VIDEO WITH SIMULATED SENSING
REDS,clean,256,448,4,64,bicubic,neural_native,PEM_R9_TwinAudit,SCMSR2025_memory_R9,mse,30,30,-35.449808205435886,-41.79935252501307,-30.16027298445349,0.0027613319156468657,0.002038638483310933,4.999750012499375e-05,True,percent_reduction,0.0022498875056247186,TwinAudit (ours),SCMSR (NTIRE 2025) + TwinAudit gaze (ours),NATURAL VIDEO WITH SIMULATED SENSING
REDS,clean,256,448,4,64,bicubic,neural_native,PEM_R9_TwinAudit,SCMSR2025_memory_R9,ssim,30,30,6.815900919722684,6.261415326755372,7.392750661124061,0.746096991533961,0.8006698555847009,4.999750012499375e-05,False,percent_reduction,0.0022498875056247186,TwinAudit (ours),SCMSR (NTIRE 2025) + TwinAudit gaze (ours),NATURAL VIDEO WITH SIMULATED SENSING
REDS,clean,256,448,4,64,bicubic,neural_native,PEM_R9_TwinAudit,SCMSR2025_memory_R9,augmented_pqv,30,30,75.43981325403864,67.4530743685913,84.81679797330276,1.0189389969284731e-09,4.1487428718188635e-09,4.999750012499375e-05,True,percent_reduction,0.0022498875056247186,TwinAudit (ours),SCMSR (NTIRE 2025) + TwinAudit gaze (ours),NATURAL VIDEO WITH SIMULATED SENSING
REDS,clean,256,448,4,64,bicubic,neural_native,PEM_R9_TwinAudit,SCMSR2025_memory_R9,augmented_squared_error,30,30,93.76681182925924,90.09723562035767,95.95707002141688,2.3974491088788176e-10,3.846264613240289e-09,4.999750012499375e-05,True,percent_reduction,0.0022498875056247186,TwinAudit (ours),SCMSR (NTIRE 2025) + TwinAudit gaze (ours),NATURAL VIDEO WITH SIMULATED SENSING
REDS,clean,256,448,4,64,bicubic,neural_native,PEM_R9_TwinAudit,SCMSR2025_memory_R9,write_pqv,30,30,79.4031357519041,70.09501466959318,86.38001052813253,8.25664736203137e-11,4.00869145059043e-10,4.999750012499375e-05,True,percent_reduction,0.00119994000299985,TwinAudit (ours),SCMSR (NTIRE 2025) + TwinAudit gaze (ours),NATURAL VIDEO WITH SIMULATED SENSING
REDS,clean,256,448,4,64,bicubic,neural_native,PEM_R9_TwinAudit,SCMSR2025_memory_R9,write_squared_error,30,30,64.22624150864742,29.26446270313233,87.62528739682668,1.5177529285514696e-10,4.2426431903104296e-10,0.009299535023248838,True,percent_reduction,0.18599070046497676,TwinAudit (ours),SCMSR (NTIRE 2025) + TwinAudit gaze (ours),NATURAL VIDEO WITH SIMULATED SENSING
REDS,clean,256,448,4,64,bicubic,neural_native,PEM_R9_TwinAudit,SCMSR2025_memory_R9,cs_final_width,30,30,70.77394006672544,68.46233897351081,72.94989251325796,0.008163457456902237,0.027932117690650272,4.999750012499375e-05,True,percent_reduction,0.0022498875056247186,TwinAudit (ours),SCMSR (NTIRE 2025) + TwinAudit gaze (ours),NATURAL VIDEO WITH SIMULATED SENSING
REDS,clean,256,448,4,64,bicubic,neural_native,PEM_R9_TwinAudit,SCMSR2025_memory_R9,write_cs_final_width,30,30,49.88530891789566,47.326191552790334,52.34239890435668,0.007524238503310874,0.015014037482509264,4.999750012499375e-05,True,percent_reduction,0.00119994000299985,TwinAudit (ours),SCMSR (NTIRE 2025) + TwinAudit gaze (ours),NATURAL VIDEO WITH SIMULATED SENSING
REDS,clean,256,448,4,64,bicubic,neural_native,PEM_R9_TwinAudit,SCMSR2025_memory_R9,online_total_ms_mean,30,30,58.93238690710804,57.964146116838855,59.91100051339525,321.2077334334511,782.143663199764,4.999750012499375e-05,True,percent_reduction,0.0020998950052497373,TwinAudit (ours),SCMSR (NTIRE 2025) + TwinAudit gaze (ours),NATURAL VIDEO WITH SIMULATED SENSING
REDS,clean,256,448,4,64,bicubic,neural_native,PEM_R9_TwinAudit,SCMSR2025_memory_R9,psnr_db,30,30,-1.4953770117348422,-1.7190698399596351,-1.2826070191144647,26.120684712631494,27.616061724366336,4.999750012499375e-05,True,difference_dB,0.0022498875056247186,TwinAudit (ours),SCMSR (NTIRE 2025) + TwinAudit gaze (ours),NATURAL VIDEO WITH SIMULATED SENSING
REDS,clean,256,448,4,64,bicubic,neural_native,PEM_R9_TwinAudit,SCMSR2025_patch,mse,30,30,-24.76754421387115,-31.544088593520517,-18.71866628645814,0.0027613319156468657,0.002213181266847338,4.999750012499375e-05,True,percent_reduction,0.0022498875056247186,TwinAudit (ours),SCMSR (NTIRE 2025) + patch,NATURAL VIDEO WITH SIMULATED SENSING
REDS,clean,256,448,4,64,bicubic,neural_native,PEM_R9_TwinAudit,SCMSR2025_patch,ssim,30,30,5.649789765081092,4.979090668835002,6.3258804877917845,0.746096991533961,0.7907740636467934,4.999750012499375e-05,False,percent_reduction,0.0022498875056247186,TwinAudit (ours),SCMSR (NTIRE 2025) + patch,NATURAL VIDEO WITH SIMULATED SENSING
REDS,clean,256,448,4,64,bicubic,neural_native,PEM_R9_TwinAudit,SCMSR2025_patch,augmented_pqv,30,30,59.47533919166762,32.75066257602602,79.68253518586658,1.0189389969284731e-09,2.5143677370865654e-09,0.00034998250087495624,True,percent_reduction,0.0066496675166241685,TwinAudit (ours),SCMSR (NTIRE 2025) + patch,NATURAL VIDEO WITH SIMULATED SENSING
REDS,clean,256,448,4,64,bicubic,neural_native,PEM_R9_TwinAudit,SCMSR2025_patch,augmented_squared_error,30,30,86.61172439597892,75.1031313585348,91.6876283945009,2.3974491088788176e-10,1.7907079147360546e-09,4.999750012499375e-05,True,percent_reduction,0.0022498875056247186,TwinAudit (ours),SCMSR (NTIRE 2025) + patch,NATURAL VIDEO WITH SIMULATED SENSING
REDS,clean,256,448,4,64,bicubic,neural_native,PEM_R9_TwinAudit,SCMSR2025_patch,cs_final_width,30,30,62.797034731059064,58.56419516382867,66.32598167912684,0.008163457456902237,0.021943028997523317,4.999750012499375e-05,True,percent_reduction,0.0022498875056247186,TwinAudit (ours),SCMSR (NTIRE 2025) + patch,NATURAL VIDEO WITH SIMULATED SENSING
REDS,clean,256,448,4,64,bicubic,neural_native,PEM_R9_TwinAudit,SCMSR2025_patch,online_total_ms_mean,30,30,52.73775223773516,51.53537484094429,54.03357248735606,321.2077334334511,679.6285590333476,4.999750012499375e-05,True,percent_reduction,0.0020998950052497373,TwinAudit (ours),SCMSR (NTIRE 2025) + patch,NATURAL VIDEO WITH SIMULATED SENSING
REDS,clean,256,448,4,64,bicubic,neural_native,PEM_R9_TwinAudit,SCMSR2025_patch,psnr_db,30,30,-1.1518475806174497,-1.384632674469146,-0.9354169389358058,26.120684712631494,27.27253229324895,4.999750012499375e-05,True,difference_dB,0.0022498875056247186,TwinAudit (ours),SCMSR (NTIRE 2025) + patch,NATURAL VIDEO WITH SIMULATED SENSING
REDS,clean,256,448,4,64,bicubic,neural_native,PEM_R9_TwinAudit,SPANF2025_memory,mse,30,30,-27.067678155098072,-32.55787584809342,-22.488344684102945,0.0027613319156468657,0.0021731190462742226,4.999750012499375e-05,True,percent_reduction,0.0022498875056247186,TwinAudit (ours),SPAN-F (NTIRE 2025) + patch + memory,NATURAL VIDEO WITH SIMULATED SENSING
REDS,clean,256,448,4,64,bicubic,neural_native,PEM_R9_TwinAudit,SPANF2025_memory,ssim,30,30,6.185780536499785,5.600932605762551,6.805056896635719,0.746096991533961,0.7952920098900795,4.999750012499375e-05,False,percent_reduction,0.0022498875056247186,TwinAudit (ours),SPAN-F (NTIRE 2025) + patch + memory,NATURAL VIDEO WITH SIMULATED SENSING
REDS,clean,256,448,4,64,bicubic,neural_native,PEM_R9_TwinAudit,SPANF2025_memory,augmented_pqv,30,30,66.90940972582663,53.62149127378878,80.97854776965029,1.0189389969284731e-09,3.07924092162157e-09,4.999750012499375e-05,True,percent_reduction,0.0022498875056247186,TwinAudit (ours),SPAN-F (NTIRE 2025) + patch + memory,NATURAL VIDEO WITH SIMULATED SENSING
REDS,clean,256,448,4,64,bicubic,neural_native,PEM_R9_TwinAudit,SPANF2025_memory,augmented_squared_error,30,30,90.13100989455941,76.00204329134056,95.14761728101045,2.3974491088788176e-10,2.429275015239046e-09,0.000199990000499975,True,percent_reduction,0.00599970001499925,TwinAudit (ours),SPAN-F (NTIRE 2025) + patch + memory,NATURAL VIDEO WITH SIMULATED SENSING
REDS,clean,256,448,4,64,bicubic,neural_native,PEM_R9_TwinAudit,SPANF2025_memory,write_pqv,30,30,69.09488569076736,56.90654668111929,78.60159826058683,8.25664736203137e-11,2.67161197962784e-10,4.999750012499375e-05,True,percent_reduction,0.00119994000299985,TwinAudit (ours),SPAN-F (NTIRE 2025) + patch + memory,NATURAL VIDEO WITH SIMULATED SENSING
REDS,clean,256,448,4,64,bicubic,neural_native,PEM_R9_TwinAudit,SPANF2025_memory,write_squared_error,30,30,8.983635024380254,-194.04498001212565,74.754048013244,1.5177529285514696e-10,1.6675604754793548e-10,0.8911554422278886,True,percent_reduction,1.0,TwinAudit (ours),SPAN-F (NTIRE 2025) + patch + memory,NATURAL VIDEO WITH SIMULATED SENSING
REDS,clean,256,448,4,64,bicubic,neural_native,PEM_R9_TwinAudit,SPANF2025_memory,cs_final_width,30,30,65.96272941814159,63.07979834120013,68.64849122445993,0.008163457456902237,0.023983878017684805,4.999750012499375e-05,True,percent_reduction,0.0022498875056247186,TwinAudit (ours),SPAN-F (NTIRE 2025) + patch + memory,NATURAL VIDEO WITH SIMULATED SENSING
REDS,clean,256,448,4,64,bicubic,neural_native,PEM_R9_TwinAudit,SPANF2025_memory,write_cs_final_width,30,30,38.1229583134838,34.95616352931176,41.24833672046224,0.007524238503310874,0.012159984217458964,4.999750012499375e-05,True,percent_reduction,0.00119994000299985,TwinAudit (ours),SPAN-F (NTIRE 2025) + patch + memory,NATURAL VIDEO WITH SIMULATED SENSING
REDS,clean,256,448,4,64,bicubic,neural_native,PEM_R9_TwinAudit,SPANF2025_memory,online_total_ms_mean,30,30,7.358517154639488,6.093236607932811,8.669947359251179,321.2077334334511,346.721278166088,4.999750012499375e-05,True,percent_reduction,0.0020998950052497373,TwinAudit (ours),SPAN-F (NTIRE 2025) + patch + memory,NATURAL VIDEO WITH SIMULATED SENSING
REDS,clean,256,448,4,64,bicubic,neural_native,PEM_R9_TwinAudit,SPANF2025_memory,psnr_db,30,30,-1.189181840763479,-1.3863372397197946,-0.9952802382524154,26.120684712631494,27.30986655339498,4.999750012499375e-05,True,difference_dB,0.0022498875056247186,TwinAudit (ours),SPAN-F (NTIRE 2025) + patch + memory,NATURAL VIDEO WITH SIMULATED SENSING
REDS,clean,256,448,4,64,bicubic,neural_native,PEM_R9_TwinAudit,SPANF2025_memory_R9,mse,30,30,-31.57796847871399,-37.26762986002055,-26.649815754854004,0.0027613319156468657,0.0020986278687632875,4.999750012499375e-05,True,percent_reduction,0.0022498875056247186,TwinAudit (ours),SPAN-F (NTIRE 2025) + TwinAudit gaze (ours),NATURAL VIDEO WITH SIMULATED SENSING
REDS,clean,256,448,4,64,bicubic,neural_native,PEM_R9_TwinAudit,SPANF2025_memory_R9,ssim,30,30,6.35014543777781,5.825359315897879,6.9049582098906175,0.746096991533961,0.7966878272493679,4.999750012499375e-05,False,percent_reduction,0.0022498875056247186,TwinAudit (ours),SPAN-F (NTIRE 2025) + TwinAudit gaze (ours),NATURAL VIDEO WITH SIMULATED SENSING
REDS,clean,256,448,4,64,bicubic,neural_native,PEM_R9_TwinAudit,SPANF2025_memory_R9,augmented_pqv,30,30,73.34040482060684,64.11699762139119,84.13515839595483,1.0189389969284731e-09,3.822034768615219e-09,4.999750012499375e-05,True,percent_reduction,0.0022498875056247186,TwinAudit (ours),SPAN-F (NTIRE 2025) + TwinAudit gaze (ours),NATURAL VIDEO WITH SIMULATED SENSING
REDS,clean,256,448,4,64,bicubic,neural_native,PEM_R9_TwinAudit,SPANF2025_memory_R9,augmented_squared_error,30,30,95.65541990475946,91.10338915006295,97.78849121384648,2.3974491088788176e-10,5.518252757050576e-09,4.999750012499375e-05,True,percent_reduction,0.0022498875056247186,TwinAudit (ours),SPAN-F (NTIRE 2025) + TwinAudit gaze (ours),NATURAL VIDEO WITH SIMULATED SENSING
REDS,clean,256,448,4,64,bicubic,neural_native,PEM_R9_TwinAudit,SPANF2025_memory_R9,write_pqv,30,30,80.72363544977408,71.87926350219881,87.38077281629329,8.25664736203137e-11,4.283301107176146e-10,4.999750012499375e-05,True,percent_reduction,0.00119994000299985,TwinAudit (ours),SPAN-F (NTIRE 2025) + TwinAudit gaze (ours),NATURAL VIDEO WITH SIMULATED SENSING
REDS,clean,256,448,4,64,bicubic,neural_native,PEM_R9_TwinAudit,SPANF2025_memory_R9,write_squared_error,30,30,81.85672613707764,26.128355520710848,95.42906975823284,1.5177529285514696e-10,8.365375179907049e-10,0.03249837508124594,True,percent_reduction,0.552472376381181,TwinAudit (ours),SPAN-F (NTIRE 2025) + TwinAudit gaze (ours),NATURAL VIDEO WITH SIMULATED SENSING
REDS,clean,256,448,4,64,bicubic,neural_native,PEM_R9_TwinAudit,SPANF2025_memory_R9,cs_final_width,30,30,69.70513409035016,67.27607280610563,71.97628617187497,0.008163457456902237,0.026946669713767985,4.999750012499375e-05,True,percent_reduction,0.0022498875056247186,TwinAudit (ours),SPAN-F (NTIRE 2025) + TwinAudit gaze (ours),NATURAL VIDEO WITH SIMULATED SENSING
REDS,clean,256,448,4,64,bicubic,neural_native,PEM_R9_TwinAudit,SPANF2025_memory_R9,write_cs_final_width,30,30,49.7403964803497,47.07545963764499,52.20585727395921,0.007524238503310874,0.014970747830052176,4.999750012499375e-05,True,percent_reduction,0.00119994000299985,TwinAudit (ours),SPAN-F (NTIRE 2025) + TwinAudit gaze (ours),NATURAL VIDEO WITH SIMULATED SENSING
REDS,clean,256,448,4,64,bicubic,neural_native,PEM_R9_TwinAudit,SPANF2025_memory_R9,online_total_ms_mean,30,30,7.323272659176561,5.7124897053746295,8.941841187862677,321.2077334334511,346.58942179970717,4.999750012499375e-05,True,percent_reduction,0.0020998950052497373,TwinAudit (ours),SPAN-F (NTIRE 2025) + TwinAudit gaze (ours),NATURAL VIDEO WITH SIMULATED SENSING
REDS,clean,256,448,4,64,bicubic,neural_native,PEM_R9_TwinAudit,SPANF2025_memory_R9,psnr_db,30,30,-1.3598459782372345,-1.572003650137815,-1.1590048337027559,26.120684712631494,27.48053069086873,4.999750012499375e-05,True,difference_dB,0.0022498875056247186,TwinAudit (ours),SPAN-F (NTIRE 2025) + TwinAudit gaze (ours),NATURAL VIDEO WITH SIMULATED SENSING
REDS,clean,256,448,4,64,bicubic,neural_native,PEM_R9_TwinAudit,SPANF2025_patch,mse,30,30,-21.113624760619064,-27.55578059683465,-15.400255206741052,0.0027613319156468657,0.00227995150925805,4.999750012499375e-05,True,percent_reduction,0.0022498875056247186,TwinAudit (ours),SPAN-F (NTIRE 2025) + patch,NATURAL VIDEO WITH SIMULATED SENSING
REDS,clean,256,448,4,64,bicubic,neural_native,PEM_R9_TwinAudit,SPANF2025_patch,ssim,30,30,5.1203510985537,4.437176887239433,5.774032039502782,0.746096991533961,0.7863614591459432,4.999750012499375e-05,False,percent_reduction,0.0022498875056247186,TwinAudit (ours),SPAN-F (NTIRE 2025) + patch,NATURAL VIDEO WITH SIMULATED SENSING
REDS,clean,256,448,4,64,bicubic,neural_native,PEM_R9_TwinAudit,SPANF2025_patch,augmented_pqv,30,30,53.41580952739017,22.482313226353707,76.69721303580721,1.0189389969284731e-09,2.187306437207662e-09,0.001799910004499775,True,percent_reduction,0.03239838008099595,TwinAudit (ours),SPAN-F (NTIRE 2025) + patch,NATURAL VIDEO WITH SIMULATED SENSING
REDS,clean,256,448,4,64,bicubic,neural_native,PEM_R9_TwinAudit,SPANF2025_patch,augmented_squared_error,30,30,73.2783222099735,44.89040813406393,85.95108648760494,2.3974491088788176e-10,8.971925818870674e-10,0.005799710014499275,True,percent_reduction,0.09774511274436279,TwinAudit (ours),SPAN-F (NTIRE 2025) + patch,NATURAL VIDEO WITH SIMULATED SENSING
REDS,clean,256,448,4,64,bicubic,neural_native,PEM_R9_TwinAudit,SPANF2025_patch,cs_final_width,30,30,61.4872410809985,57.1249176807847,65.20323311213586,0.008163457456902237,0.021196760985291385,4.999750012499375e-05,True,percent_reduction,0.0022498875056247186,TwinAudit (ours),SPAN-F (NTIRE 2025) + patch,NATURAL VIDEO WITH SIMULATED SENSING
REDS,clean,256,448,4,64,bicubic,neural_native,PEM_R9_TwinAudit,SPANF2025_patch,online_total_ms_mean,30,30,-31.326427854595316,-33.323989219445366,-29.449495291759447,321.2077334334511,244.58727666688114,4.999750012499375e-05,True,percent_reduction,0.0020998950052497373,TwinAudit (ours),SPAN-F (NTIRE 2025) + patch,NATURAL VIDEO WITH SIMULATED SENSING
REDS,clean,256,448,4,64,bicubic,neural_native,PEM_R9_TwinAudit,SPANF2025_patch,psnr_db,30,30,-1.0096073811779045,-1.2212811465480689,-0.7989208260721745,26.120684712631494,27.1302920938094,4.999750012499375e-05,True,difference_dB,0.0022498875056247186,TwinAudit (ours),SPAN-F (NTIRE 2025) + patch,NATURAL VIDEO WITH SIMULATED SENSING
REDS,drift,256,448,4,64,area,main,PEM_R9_TwinAudit,PEM_R6_fixed,mse,30,30,-1.5192853091092307,-1.865479558785604,-1.185054671180303,0.0033025827111455744,0.003253157960174525,4.999750012499375e-05,True,percent_reduction,0.00199990000499975,TwinAudit (ours),"Joint gaze, fixed proxy (prior version)",NATURAL VIDEO WITH SIMULATED SENSING
REDS,drift,256,448,4,64,area,main,PEM_R9_TwinAudit,PEM_R6_fixed,ssim,30,30,0.3797246322858605,0.284808951043648,0.4914414784629497,0.6882075310609844,0.690830785721784,4.999750012499375e-05,False,percent_reduction,0.00199990000499975,TwinAudit (ours),"Joint gaze, fixed proxy (prior version)",NATURAL VIDEO WITH SIMULATED SENSING
REDS,drift,256,448,4,64,area,main,PEM_R9_TwinAudit,PEM_R6_fixed,augmented_pqv,30,30,72.54005241851522,70.64853085942651,74.86518327880978,1.0473526330196007e-09,3.814110095846619e-09,4.999750012499375e-05,True,percent_reduction,0.00199990000499975,TwinAudit (ours),"Joint gaze, fixed proxy (prior version)",NATURAL VIDEO WITH SIMULATED SENSING
REDS,drift,256,448,4,64,area,main,PEM_R9_TwinAudit,PEM_R6_fixed,augmented_squared_error,30,30,87.53529202102757,36.452165180748736,95.78432867273739,6.77745988080775e-10,5.4373194239617285e-09,0.01184940752962352,True,percent_reduction,0.2843857807109645,TwinAudit (ours),"Joint gaze, fixed proxy (prior version)",NATURAL VIDEO WITH SIMULATED SENSING
REDS,drift,256,448,4,64,area,main,PEM_R9_TwinAudit,PEM_R6_fixed,cs_final_width,30,30,76.14076216983706,74.82076757480769,77.51664913974335,0.008170089780444022,0.034242878329144966,4.999750012499375e-05,True,percent_reduction,0.00199990000499975,TwinAudit (ours),"Joint gaze, fixed proxy (prior version)",NATURAL VIDEO WITH SIMULATED SENSING
REDS,drift,256,448,4,64,area,main,PEM_R9_TwinAudit,PEM_R6_fixed,online_total_ms_mean,30,30,-49.8282825277301,-50.711133356815694,-48.83768150524166,369.3404343833584,246.50915578305526,4.999750012499375e-05,True,percent_reduction,0.00199990000499975,TwinAudit (ours),"Joint gaze, fixed proxy (prior version)",NATURAL VIDEO WITH SIMULATED SENSING
REDS,drift,256,448,4,64,area,main,PEM_R9_TwinAudit,PEM_R6_fixed,psnr_db,30,30,-0.063724252087968,-0.07627148483180109,-0.051960755201659325,25.207598517288474,25.271322769376447,4.999750012499375e-05,True,difference_dB,0.00199990000499975,TwinAudit (ours),"Joint gaze, fixed proxy (prior version)",NATURAL VIDEO WITH SIMULATED SENSING
REDS,drift,256,448,4,64,area,main,PEM_R9_TwinAudit,PEM_R8_certified,mse,30,30,-0.13398898127172654,-0.3663595077095677,0.06934741016984491,0.0033025827111455744,0.0032981635354237845,0.26428678566071695,True,percent_reduction,1.0,TwinAudit (ours),Ours w/o write-audit constraint,NATURAL VIDEO WITH SIMULATED SENSING
REDS,drift,256,448,4,64,area,main,PEM_R9_TwinAudit,PEM_R8_certified,ssim,30,30,0.03574187641904869,-0.010912423593495426,0.08579194103328103,0.6882075310609844,0.688453597294932,0.1607419629018549,False,percent_reduction,0.6301684915754212,TwinAudit (ours),Ours w/o write-audit constraint,NATURAL VIDEO WITH SIMULATED SENSING
REDS,drift,256,448,4,64,area,main,PEM_R9_TwinAudit,PEM_R8_certified,augmented_pqv,30,30,12.152613120540368,4.232595149851583,20.882169054929207,1.0473526330196007e-09,1.1922410787889826e-09,4.999750012499375e-05,True,percent_reduction,0.00199990000499975,TwinAudit (ours),Ours w/o write-audit constraint,NATURAL VIDEO WITH SIMULATED SENSING
REDS,drift,256,448,4,64,area,main,PEM_R9_TwinAudit,PEM_R8_certified,augmented_squared_error,30,30,58.43371643603745,-6.037472368785573,75.13116459391571,6.77745988080775e-10,1.6305186077986835e-09,0.14684265786710665,True,percent_reduction,1.0,TwinAudit (ours),Ours w/o write-audit constraint,NATURAL VIDEO WITH SIMULATED SENSING
REDS,drift,256,448,4,64,area,main,PEM_R9_TwinAudit,PEM_R8_certified,write_pqv,30,30,12.867691609105592,6.994974495467094,17.982530474055867,1.3362087553964593e-10,1.5335399464018988e-10,0.0005499725013749313,True,percent_reduction,0.00439978001099945,TwinAudit (ours),Ours w/o write-audit constraint,NATURAL VIDEO WITH SIMULATED SENSING
REDS,drift,256,448,4,64,area,main,PEM_R9_TwinAudit,PEM_R8_certified,write_squared_error,30,30,-47.74084040454998,-124.66462043247694,14.006926637064655,1.7708994575832175e-10,1.198652622209315e-10,0.15884205789710515,True,percent_reduction,1.0,TwinAudit (ours),Ours w/o write-audit constraint,NATURAL VIDEO WITH SIMULATED SENSING
REDS,drift,256,448,4,64,area,main,PEM_R9_TwinAudit,PEM_R8_certified,cs_final_width,30,30,7.206962388905658,5.492111143295661,8.900266918591763,0.008170089780444022,0.00880463663091379,4.999750012499375e-05,True,percent_reduction,0.00199990000499975,TwinAudit (ours),Ours w/o write-audit constraint,NATURAL VIDEO WITH SIMULATED SENSING
REDS,drift,256,448,4,64,area,main,PEM_R9_TwinAudit,PEM_R8_certified,write_cs_final_width,30,30,4.261609041697289,3.2158202844221466,5.225486945253101,0.007705420587109437,0.008048412460227587,4.999750012499375e-05,True,percent_reduction,0.000599970001499925,TwinAudit (ours),Ours w/o write-audit constraint,NATURAL VIDEO WITH SIMULATED SENSING
REDS,drift,256,448,4,64,area,main,PEM_R9_TwinAudit,PEM_R8_certified,online_total_ms_mean,30,30,1.8659441766699758,1.3251607784570882,2.3844287552753944,369.3404343833584,376.3631608666813,4.999750012499375e-05,True,percent_reduction,0.00199990000499975,TwinAudit (ours),Ours w/o write-audit constraint,NATURAL VIDEO WITH SIMULATED SENSING
REDS,drift,256,448,4,64,area,main,PEM_R9_TwinAudit,PEM_R8_certified,psnr_db,30,30,-0.006082475058741702,-0.014667490785797129,0.002363579258159807,25.207598517288474,25.213680992347225,0.19259037048147593,True,difference_dB,0.5781710914454278,TwinAudit (ours),Ours w/o write-audit constraint,NATURAL VIDEO WITH SIMULATED SENSING
REDS,drift,256,448,4,64,area,main,PEM_R9_TwinAudit,PEM_R9_TwinAudit_strict,mse,30,30,3.663099586645757,3.1687799552231977,4.214350365427361,0.0033025827111455744,0.0034281596117117443,4.999750012499375e-05,True,percent_reduction,0.00199990000499975,TwinAudit (ours),TwinAudit-strict (κw = 1),NATURAL VIDEO WITH SIMULATED SENSING
REDS,drift,256,448,4,64,area,main,PEM_R9_TwinAudit,PEM_R9_TwinAudit_strict,ssim,30,30,-0.6810327290512452,-0.8095627071968453,-0.5555587946666791,0.6882075310609844,0.683552316068371,4.999750012499375e-05,False,percent_reduction,0.00199990000499975,TwinAudit (ours),TwinAudit-strict (κw = 1),NATURAL VIDEO WITH SIMULATED SENSING
REDS,drift,256,448,4,64,area,main,PEM_R9_TwinAudit,PEM_R9_TwinAudit_strict,augmented_pqv,30,30,-142.76768846396237,-165.01517068947655,-124.24114833974068,1.0473526330196007e-09,4.3142175947977317e-10,4.999750012499375e-05,True,percent_reduction,0.00199990000499975,TwinAudit (ours),TwinAudit-strict (κw = 1),NATURAL VIDEO WITH SIMULATED SENSING
REDS,drift,256,448,4,64,area,main,PEM_R9_TwinAudit,PEM_R9_TwinAudit_strict,augmented_squared_error,30,30,-10.699530490631993,-248.74099119934561,56.110352965173284,6.77745988080775e-10,6.122392616092708e-10,0.9462526873656317,True,percent_reduction,1.0,TwinAudit (ours),TwinAudit-strict (κw = 1),NATURAL VIDEO WITH SIMULATED SENSING
REDS,drift,256,448,4,64,area,main,PEM_R9_TwinAudit,PEM_R9_TwinAudit_strict,write_pqv,30,30,-32.34305505433446,-70.91830113077238,-9.366070185843089,1.3362087553964593e-10,1.0096553648756775e-10,0.002599870006499675,True,percent_reduction,0.015599220038998052,TwinAudit (ours),TwinAudit-strict (κw = 1),NATURAL VIDEO WITH SIMULATED SENSING
REDS,drift,256,448,4,64,area,main,PEM_R9_TwinAudit,PEM_R9_TwinAudit_strict,write_squared_error,30,30,-71.95152275612102,-310.9702773805503,14.116887832967274,1.7708994575832175e-10,1.0298829746886775e-10,0.17059147042647868,True,percent_reduction,1.0,TwinAudit (ours),TwinAudit-strict (κw = 1),NATURAL VIDEO WITH SIMULATED SENSING
REDS,drift,256,448,4,64,area,main,PEM_R9_TwinAudit,PEM_R9_TwinAudit_strict,cs_final_width,30,30,-27.52024761219445,-31.92104003866175,-22.66230604090316,0.008170089780444022,0.006406896107424698,4.999750012499375e-05,True,percent_reduction,0.00199990000499975,TwinAudit (ours),TwinAudit-strict (κw = 1),NATURAL VIDEO WITH SIMULATED SENSING
REDS,drift,256,448,4,64,area,main,PEM_R9_TwinAudit,PEM_R9_TwinAudit_strict,write_cs_final_width,30,30,-24.393862400263245,-29.25916328191261,-19.42538402910874,0.007705420587109437,0.006194373611710549,4.999750012499375e-05,True,percent_reduction,0.000599970001499925,TwinAudit (ours),TwinAudit-strict (κw = 1),NATURAL VIDEO WITH SIMULATED SENSING
REDS,drift,256,448,4,64,area,main,PEM_R9_TwinAudit,PEM_R9_TwinAudit_strict,online_total_ms_mean,30,30,2.705068467928773,1.9216495762417931,3.4932388893527144,369.3404343833584,379.60912101738114,4.999750012499375e-05,True,percent_reduction,0.00199990000499975,TwinAudit (ours),TwinAudit-strict (κw = 1),NATURAL VIDEO WITH SIMULATED SENSING
REDS,drift,256,448,4,64,area,main,PEM_R9_TwinAudit,PEM_R9_TwinAudit_strict,psnr_db,30,30,0.16629834921298173,0.14341416757487982,0.19083159259711086,25.207598517288474,25.0413001680755,4.999750012499375e-05,True,difference_dB,0.00199990000499975,TwinAudit (ours),TwinAudit-strict (κw = 1),NATURAL VIDEO WITH SIMULATED SENSING
REDS,drift,256,448,4,64,area,main,PEM_R9_TwinAudit,PEM_R9_dual_fixed,mse,30,30,-0.5738890527316132,-0.8300223771130422,-0.3472757214954281,0.0033025827111455744,0.003283737699965054,4.999750012499375e-05,True,percent_reduction,0.00199990000499975,TwinAudit (ours),Ours w/o online proxy mixture,NATURAL VIDEO WITH SIMULATED SENSING
REDS,drift,256,448,4,64,area,main,PEM_R9_TwinAudit,PEM_R9_dual_fixed,ssim,30,30,0.12196446318024634,0.06860162710367407,0.18541473857131727,0.6882075310609844,0.6890479246633547,4.999750012499375e-05,False,percent_reduction,0.00199990000499975,TwinAudit (ours),Ours w/o online proxy mixture,NATURAL VIDEO WITH SIMULATED SENSING
REDS,drift,256,448,4,64,area,main,PEM_R9_TwinAudit,PEM_R9_dual_fixed,augmented_pqv,30,30,27.4494054393142,18.854705978089942,31.373240890063133,1.0473526330196007e-09,1.4436168846880093e-09,4.999750012499375e-05,True,percent_reduction,0.00199990000499975,TwinAudit (ours),Ours w/o online proxy mixture,NATURAL VIDEO WITH SIMULATED SENSING
REDS,drift,256,448,4,64,area,main,PEM_R9_TwinAudit,PEM_R9_dual_fixed,augmented_squared_error,30,30,66.42398388775452,20.182866394624593,85.30587546397933,6.77745988080775e-10,2.0185420027648687e-09,0.02414879256037198,True,percent_reduction,0.5312734363281836,TwinAudit (ours),Ours w/o online proxy mixture,NATURAL VIDEO WITH SIMULATED SENSING
REDS,drift,256,448,4,64,area,main,PEM_R9_TwinAudit,PEM_R9_dual_fixed,write_pqv,30,30,19.28023794325966,10.623865990132082,27.379485674837728,1.3362087553964593e-10,1.655367559752218e-10,4.999750012499375e-05,True,percent_reduction,0.000599970001499925,TwinAudit (ours),Ours w/o online proxy mixture,NATURAL VIDEO WITH SIMULATED SENSING
REDS,drift,256,448,4,64,area,main,PEM_R9_TwinAudit,PEM_R9_dual_fixed,write_squared_error,30,30,-5.121715276964056,-75.35376885473973,38.43438062646318,1.7708994575832175e-10,1.684618114266335e-10,0.8521573921303934,True,percent_reduction,1.0,TwinAudit (ours),Ours w/o online proxy mixture,NATURAL VIDEO WITH SIMULATED SENSING
REDS,drift,256,448,4,64,area,main,PEM_R9_TwinAudit,PEM_R9_dual_fixed,cs_final_width,30,30,10.275745591233399,7.579755975871777,12.86598855087595,0.008170089780444022,0.009105776174213329,4.999750012499375e-05,True,percent_reduction,0.00199990000499975,TwinAudit (ours),Ours w/o online proxy mixture,NATURAL VIDEO WITH SIMULATED SENSING
REDS,drift,256,448,4,64,area,main,PEM_R9_TwinAudit,PEM_R9_dual_fixed,write_cs_final_width,30,30,6.054809071938394,4.30362076597272,7.94761111642721,0.007705420587109437,0.00820203834915813,4.999750012499375e-05,True,percent_reduction,0.000599970001499925,TwinAudit (ours),Ours w/o online proxy mixture,NATURAL VIDEO WITH SIMULATED SENSING
REDS,drift,256,448,4,64,area,main,PEM_R9_TwinAudit,PEM_R9_dual_fixed,online_total_ms_mean,30,30,0.4782186042843639,-0.029261920632209785,1.0442899100810594,369.3404343833584,371.115176199266,0.0911954402279886,True,percent_reduction,0.3647817609119544,TwinAudit (ours),Ours w/o online proxy mixture,NATURAL VIDEO WITH SIMULATED SENSING
REDS,drift,256,448,4,64,area,main,PEM_R9_TwinAudit,PEM_R9_dual_fixed,psnr_db,30,30,-0.024909920889479527,-0.034987068476490225,-0.01581806438081218,25.207598517288474,25.232508438177955,4.999750012499375e-05,True,difference_dB,0.00199990000499975,TwinAudit (ours),Ours w/o online proxy mixture,NATURAL VIDEO WITH SIMULATED SENSING
REDS,drift,256,448,4,64,area,main,PEM_R9_TwinAudit,PEM_audit_only,mse,30,30,3.490903727260297,2.910039701731835,4.146910107715743,0.0033025827111455744,0.003422042935530455,4.999750012499375e-05,True,percent_reduction,0.00199990000499975,TwinAudit (ours),Audit-only gaze,NATURAL VIDEO WITH SIMULATED SENSING
REDS,drift,256,448,4,64,area,main,PEM_R9_TwinAudit,PEM_audit_only,ssim,30,30,-0.8479435340967179,-1.039982979654227,-0.6763373078992957,0.6882075310609844,0.6824209864312218,4.999750012499375e-05,False,percent_reduction,0.00199990000499975,TwinAudit (ours),Audit-only gaze,NATURAL VIDEO WITH SIMULATED SENSING
REDS,drift,256,448,4,64,area,main,PEM_R9_TwinAudit,PEM_audit_only,augmented_pqv,30,30,-342.16509580079094,-441.0275278847126,-300.86268818793246,1.0473526330196007e-09,2.368691339425547e-10,4.999750012499375e-05,True,percent_reduction,0.00199990000499975,TwinAudit (ours),Audit-only gaze,NATURAL VIDEO WITH SIMULATED SENSING
REDS,drift,256,448,4,64,area,main,PEM_R9_TwinAudit,PEM_audit_only,augmented_squared_error,30,30,-356.6019856481285,-595.6290256939624,-198.51510264094637,6.77745988080775e-10,1.4843255381790364e-10,4.999750012499375e-05,True,percent_reduction,0.00199990000499975,TwinAudit (ours),Audit-only gaze,NATURAL VIDEO WITH SIMULATED SENSING
REDS,drift,256,448,4,64,area,main,PEM_R9_TwinAudit,PEM_audit_only,cs_final_width,30,30,-33.63109868036525,-40.698013401276334,-26.94898994374777,0.008170089780444022,0.006113913498523435,4.999750012499375e-05,True,percent_reduction,0.00199990000499975,TwinAudit (ours),Audit-only gaze,NATURAL VIDEO WITH SIMULATED SENSING
REDS,drift,256,448,4,64,area,main,PEM_R9_TwinAudit,PEM_audit_only,online_total_ms_mean,30,30,-52.06118823107839,-53.09348151016415,-51.046895008550315,369.3404343833584,242.88935176679902,4.999750012499375e-05,True,percent_reduction,0.00199990000499975,TwinAudit (ours),Audit-only gaze,NATURAL VIDEO WITH SIMULATED SENSING
REDS,drift,256,448,4,64,area,main,PEM_R9_TwinAudit,PEM_audit_only,psnr_db,30,30,0.16077168881995238,0.13520350924134034,0.18713473506674147,25.207598517288474,25.04682682846853,4.999750012499375e-05,True,difference_dB,0.00199990000499975,TwinAudit (ours),Audit-only gaze,NATURAL VIDEO WITH SIMULATED SENSING
REDS,drift,256,448,4,64,area,main,PEM_R9_TwinAudit,PEM_greedy,mse,30,30,-1.6753643413002894,-2.0533610041167356,-1.3232044092486106,0.0033025827111455744,0.0032481641276047766,4.999750012499375e-05,True,percent_reduction,0.00199990000499975,TwinAudit (ours),Greedy gaze,NATURAL VIDEO WITH SIMULATED SENSING
REDS,drift,256,448,4,64,area,main,PEM_R9_TwinAudit,PEM_greedy,ssim,30,30,0.44468408935139925,0.33172669744248484,0.5763428704194385,0.6882075310609844,0.691281550127021,4.999750012499375e-05,False,percent_reduction,0.00199990000499975,TwinAudit (ours),Greedy gaze,NATURAL VIDEO WITH SIMULATED SENSING
REDS,drift,256,448,4,64,area,main,PEM_R9_TwinAudit,PEM_greedy,augmented_pqv,30,30,97.46724630184048,97.28959106670735,97.63870236538413,1.0473526330196007e-09,4.135232864453751e-08,4.999750012499375e-05,True,percent_reduction,0.00199990000499975,TwinAudit (ours),Greedy gaze,NATURAL VIDEO WITH SIMULATED SENSING
REDS,drift,256,448,4,64,area,main,PEM_R9_TwinAudit,PEM_greedy,augmented_squared_error,30,30,99.04378047260259,98.21795188800314,99.38487529085758,6.77745988080775e-10,7.087765608860085e-08,4.999750012499375e-05,True,percent_reduction,0.00199990000499975,TwinAudit (ours),Greedy gaze,NATURAL VIDEO WITH SIMULATED SENSING
REDS,drift,256,448,4,64,area,main,PEM_R9_TwinAudit,PEM_greedy,cs_final_width,30,30,98.11931478065527,98.03199595091188,98.20186791887383,0.008170089780444022,0.43442090661459504,4.999750012499375e-05,True,percent_reduction,0.00199990000499975,TwinAudit (ours),Greedy gaze,NATURAL VIDEO WITH SIMULATED SENSING
REDS,drift,256,448,4,64,area,main,PEM_R9_TwinAudit,PEM_greedy,online_total_ms_mean,30,30,-52.57266876537465,-53.75705403183943,-51.1677040981853,369.3404343833584,242.0750959998792,4.999750012499375e-05,True,percent_reduction,0.00199990000499975,TwinAudit (ours),Greedy gaze,NATURAL VIDEO WITH SIMULATED SENSING
REDS,drift,256,448,4,64,area,main,PEM_R9_TwinAudit,PEM_greedy,psnr_db,30,30,-0.07109176970498497,-0.08455334993275235,-0.058164830309834596,25.207598517288474,25.278690286993463,4.999750012499375e-05,True,difference_dB,0.00199990000499975,TwinAudit (ours),Greedy gaze,NATURAL VIDEO WITH SIMULATED SENSING
REDS,drift,256,448,4,64,area,main,PEM_R9_TwinAudit,PEM_risk_only,mse,30,30,2.7756057593349426,2.363759830530921,3.2721286429917216,0.0033025827111455744,0.00339686632859908,4.999750012499375e-05,True,percent_reduction,0.00199990000499975,TwinAudit (ours),Risk-only gaze,NATURAL VIDEO WITH SIMULATED SENSING
REDS,drift,256,448,4,64,area,main,PEM_R9_TwinAudit,PEM_risk_only,ssim,30,30,-0.4194320607628699,-0.5281990358060201,-0.3062100815759184,0.6882075310609844,0.6853330246326791,4.999750012499375e-05,False,percent_reduction,0.00199990000499975,TwinAudit (ours),Risk-only gaze,NATURAL VIDEO WITH SIMULATED SENSING
REDS,drift,256,448,4,64,area,main,PEM_R9_TwinAudit,PEM_risk_only,augmented_pqv,30,30,9.977021284595367,-2.1275508885852945,17.87308029205008,1.0473526330196007e-09,1.1634281024300064e-09,0.19164041797910106,True,percent_reduction,0.3832808359582021,TwinAudit (ours),Risk-only gaze,NATURAL VIDEO WITH SIMULATED SENSING
REDS,drift,256,448,4,64,area,main,PEM_R9_TwinAudit,PEM_risk_only,augmented_squared_error,30,30,30.7343048676587,-67.42692187234611,64.17439391225177,6.77745988080775e-10,9.78472802136543e-10,0.4256287185640718,True,percent_reduction,1.0,TwinAudit (ours),Risk-only gaze,NATURAL VIDEO WITH SIMULATED SENSING
REDS,drift,256,448,4,64,area,main,PEM_R9_TwinAudit,PEM_risk_only,cs_final_width,30,30,40.10780871473871,36.05018797889005,43.475536699185014,0.008170089780444022,0.013641327199952655,4.999750012499375e-05,True,percent_reduction,0.00199990000499975,TwinAudit (ours),Risk-only gaze,NATURAL VIDEO WITH SIMULATED SENSING
REDS,drift,256,448,4,64,area,main,PEM_R9_TwinAudit,PEM_risk_only,online_total_ms_mean,30,30,-51.88286290893922,-53.03532342535252,-50.70808573297636,369.3404343833584,243.1745275994666,4.999750012499375e-05,True,percent_reduction,0.00199990000499975,TwinAudit (ours),Risk-only gaze,NATURAL VIDEO WITH SIMULATED SENSING
REDS,drift,256,448,4,64,area,main,PEM_R9_TwinAudit,PEM_risk_only,psnr_db,30,30,0.1319201677581706,0.11225343980245621,0.15272933057177512,25.207598517288474,25.07567834953031,4.999750012499375e-05,True,difference_dB,0.00199990000499975,TwinAudit (ours),Risk-only gaze,NATURAL VIDEO WITH SIMULATED SENSING
REDS,drift,256,448,4,64,area,main,PEM_R9_TwinAudit,PEM_softmax,mse,30,30,0.25359239171505177,-0.050370095927304015,0.5601651769667101,0.0033025827111455744,0.0033109791022401308,0.10729463526823659,True,percent_reduction,0.536473176341183,TwinAudit (ours),Benefit-softmax gaze,NATURAL VIDEO WITH SIMULATED SENSING
REDS,drift,256,448,4,64,area,main,PEM_R9_TwinAudit,PEM_softmax,ssim,30,30,0.10761168973881796,0.005071651628243966,0.22491614581027605,0.6882075310609844,0.6889489206359181,0.06834658267086646,False,percent_reduction,0.4100794960251988,TwinAudit (ours),Benefit-softmax gaze,NATURAL VIDEO WITH SIMULATED SENSING
REDS,drift,256,448,4,64,area,main,PEM_R9_TwinAudit,PEM_softmax,augmented_pqv,30,30,84.58803328355859,80.57569879012432,86.24887745775288,1.0473526330196007e-09,6.795710452075462e-09,4.999750012499375e-05,True,percent_reduction,0.00199990000499975,TwinAudit (ours),Benefit-softmax gaze,NATURAL VIDEO WITH SIMULATED SENSING
REDS,drift,256,448,4,64,area,main,PEM_R9_TwinAudit,PEM_softmax,augmented_squared_error,30,30,91.98795919056909,74.71969521341936,96.54663854317769,6.77745988080775e-10,8.459093060072844e-09,0.0005499725013749313,True,percent_reduction,0.015949202539873007,TwinAudit (ours),Benefit-softmax gaze,NATURAL VIDEO WITH SIMULATED SENSING
REDS,drift,256,448,4,64,area,main,PEM_R9_TwinAudit,PEM_softmax,cs_final_width,30,30,92.1879056393169,91.32020959264678,92.86652407920373,0.008170089780444022,0.10458257930885521,4.999750012499375e-05,True,percent_reduction,0.00199990000499975,TwinAudit (ours),Benefit-softmax gaze,NATURAL VIDEO WITH SIMULATED SENSING
REDS,drift,256,448,4,64,area,main,PEM_R9_TwinAudit,PEM_softmax,online_total_ms_mean,30,30,-51.945994626249316,-52.919414667863755,-50.92386188805959,369.3404343833584,243.0734915335197,4.999750012499375e-05,True,percent_reduction,0.00199990000499975,TwinAudit (ours),Benefit-softmax gaze,NATURAL VIDEO WITH SIMULATED SENSING
REDS,drift,256,448,4,64,area,main,PEM_R9_TwinAudit,PEM_softmax,psnr_db,30,30,0.01747760708378673,0.005902430936724296,0.028556468674555368,25.207598517288474,25.190120910204694,0.0063996800159992,True,difference_dB,0.0383980800959952,TwinAudit (ours),Benefit-softmax gaze,NATURAL VIDEO WITH SIMULATED SENSING
REDS,drift,256,448,4,64,area,main,PEM_R9_TwinAudit,PEM_uniform,mse,30,30,3.5850482386653337,3.072362958839342,4.17755688230766,0.0033025827111455744,0.003425384394031311,4.999750012499375e-05,True,percent_reduction,0.00199990000499975,TwinAudit (ours),Uniform gaze,NATURAL VIDEO WITH SIMULATED SENSING
REDS,drift,256,448,4,64,area,main,PEM_R9_TwinAudit,PEM_uniform,ssim,30,30,-0.6122990997647682,-0.7513144969941943,-0.4738381129572278,0.6882075310609844,0.6840192871237085,4.999750012499375e-05,False,percent_reduction,0.00199990000499975,TwinAudit (ours),Uniform gaze,NATURAL VIDEO WITH SIMULATED SENSING
REDS,drift,256,448,4,64,area,main,PEM_R9_TwinAudit,PEM_uniform,augmented_pqv,30,30,7.6827324210989705,2.088641397999295,12.75844296069916,1.0473526330196007e-09,1.1345143335448671e-09,0.02544872756362182,True,percent_reduction,0.1272436378181091,TwinAudit (ours),Uniform gaze,NATURAL VIDEO WITH SIMULATED SENSING
REDS,drift,256,448,4,64,area,main,PEM_R9_TwinAudit,PEM_uniform,augmented_squared_error,30,30,52.89900661377267,-40.40758656760035,78.26449165098259,6.77745988080775e-10,1.4389207941396682e-09,0.44732763361831906,True,percent_reduction,1.0,TwinAudit (ours),Uniform gaze,NATURAL VIDEO WITH SIMULATED SENSING
REDS,drift,256,448,4,64,area,main,PEM_R9_TwinAudit,PEM_uniform,cs_final_width,30,30,42.70355744026164,40.29649171561173,44.66550514279193,0.008170089780444022,0.014259331671291339,4.999750012499375e-05,True,percent_reduction,0.00199990000499975,TwinAudit (ours),Uniform gaze,NATURAL VIDEO WITH SIMULATED SENSING
REDS,drift,256,448,4,64,area,main,PEM_R9_TwinAudit,PEM_uniform,online_total_ms_mean,30,30,-53.49193826072111,-54.40443360160429,-52.63526709104154,369.3404343833584,240.62529835019572,4.999750012499375e-05,True,percent_reduction,0.00199990000499975,TwinAudit (ours),Uniform gaze,NATURAL VIDEO WITH SIMULATED SENSING
REDS,drift,256,448,4,64,area,main,PEM_R9_TwinAudit,PEM_uniform,psnr_db,30,30,0.16920276433791237,0.1437641522387294,0.1968160547604612,25.207598517288474,25.038395752950567,4.999750012499375e-05,True,difference_dB,0.00199990000499975,TwinAudit (ours),Uniform gaze,NATURAL VIDEO WITH SIMULATED SENSING
REDS,drift,256,448,4,64,area,main,PEM_R9_TwinAudit,PPAT2026_M1,mse,30,30,3.6236881097644336,3.103007315503288,4.194911281201509,0.0033025827111455744,0.0034267577233158034,4.999750012499375e-05,True,percent_reduction,0.00199990000499975,TwinAudit (ours),"PPAT (2026), M=1",NATURAL VIDEO WITH SIMULATED SENSING
REDS,drift,256,448,4,64,area,main,PEM_R9_TwinAudit,PPAT2026_M1,ssim,30,30,-0.7366103985296801,-0.8655860790591757,-0.6130608111232033,0.6882075310609844,0.68317519155978,4.999750012499375e-05,False,percent_reduction,0.00199990000499975,TwinAudit (ours),"PPAT (2026), M=1",NATURAL VIDEO WITH SIMULATED SENSING
REDS,drift,256,448,4,64,area,main,PEM_R9_TwinAudit,PPAT2026_M1,augmented_pqv,30,30,-77.30311954396407,-90.79638689171665,-64.29788515938154,1.0473526330196007e-09,5.907130318482068e-10,4.999750012499375e-05,True,percent_reduction,0.00199990000499975,TwinAudit (ours),"PPAT (2026), M=1",NATURAL VIDEO WITH SIMULATED SENSING
REDS,drift,256,448,4,64,area,main,PEM_R9_TwinAudit,PPAT2026_M1,augmented_squared_error,30,30,-7.447336316811226,-123.12035855215021,35.45911202902316,6.77745988080775e-10,6.307703953520295e-10,0.8307584620768962,True,percent_reduction,1.0,TwinAudit (ours),"PPAT (2026), M=1",NATURAL VIDEO WITH SIMULATED SENSING
REDS,drift,256,448,4,64,area,main,PEM_R9_TwinAudit,PPAT2026_M1,cs_final_width,30,30,-21.829335200758315,-25.2197058671365,-18.30871553191553,0.008170089780444022,0.006706176116762696,4.999750012499375e-05,True,percent_reduction,0.00199990000499975,TwinAudit (ours),"PPAT (2026), M=1",NATURAL VIDEO WITH SIMULATED SENSING
REDS,drift,256,448,4,64,area,main,PEM_R9_TwinAudit,PPAT2026_M1,online_total_ms_mean,30,30,-51.93798738343276,-52.69894257185103,-51.15656487995149,369.3404343833584,243.08630168391392,4.999750012499375e-05,True,percent_reduction,0.00199990000499975,TwinAudit (ours),"PPAT (2026), M=1",NATURAL VIDEO WITH SIMULATED SENSING
REDS,drift,256,448,4,64,area,main,PEM_R9_TwinAudit,PPAT2026_M1,psnr_db,30,30,0.17018328014815082,0.14375331068470573,0.19864076183707682,25.207598517288474,25.037415237140333,4.999750012499375e-05,True,difference_dB,0.00199990000499975,TwinAudit (ours),"PPAT (2026), M=1",NATURAL VIDEO WITH SIMULATED SENSING
REDS,nominal,256,448,4,64,area,main,PEM_R9_TwinAudit,PEM_R6_fixed,mse,30,30,-1.6054056738529443,-1.9056421353635977,-1.3014612605140832,0.002889126061518975,0.002843476724843647,4.999750012499375e-05,True,percent_reduction,0.00199990000499975,TwinAudit (ours),"Joint gaze, fixed proxy (prior version)",NATURAL VIDEO WITH SIMULATED SENSING
REDS,nominal,256,448,4,64,area,main,PEM_R9_TwinAudit,PEM_R6_fixed,ssim,30,30,0.3111725455253733,0.24705161757525157,0.3863815119255731,0.7429257157793321,0.7452447127223033,4.999750012499375e-05,False,percent_reduction,0.00199990000499975,TwinAudit (ours),"Joint gaze, fixed proxy (prior version)",NATURAL VIDEO WITH SIMULATED SENSING
REDS,nominal,256,448,4,64,area,main,PEM_R9_TwinAudit,PEM_R6_fixed,augmented_pqv,30,30,72.14692870017936,70.00509379046409,74.75713876706696,1.1274409703166782e-09,4.047815618538048e-09,4.999750012499375e-05,True,percent_reduction,0.00199990000499975,TwinAudit (ours),"Joint gaze, fixed proxy (prior version)",NATURAL VIDEO WITH SIMULATED SENSING
REDS,nominal,256,448,4,64,area,main,PEM_R9_TwinAudit,PEM_R6_fixed,augmented_squared_error,30,30,88.92155320339896,80.04927061612966,92.84680987125004,5.501188243499492e-10,4.965667430191835e-09,4.999750012499375e-05,True,percent_reduction,0.00199990000499975,TwinAudit (ours),"Joint gaze, fixed proxy (prior version)",NATURAL VIDEO WITH SIMULATED SENSING
REDS,nominal,256,448,4,64,area,main,PEM_R9_TwinAudit,PEM_R6_fixed,cs_final_width,30,30,76.33498239776932,75.03178815703656,77.70071069022148,0.008135935609728532,0.03437958824489373,4.999750012499375e-05,True,percent_reduction,0.00199990000499975,TwinAudit (ours),"Joint gaze, fixed proxy (prior version)",NATURAL VIDEO WITH SIMULATED SENSING
REDS,nominal,256,448,4,64,area,main,PEM_R9_TwinAudit,PEM_R6_fixed,online_total_ms_mean,30,30,-49.57544483700174,-50.317806246827615,-48.83411696814082,372.3879011329166,248.96325833342658,4.999750012499375e-05,True,percent_reduction,0.00199990000499975,TwinAudit (ours),"Joint gaze, fixed proxy (prior version)",NATURAL VIDEO WITH SIMULATED SENSING
REDS,nominal,256,448,4,64,area,main,PEM_R9_TwinAudit,PEM_R6_fixed,psnr_db,30,30,-0.07146440281876944,-0.08381640424476916,-0.06003173825187784,25.931715545725137,26.003179948543902,4.999750012499375e-05,True,difference_dB,0.00199990000499975,TwinAudit (ours),"Joint gaze, fixed proxy (prior version)",NATURAL VIDEO WITH SIMULATED SENSING
REDS,nominal,256,448,4,64,area,main,PEM_R9_TwinAudit,PEM_R8_certified,mse,30,30,-0.18582384728624834,-0.30148797957818163,-0.06599820377618315,0.002889126061518975,0.002883767334111944,0.009649517524123795,True,percent_reduction,0.06754662266886656,TwinAudit (ours),Ours w/o write-audit constraint,NATURAL VIDEO WITH SIMULATED SENSING
REDS,nominal,256,448,4,64,area,main,PEM_R9_TwinAudit,PEM_R8_certified,ssim,30,30,0.028708066168214863,0.0059260643708397565,0.05246335035343605,0.7429257157793321,0.7431390566314316,0.019799010049497526,False,percent_reduction,0.1583920803959802,TwinAudit (ours),Ours w/o write-audit constraint,NATURAL VIDEO WITH SIMULATED SENSING
REDS,nominal,256,448,4,64,area,main,PEM_R9_TwinAudit,PEM_R8_certified,augmented_pqv,30,30,13.321622169833347,9.021733043764138,15.052337280395948,1.1274409703166782e-09,1.3007176628590472e-09,4.999750012499375e-05,True,percent_reduction,0.00199990000499975,TwinAudit (ours),Ours w/o write-audit constraint,NATURAL VIDEO WITH SIMULATED SENSING
REDS,nominal,256,448,4,64,area,main,PEM_R9_TwinAudit,PEM_R8_certified,augmented_squared_error,30,30,60.88577785462612,29.3763518669417,75.64195009439702,5.501188243499492e-10,1.4064419389585454e-09,0.029798510074496274,True,percent_reduction,0.5959702014899255,TwinAudit (ours),Ours w/o write-audit constraint,NATURAL VIDEO WITH SIMULATED SENSING
REDS,nominal,256,448,4,64,area,main,PEM_R9_TwinAudit,PEM_R8_certified,write_pqv,30,30,17.44148416314164,7.584490870155173,24.114976836614098,9.554902345270849e-11,1.1573490933572536e-10,0.006049697515124244,True,percent_reduction,0.030248487575621222,TwinAudit (ours),Ours w/o write-audit constraint,NATURAL VIDEO WITH SIMULATED SENSING
REDS,nominal,256,448,4,64,area,main,PEM_R9_TwinAudit,PEM_R8_certified,write_squared_error,30,30,45.450138795810666,-23.14118044076998,80.73006587709305,7.201482767209677e-11,1.3201651861685424e-10,0.424078796060197,True,percent_reduction,1.0,TwinAudit (ours),Ours w/o write-audit constraint,NATURAL VIDEO WITH SIMULATED SENSING
REDS,nominal,256,448,4,64,area,main,PEM_R9_TwinAudit,PEM_R8_certified,cs_final_width,30,30,6.85830444141855,4.86808763851165,8.833056382793487,0.008135935609728532,0.008735009128764933,4.999750012499375e-05,True,percent_reduction,0.00199990000499975,TwinAudit (ours),Ours w/o write-audit constraint,NATURAL VIDEO WITH SIMULATED SENSING
REDS,nominal,256,448,4,64,area,main,PEM_R9_TwinAudit,PEM_R8_certified,write_cs_final_width,30,30,4.160934505614211,2.806083002393209,5.547730720218551,0.007576936745151409,0.007905895895442827,4.999750012499375e-05,True,percent_reduction,0.000599970001499925,TwinAudit (ours),Ours w/o write-audit constraint,NATURAL VIDEO WITH SIMULATED SENSING
REDS,nominal,256,448,4,64,area,main,PEM_R9_TwinAudit,PEM_R8_certified,online_total_ms_mean,30,30,1.7678381012126265,1.3249693416748802,2.2324699761863407,372.3879011329166,379.0895913668307,4.999750012499375e-05,True,percent_reduction,0.00199990000499975,TwinAudit (ours),Ours w/o write-audit constraint,NATURAL VIDEO WITH SIMULATED SENSING
REDS,nominal,256,448,4,64,area,main,PEM_R9_TwinAudit,PEM_R8_certified,psnr_db,30,30,-0.006529002274351115,-0.011531756946705187,-0.0014674437510058902,25.931715545725137,25.93824454799948,0.01814909254537273,True,difference_dB,0.09074546272686365,TwinAudit (ours),Ours w/o write-audit constraint,NATURAL VIDEO WITH SIMULATED SENSING
REDS,nominal,256,448,4,64,area,main,PEM_R9_TwinAudit,PEM_R9_TwinAudit_strict,mse,30,30,4.177664742811238,3.5821862750716624,4.864838834514415,0.002889126061518975,0.003015086257044886,4.999750012499375e-05,True,percent_reduction,0.00199990000499975,TwinAudit (ours),TwinAudit-strict (κw = 1),NATURAL VIDEO WITH SIMULATED SENSING
REDS,nominal,256,448,4,64,area,main,PEM_R9_TwinAudit,PEM_R9_TwinAudit_strict,ssim,30,30,-0.6397203026181186,-0.7626963567460454,-0.5186009406840457,0.7429257157793321,0.7382032795256139,4.999750012499375e-05,False,percent_reduction,0.00199990000499975,TwinAudit (ours),TwinAudit-strict (κw = 1),NATURAL VIDEO WITH SIMULATED SENSING
REDS,nominal,256,448,4,64,area,main,PEM_R9_TwinAudit,PEM_R9_TwinAudit_strict,augmented_pqv,30,30,-159.75181122618008,-177.02798114877413,-146.67696102293172,1.1274409703166782e-09,4.3404547017189185e-10,4.999750012499375e-05,True,percent_reduction,0.00199990000499975,TwinAudit (ours),TwinAudit-strict (κw = 1),NATURAL VIDEO WITH SIMULATED SENSING
REDS,nominal,256,448,4,64,area,main,PEM_R9_TwinAudit,PEM_R9_TwinAudit_strict,augmented_squared_error,30,30,17.259093525494208,-54.08826307839262,47.856943423735835,5.501188243499492e-10,6.648692258640559e-10,0.5015249237538123,True,percent_reduction,1.0,TwinAudit (ours),TwinAudit-strict (κw = 1),NATURAL VIDEO WITH SIMULATED SENSING
REDS,nominal,256,448,4,64,area,main,PEM_R9_TwinAudit,PEM_R9_TwinAudit_strict,write_pqv,30,30,-73.84261108454453,-109.68622335015642,-52.575437807980535,9.554902345270849e-11,5.496294772415741e-11,4.999750012499375e-05,True,percent_reduction,0.000599970001499925,TwinAudit (ours),TwinAudit-strict (κw = 1),NATURAL VIDEO WITH SIMULATED SENSING
REDS,nominal,256,448,4,64,area,main,PEM_R9_TwinAudit,PEM_R9_TwinAudit_strict,write_squared_error,30,30,-46.33537847385012,-137.38067928722802,32.8336380984986,7.201482767209677e-11,4.921217850607855e-11,0.40857957102144893,True,percent_reduction,1.0,TwinAudit (ours),TwinAudit-strict (κw = 1),NATURAL VIDEO WITH SIMULATED SENSING
REDS,nominal,256,448,4,64,area,main,PEM_R9_TwinAudit,PEM_R9_TwinAudit_strict,cs_final_width,30,30,-28.143242658676005,-32.92241288366602,-22.962349139080203,0.008135935609728532,0.006349094529626907,4.999750012499375e-05,True,percent_reduction,0.00199990000499975,TwinAudit (ours),TwinAudit-strict (κw = 1),NATURAL VIDEO WITH SIMULATED SENSING
REDS,nominal,256,448,4,64,area,main,PEM_R9_TwinAudit,PEM_R9_TwinAudit_strict,write_cs_final_width,30,30,-24.406843699419277,-29.53696010658643,-19.302552692294675,0.007576936745151409,0.006090450106955633,4.999750012499375e-05,True,percent_reduction,0.000599970001499925,TwinAudit (ours),TwinAudit-strict (κw = 1),NATURAL VIDEO WITH SIMULATED SENSING
REDS,nominal,256,448,4,64,area,main,PEM_R9_TwinAudit,PEM_R9_TwinAudit_strict,online_total_ms_mean,30,30,3.1466372280697152,2.380739136361827,3.9510669466482486,372.3879011329166,384.4862898666858,4.999750012499375e-05,True,percent_reduction,0.00199990000499975,TwinAudit (ours),TwinAudit-strict (κw = 1),NATURAL VIDEO WITH SIMULATED SENSING
REDS,nominal,256,448,4,64,area,main,PEM_R9_TwinAudit,PEM_R9_TwinAudit_strict,psnr_db,30,30,0.20452834613816873,0.17249496584096366,0.23757229501103014,25.931715545725137,25.727187199586965,4.999750012499375e-05,True,difference_dB,0.00199990000499975,TwinAudit (ours),TwinAudit-strict (κw = 1),NATURAL VIDEO WITH SIMULATED SENSING
REDS,nominal,256,448,4,64,area,main,PEM_R9_TwinAudit,PEM_R9_dual_fixed,mse,30,30,-0.5872992316571013,-0.8443385279540749,-0.3385947721046002,0.002889126061518975,0.0028722573163687264,0.00014999250037498125,True,percent_reduction,0.00199990000499975,TwinAudit (ours),Ours w/o online proxy mixture,NATURAL VIDEO WITH SIMULATED SENSING
REDS,nominal,256,448,4,64,area,main,PEM_R9_TwinAudit,PEM_R9_dual_fixed,ssim,30,30,0.0792362496698007,0.041848680207692,0.12236100448689667,0.7429257157793321,0.7435148490614665,0.0002999850007499625,False,percent_reduction,0.0038998050097495125,TwinAudit (ours),Ours w/o online proxy mixture,NATURAL VIDEO WITH SIMULATED SENSING
REDS,nominal,256,448,4,64,area,main,PEM_R9_TwinAudit,PEM_R9_dual_fixed,augmented_pqv,30,30,19.762370820695363,12.822794003328086,25.09202640186506,1.1274409703166782e-09,1.40512747179658e-09,4.999750012499375e-05,True,percent_reduction,0.00199990000499975,TwinAudit (ours),Ours w/o online proxy mixture,NATURAL VIDEO WITH SIMULATED SENSING
REDS,nominal,256,448,4,64,area,main,PEM_R9_TwinAudit,PEM_R9_dual_fixed,augmented_squared_error,30,30,62.201152223385535,18.590633329241157,79.69782367292176,5.501188243499492e-10,1.4553851683550489e-09,0.017649117544122794,True,percent_reduction,0.40592970351482427,TwinAudit (ours),Ours w/o online proxy mixture,NATURAL VIDEO WITH SIMULATED SENSING
REDS,nominal,256,448,4,64,area,main,PEM_R9_TwinAudit,PEM_R9_dual_fixed,write_pqv,30,30,20.60476478964379,12.381353087156603,26.002174946734577,9.554902345270849e-11,1.2034604242880963e-10,0.0008999550022498875,True,percent_reduction,0.006299685015749212,TwinAudit (ours),Ours w/o online proxy mixture,NATURAL VIDEO WITH SIMULATED SENSING
REDS,nominal,256,448,4,64,area,main,PEM_R9_TwinAudit,PEM_R9_dual_fixed,write_squared_error,30,30,55.00002174250104,-10.694650464704996,80.84877664919698,7.201482767209677e-11,1.600330277050655e-10,0.1352932353382331,True,percent_reduction,1.0,TwinAudit (ours),Ours w/o online proxy mixture,NATURAL VIDEO WITH SIMULATED SENSING
REDS,nominal,256,448,4,64,area,main,PEM_R9_TwinAudit,PEM_R9_dual_fixed,cs_final_width,30,30,8.97391469888732,6.50541396677469,11.42514178298831,0.008135935609728532,0.008938026481985906,4.999750012499375e-05,True,percent_reduction,0.00199990000499975,TwinAudit (ours),Ours w/o online proxy mixture,NATURAL VIDEO WITH SIMULATED SENSING
REDS,nominal,256,448,4,64,area,main,PEM_R9_TwinAudit,PEM_R9_dual_fixed,write_cs_final_width,30,30,5.184130954088184,3.620954377466422,6.8475695076709036,0.007576936745151409,0.007991211620369686,4.999750012499375e-05,True,percent_reduction,0.000599970001499925,TwinAudit (ours),Ours w/o online proxy mixture,NATURAL VIDEO WITH SIMULATED SENSING
REDS,nominal,256,448,4,64,area,main,PEM_R9_TwinAudit,PEM_R9_dual_fixed,online_total_ms_mean,30,30,0.951290567081875,0.5202840478699527,1.379712021692307,372.3879011329166,375.96441514982143,0.000199990000499975,True,percent_reduction,0.00199990000499975,TwinAudit (ours),Ours w/o online proxy mixture,NATURAL VIDEO WITH SIMULATED SENSING
REDS,nominal,256,448,4,64,area,main,PEM_R9_TwinAudit,PEM_R9_dual_fixed,psnr_db,30,30,-0.021720570807937396,-0.03164032492541729,-0.01224046743677512,25.931715545725137,25.953436116533073,4.999750012499375e-05,True,difference_dB,0.00199990000499975,TwinAudit (ours),Ours w/o online proxy mixture,NATURAL VIDEO WITH SIMULATED SENSING
REDS,nominal,256,448,4,64,area,main,PEM_R9_TwinAudit,PEM_audit_only,mse,30,30,4.371402211714348,3.7766211521096538,4.979213531565349,0.002889126061518975,0.003021194630413046,4.999750012499375e-05,True,percent_reduction,0.00199990000499975,TwinAudit (ours),Audit-only gaze,NATURAL VIDEO WITH SIMULATED SENSING
REDS,nominal,256,448,4,64,area,main,PEM_R9_TwinAudit,PEM_audit_only,ssim,30,30,-0.875636648799083,-1.0674746214016724,-0.699847325981154,0.7429257157793321,0.7364768545311348,4.999750012499375e-05,False,percent_reduction,0.00199990000499975,TwinAudit (ours),Audit-only gaze,NATURAL VIDEO WITH SIMULATED SENSING
REDS,nominal,256,448,4,64,area,main,PEM_R9_TwinAudit,PEM_audit_only,augmented_pqv,30,30,-395.7606729825369,-488.91123523763895,-339.16896648743773,1.1274409703166782e-09,2.2741637886157868e-10,4.999750012499375e-05,True,percent_reduction,0.00199990000499975,TwinAudit (ours),Audit-only gaze,NATURAL VIDEO WITH SIMULATED SENSING
REDS,nominal,256,448,4,64,area,main,PEM_R9_TwinAudit,PEM_audit_only,augmented_squared_error,30,30,-502.16227440471675,-845.7588669049219,-229.9806217386522,5.501188243499492e-10,9.135723836133432e-11,0.000199990000499975,True,percent_reduction,0.00599970001499925,TwinAudit (ours),Audit-only gaze,NATURAL VIDEO WITH SIMULATED SENSING
REDS,nominal,256,448,4,64,area,main,PEM_R9_TwinAudit,PEM_audit_only,cs_final_width,30,30,-32.16294841420515,-38.35217532770138,-25.815705178872776,0.008135935609728532,0.006155988276101492,4.999750012499375e-05,True,percent_reduction,0.00199990000499975,TwinAudit (ours),Audit-only gaze,NATURAL VIDEO WITH SIMULATED SENSING
REDS,nominal,256,448,4,64,area,main,PEM_R9_TwinAudit,PEM_audit_only,online_total_ms_mean,30,30,-51.378900503344106,-52.50116929884316,-50.27730668454634,372.3879011329166,245.99722939901403,4.999750012499375e-05,True,percent_reduction,0.00199990000499975,TwinAudit (ours),Audit-only gaze,NATURAL VIDEO WITH SIMULATED SENSING
REDS,nominal,256,448,4,64,area,main,PEM_R9_TwinAudit,PEM_audit_only,psnr_db,30,30,0.2026744606526729,0.1739006559111901,0.23106476758162753,25.931715545725137,25.72904108507246,4.999750012499375e-05,True,difference_dB,0.00199990000499975,TwinAudit (ours),Audit-only gaze,NATURAL VIDEO WITH SIMULATED SENSING
REDS,nominal,256,448,4,64,area,main,PEM_R9_TwinAudit,PEM_greedy,mse,30,30,-1.9718709537093426,-2.3315546312649307,-1.62854641592734,0.002889126061518975,0.0028332578724877067,4.999750012499375e-05,True,percent_reduction,0.00199990000499975,TwinAudit (ours),Greedy gaze,NATURAL VIDEO WITH SIMULATED SENSING
REDS,nominal,256,448,4,64,area,main,PEM_R9_TwinAudit,PEM_greedy,ssim,30,30,0.41571618103165564,0.3300523338316508,0.5121563603454279,0.7429257157793321,0.746027071028474,4.999750012499375e-05,False,percent_reduction,0.00199990000499975,TwinAudit (ours),Greedy gaze,NATURAL VIDEO WITH SIMULATED SENSING
REDS,nominal,256,448,4,64,area,main,PEM_R9_TwinAudit,PEM_greedy,augmented_pqv,30,30,97.36140420915869,97.1084619790105,97.62083866590352,1.1274409703166782e-09,4.272882471161675e-08,4.999750012499375e-05,True,percent_reduction,0.00199990000499975,TwinAudit (ours),Greedy gaze,NATURAL VIDEO WITH SIMULATED SENSING
REDS,nominal,256,448,4,64,area,main,PEM_R9_TwinAudit,PEM_greedy,augmented_squared_error,30,30,98.94751070148322,96.23335253796931,99.51435941179597,5.501188243499492e-10,5.2268353238859915e-08,4.999750012499375e-05,True,percent_reduction,0.00199990000499975,TwinAudit (ours),Greedy gaze,NATURAL VIDEO WITH SIMULATED SENSING
REDS,nominal,256,448,4,64,area,main,PEM_R9_TwinAudit,PEM_greedy,cs_final_width,30,30,98.0922169864994,97.9995029393773,98.18213518135175,0.008135935609728532,0.4264602185968628,4.999750012499375e-05,True,percent_reduction,0.00199990000499975,TwinAudit (ours),Greedy gaze,NATURAL VIDEO WITH SIMULATED SENSING
REDS,nominal,256,448,4,64,area,main,PEM_R9_TwinAudit,PEM_greedy,online_total_ms_mean,30,30,-52.79442690421787,-53.723799538297726,-51.85979061311443,372.3879011329166,243.7182485499652,4.999750012499375e-05,True,percent_reduction,0.00199990000499975,TwinAudit (ours),Greedy gaze,NATURAL VIDEO WITH SIMULATED SENSING
REDS,nominal,256,448,4,64,area,main,PEM_R9_TwinAudit,PEM_greedy,psnr_db,30,30,-0.08996896357729062,-0.10508896415155443,-0.07583113598095671,25.931715545725137,26.02168450930243,4.999750012499375e-05,True,difference_dB,0.00199990000499975,TwinAudit (ours),Greedy gaze,NATURAL VIDEO WITH SIMULATED SENSING
REDS,nominal,256,448,4,64,area,main,PEM_R9_TwinAudit,PEM_risk_only,mse,30,30,3.348104271764696,2.8654487005158713,3.93462349971803,0.002889126061518975,0.0029892078574874376,4.999750012499375e-05,True,percent_reduction,0.00199990000499975,TwinAudit (ours),Risk-only gaze,NATURAL VIDEO WITH SIMULATED SENSING
REDS,nominal,256,448,4,64,area,main,PEM_R9_TwinAudit,PEM_risk_only,ssim,30,30,-0.37308861797222814,-0.46701328866717573,-0.28581972072829476,0.7429257157793321,0.7401642472186595,4.999750012499375e-05,False,percent_reduction,0.00199990000499975,TwinAudit (ours),Risk-only gaze,NATURAL VIDEO WITH SIMULATED SENSING
REDS,nominal,256,448,4,64,area,main,PEM_R9_TwinAudit,PEM_risk_only,augmented_pqv,30,30,0.2759576739378322,-18.448216240060667,8.25746721351688,1.1274409703166782e-09,1.1305608397124006e-09,0.9898505074746262,True,percent_reduction,0.9898505074746262,TwinAudit (ours),Risk-only gaze,NATURAL VIDEO WITH SIMULATED SENSING
REDS,nominal,256,448,4,64,area,main,PEM_R9_TwinAudit,PEM_risk_only,augmented_squared_error,30,30,10.097049606328978,-97.95862393484708,54.003410652524316,5.501188243499492e-10,6.11902970860316e-10,0.8065596720163992,True,percent_reduction,1.0,TwinAudit (ours),Risk-only gaze,NATURAL VIDEO WITH SIMULATED SENSING
REDS,nominal,256,448,4,64,area,main,PEM_R9_TwinAudit,PEM_risk_only,cs_final_width,30,30,37.65962183870191,32.38118771047769,41.85904230762901,0.008135935609728532,0.013050828130489994,4.999750012499375e-05,True,percent_reduction,0.00199990000499975,TwinAudit (ours),Risk-only gaze,NATURAL VIDEO WITH SIMULATED SENSING
REDS,nominal,256,448,4,64,area,main,PEM_R9_TwinAudit,PEM_risk_only,online_total_ms_mean,30,30,-51.78294028853918,-52.895471192925626,-50.58409925083809,372.3879011329166,245.34239514994746,4.999750012499375e-05,True,percent_reduction,0.00199990000499975,TwinAudit (ours),Risk-only gaze,NATURAL VIDEO WITH SIMULATED SENSING
REDS,nominal,256,448,4,64,area,main,PEM_R9_TwinAudit,PEM_risk_only,psnr_db,30,30,0.16846606953298687,0.14202549341326265,0.19692317282448477,25.931715545725137,25.763249476192144,4.999750012499375e-05,True,difference_dB,0.00199990000499975,TwinAudit (ours),Risk-only gaze,NATURAL VIDEO WITH SIMULATED SENSING
REDS,nominal,256,448,4,64,area,main,PEM_R9_TwinAudit,PEM_softmax,mse,30,30,0.32483556817715087,0.06330331629278374,0.6239917208424961,0.002889126061518975,0.00289854155544947,0.024098795060246987,True,percent_reduction,0.14459277036148194,TwinAudit (ours),Benefit-softmax gaze,NATURAL VIDEO WITH SIMULATED SENSING
REDS,nominal,256,448,4,64,area,main,PEM_R9_TwinAudit,PEM_softmax,ssim,30,30,0.14098446714162494,0.06356365378413303,0.23112586491583317,0.7429257157793321,0.74397460441103,0.0013499325033748313,False,percent_reduction,0.014849257537123144,TwinAudit (ours),Benefit-softmax gaze,NATURAL VIDEO WITH SIMULATED SENSING
REDS,nominal,256,448,4,64,area,main,PEM_R9_TwinAudit,PEM_softmax,augmented_pqv,30,30,83.72902231505515,76.09053011286467,86.7587415542254,1.1274409703166782e-09,6.929153196245066e-09,4.999750012499375e-05,True,percent_reduction,0.00199990000499975,TwinAudit (ours),Benefit-softmax gaze,NATURAL VIDEO WITH SIMULATED SENSING
REDS,nominal,256,448,4,64,area,main,PEM_R9_TwinAudit,PEM_softmax,augmented_squared_error,30,30,91.40238552523331,73.7657749039573,93.95873547001739,5.501188243499492e-10,6.398505375700475e-09,4.999750012499375e-05,True,percent_reduction,0.00199990000499975,TwinAudit (ours),Benefit-softmax gaze,NATURAL VIDEO WITH SIMULATED SENSING
REDS,nominal,256,448,4,64,area,main,PEM_R9_TwinAudit,PEM_softmax,cs_final_width,30,30,91.10177478018967,89.6660916552568,92.13518824437338,0.008135935609728532,0.09143323987366947,4.999750012499375e-05,True,percent_reduction,0.00199990000499975,TwinAudit (ours),Benefit-softmax gaze,NATURAL VIDEO WITH SIMULATED SENSING
REDS,nominal,256,448,4,64,area,main,PEM_R9_TwinAudit,PEM_softmax,online_total_ms_mean,30,30,-51.84848973586418,-52.90549348497979,-50.74384097838831,372.3879011329166,245.23648656675746,4.999750012499375e-05,True,percent_reduction,0.00199990000499975,TwinAudit (ours),Benefit-softmax gaze,NATURAL VIDEO WITH SIMULATED SENSING
REDS,nominal,256,448,4,64,area,main,PEM_R9_TwinAudit,PEM_softmax,psnr_db,30,30,0.022458136057894627,0.010913473674730228,0.03421976403483251,25.931715545725137,25.90925740966724,0.0007999600019999,True,difference_dB,0.0063996800159992,TwinAudit (ours),Benefit-softmax gaze,NATURAL VIDEO WITH SIMULATED SENSING
REDS,nominal,256,448,4,64,area,main,PEM_R9_TwinAudit,PEM_uniform,mse,30,30,4.514004217382506,3.835037089569892,5.345677839199012,0.002889126061518975,0.0030257065843417833,4.999750012499375e-05,True,percent_reduction,0.00199990000499975,TwinAudit (ours),Uniform gaze,NATURAL VIDEO WITH SIMULATED SENSING
REDS,nominal,256,448,4,64,area,main,PEM_R9_TwinAudit,PEM_uniform,ssim,30,30,-0.5807009788370676,-0.7119248545810797,-0.4547945729579479,0.7429257157793321,0.7386364467032788,4.999750012499375e-05,False,percent_reduction,0.00199990000499975,TwinAudit (ours),Uniform gaze,NATURAL VIDEO WITH SIMULATED SENSING
REDS,nominal,256,448,4,64,area,main,PEM_R9_TwinAudit,PEM_uniform,augmented_pqv,30,30,-5.627182460025293,-17.870052203127226,-0.025613419706443395,1.1274409703166782e-09,1.0673776806868433e-09,0.07559622018899055,True,percent_reduction,0.22678866056697167,TwinAudit (ours),Uniform gaze,NATURAL VIDEO WITH SIMULATED SENSING
REDS,nominal,256,448,4,64,area,main,PEM_R9_TwinAudit,PEM_uniform,augmented_squared_error,30,30,12.232383715267359,-34.17747828228417,48.885983741367276,5.501188243499492e-10,6.267902076379434e-10,0.6515174241287935,True,percent_reduction,1.0,TwinAudit (ours),Uniform gaze,NATURAL VIDEO WITH SIMULATED SENSING
REDS,nominal,256,448,4,64,area,main,PEM_R9_TwinAudit,PEM_uniform,cs_final_width,30,30,40.06374446229363,37.30964529647882,42.4018697941467,0.008135935609728532,0.013574314138810608,4.999750012499375e-05,True,percent_reduction,0.00199990000499975,TwinAudit (ours),Uniform gaze,NATURAL VIDEO WITH SIMULATED SENSING
REDS,nominal,256,448,4,64,area,main,PEM_R9_TwinAudit,PEM_uniform,online_total_ms_mean,30,30,-52.94359446071248,-53.879733024404786,-52.02353552223257,372.3879011329166,243.48054748286572,4.999750012499375e-05,True,percent_reduction,0.00199990000499975,TwinAudit (ours),Uniform gaze,NATURAL VIDEO WITH SIMULATED SENSING
REDS,nominal,256,448,4,64,area,main,PEM_R9_TwinAudit,PEM_uniform,psnr_db,30,30,0.2257605397860414,0.18994908022059218,0.2630895147103473,25.931715545725137,25.70595500593909,4.999750012499375e-05,True,difference_dB,0.00199990000499975,TwinAudit (ours),Uniform gaze,NATURAL VIDEO WITH SIMULATED SENSING
REDS,nominal,256,448,4,64,area,main,PEM_R9_TwinAudit,PPAT2026_M1,mse,30,30,4.3032317385784395,3.700882415911912,5.0140578373680045,0.002889126061518975,0.0030190424546276706,4.999750012499375e-05,True,percent_reduction,0.00199990000499975,TwinAudit (ours),"PPAT (2026), M=1",NATURAL VIDEO WITH SIMULATED SENSING
REDS,nominal,256,448,4,64,area,main,PEM_R9_TwinAudit,PPAT2026_M1,ssim,30,30,-0.6759629689933044,-0.7997707381600205,-0.5621193030241213,0.7429257157793321,0.7379375313332162,4.999750012499375e-05,False,percent_reduction,0.00199990000499975,TwinAudit (ours),"PPAT (2026), M=1",NATURAL VIDEO WITH SIMULATED SENSING
REDS,nominal,256,448,4,64,area,main,PEM_R9_TwinAudit,PPAT2026_M1,augmented_pqv,30,30,-93.4490725578403,-105.0830644587346,-84.19368660480659,1.1274409703166782e-09,5.828102225610718e-10,4.999750012499375e-05,True,percent_reduction,0.00199990000499975,TwinAudit (ours),"PPAT (2026), M=1",NATURAL VIDEO WITH SIMULATED SENSING
REDS,nominal,256,448,4,64,area,main,PEM_R9_TwinAudit,PPAT2026_M1,augmented_squared_error,30,30,-4.5940564174297815,-96.90337338395838,42.48069440264475,5.501188243499492e-10,5.25956104192433e-10,0.8857057147142643,True,percent_reduction,1.0,TwinAudit (ours),"PPAT (2026), M=1",NATURAL VIDEO WITH SIMULATED SENSING
REDS,nominal,256,448,4,64,area,main,PEM_R9_TwinAudit,PPAT2026_M1,cs_final_width,30,30,-21.212050473803078,-24.931267596906675,-17.739300542272805,0.008135935609728532,0.006712150795177669,4.999750012499375e-05,True,percent_reduction,0.00199990000499975,TwinAudit (ours),"PPAT (2026), M=1",NATURAL VIDEO WITH SIMULATED SENSING
REDS,nominal,256,448,4,64,area,main,PEM_R9_TwinAudit,PPAT2026_M1,online_total_ms_mean,30,30,-51.77978540648043,-52.62623887139776,-50.92673954763479,372.3879011329166,245.3474948166695,4.999750012499375e-05,True,percent_reduction,0.00199990000499975,TwinAudit (ours),"PPAT (2026), M=1",NATURAL VIDEO WITH SIMULATED SENSING
REDS,nominal,256,448,4,64,area,main,PEM_R9_TwinAudit,PPAT2026_M1,psnr_db,30,30,0.20964243213466804,0.17993846891162465,0.23978241936692185,25.931715545725137,25.72207311359047,4.999750012499375e-05,True,difference_dB,0.00199990000499975,TwinAudit (ours),"PPAT (2026), M=1",NATURAL VIDEO WITH SIMULATED SENSING
REDS,nominal,256,448,4,64,area,neural_sensor,PEM_R9_TwinAudit,BasicVSRpp2022_causal_memory,mse,30,30,41.703715147846566,35.80510837966323,47.51708596300673,0.002889729845943171,0.004956970848608762,4.999750012499375e-05,True,percent_reduction,0.0022498875056247186,TwinAudit (ours),BasicVSR++ causal (CVPR 2022) + patch + memory,NATURAL VIDEO WITH SIMULATED SENSING
REDS,nominal,256,448,4,64,area,neural_sensor,PEM_R9_TwinAudit,BasicVSRpp2022_causal_memory,ssim,30,30,-3.350067157438952,-6.347840722181169,-0.7856854101663303,0.7429016114892473,0.7188206373949846,0.01774911254437278,False,percent_reduction,0.228515625,TwinAudit (ours),BasicVSR++ causal (CVPR 2022) + patch + memory,NATURAL VIDEO WITH SIMULATED SENSING
REDS,nominal,256,448,4,64,area,neural_sensor,PEM_R9_TwinAudit,BasicVSRpp2022_causal_memory,augmented_pqv,30,30,98.6342869894108,97.87577637814178,99.31793480071498,1.1361001682819777e-09,8.318732848505502e-08,4.999750012499375e-05,True,percent_reduction,0.0022498875056247186,TwinAudit (ours),BasicVSR++ causal (CVPR 2022) + patch + memory,NATURAL VIDEO WITH SIMULATED SENSING
REDS,nominal,256,448,4,64,area,neural_sensor,PEM_R9_TwinAudit,BasicVSRpp2022_causal_memory,augmented_squared_error,30,30,99.29041570005188,97.8914967101295,99.72517358682721,7.818168273219501e-10,1.1017955546354529e-07,4.999750012499375e-05,True,percent_reduction,0.0022498875056247186,TwinAudit (ours),BasicVSR++ causal (CVPR 2022) + patch + memory,NATURAL VIDEO WITH SIMULATED SENSING
REDS,nominal,256,448,4,64,area,neural_sensor,PEM_R9_TwinAudit,BasicVSRpp2022_causal_memory,write_pqv,30,30,92.06279273349564,89.66435272146013,94.26985071924034,9.570777376720985e-11,1.2058116986701876e-09,4.999750012499375e-05,True,percent_reduction,0.00119994000299985,TwinAudit (ours),BasicVSR++ causal (CVPR 2022) + patch + memory,NATURAL VIDEO WITH SIMULATED SENSING
REDS,nominal,256,448,4,64,area,neural_sensor,PEM_R9_TwinAudit,BasicVSRpp2022_causal_memory,write_squared_error,30,30,95.89372509245717,88.58950422386052,98.35332489044278,3.987674620213419e-11,9.71117304613104e-10,4.999750012499375e-05,True,percent_reduction,0.00119994000299985,TwinAudit (ours),BasicVSR++ causal (CVPR 2022) + patch + memory,NATURAL VIDEO WITH SIMULATED SENSING
REDS,nominal,256,448,4,64,area,neural_sensor,PEM_R9_TwinAudit,BasicVSRpp2022_causal_memory,cs_final_width,30,30,89.0459553886354,88.23120365498805,89.77057514424634,0.008112251473186873,0.07405713378938204,4.999750012499375e-05,True,percent_reduction,0.0022498875056247186,TwinAudit (ours),BasicVSR++ causal (CVPR 2022) + patch + memory,NATURAL VIDEO WITH SIMULATED SENSING
REDS,nominal,256,448,4,64,area,neural_sensor,PEM_R9_TwinAudit,BasicVSRpp2022_causal_memory,write_cs_final_width,30,30,61.97233628337875,59.530725063306434,64.43971496325689,0.007564023576145606,0.019890844813691508,4.999750012499375e-05,True,percent_reduction,0.00119994000299985,TwinAudit (ours),BasicVSR++ causal (CVPR 2022) + patch + memory,NATURAL VIDEO WITH SIMULATED SENSING
REDS,nominal,256,448,4,64,area,neural_sensor,PEM_R9_TwinAudit,BasicVSRpp2022_causal_memory,online_total_ms_mean,30,30,97.75026557318903,97.68555602952874,97.8178289822916,349.48170049954206,15534.353581232921,4.999750012499375e-05,True,percent_reduction,0.0021498925053747312,TwinAudit (ours),BasicVSR++ causal (CVPR 2022) + patch + memory,NATURAL VIDEO WITH SIMULATED SENSING
REDS,nominal,256,448,4,64,area,neural_sensor,PEM_R9_TwinAudit,BasicVSRpp2022_causal_memory,psnr_db,30,30,2.3337755007464986,1.9348499843970304,2.7919988880598527,25.930531987448134,23.59675648670163,4.999750012499375e-05,True,difference_dB,0.0022498875056247186,TwinAudit (ours),BasicVSR++ causal (CVPR 2022) + patch + memory,NATURAL VIDEO WITH SIMULATED SENSING
REDS,nominal,256,448,4,64,area,neural_sensor,PEM_R9_TwinAudit,BasicVSRpp2022_causal_memory_R9,mse,30,30,38.14035751410516,32.04238829533361,44.44266470237483,0.002889729845943171,0.004671429917497638,4.999750012499375e-05,True,percent_reduction,0.0022498875056247186,TwinAudit (ours),BasicVSR++ causal (CVPR 2022) + TwinAudit gaze (ours),NATURAL VIDEO WITH SIMULATED SENSING
REDS,nominal,256,448,4,64,area,neural_sensor,PEM_R9_TwinAudit,BasicVSRpp2022_causal_memory_R9,ssim,30,30,-2.6602656222293186,-5.782191188205776,-0.2014571353264131,0.7429016114892473,0.7236505837837854,0.05524723763811809,False,percent_reduction,0.5078125,TwinAudit (ours),BasicVSR++ causal (CVPR 2022) + TwinAudit gaze (ours),NATURAL VIDEO WITH SIMULATED SENSING
REDS,nominal,256,448,4,64,area,neural_sensor,PEM_R9_TwinAudit,BasicVSRpp2022_causal_memory_R9,augmented_pqv,30,30,99.21922609573767,98.76394526338447,99.60871603163011,1.1361001682819777e-09,1.4550949539679508e-07,4.999750012499375e-05,True,percent_reduction,0.0022498875056247186,TwinAudit (ours),BasicVSR++ causal (CVPR 2022) + TwinAudit gaze (ours),NATURAL VIDEO WITH SIMULATED SENSING
REDS,nominal,256,448,4,64,area,neural_sensor,PEM_R9_TwinAudit,BasicVSRpp2022_causal_memory_R9,augmented_squared_error,30,30,99.05292504615623,97.58799359441383,99.72516523724376,7.818168273219501e-10,8.255068135303205e-08,4.999750012499375e-05,True,percent_reduction,0.0022498875056247186,TwinAudit (ours),BasicVSR++ causal (CVPR 2022) + TwinAudit gaze (ours),NATURAL VIDEO WITH SIMULATED SENSING
REDS,nominal,256,448,4,64,area,neural_sensor,PEM_R9_TwinAudit,BasicVSRpp2022_causal_memory_R9,write_pqv,30,30,96.0272942549919,94.77486511760738,97.19154438917349,9.570777376720985e-11,2.4091332182724935e-09,4.999750012499375e-05,True,percent_reduction,0.00119994000299985,TwinAudit (ours),BasicVSR++ causal (CVPR 2022) + TwinAudit gaze (ours),NATURAL VIDEO WITH SIMULATED SENSING
REDS,nominal,256,448,4,64,area,neural_sensor,PEM_R9_TwinAudit,BasicVSRpp2022_causal_memory_R9,write_squared_error,30,30,97.99458838904714,96.195903499395,99.04058727267937,3.987674620213419e-11,1.988456932449236e-09,4.999750012499375e-05,True,percent_reduction,0.00119994000299985,TwinAudit (ours),BasicVSR++ causal (CVPR 2022) + TwinAudit gaze (ours),NATURAL VIDEO WITH SIMULATED SENSING
REDS,nominal,256,448,4,64,area,neural_sensor,PEM_R9_TwinAudit,BasicVSRpp2022_causal_memory_R9,cs_final_width,30,30,89.11114982290634,88.29463974222939,89.85490068958983,0.008112251473186873,0.07450053349298734,4.999750012499375e-05,True,percent_reduction,0.0022498875056247186,TwinAudit (ours),BasicVSR++ causal (CVPR 2022) + TwinAudit gaze (ours),NATURAL VIDEO WITH SIMULATED SENSING
REDS,nominal,256,448,4,64,area,neural_sensor,PEM_R9_TwinAudit,BasicVSRpp2022_causal_memory_R9,write_cs_final_width,30,30,79.41757456831924,77.41986258152019,81.25460790969132,0.007564023576145606,0.03674991366422227,4.999750012499375e-05,True,percent_reduction,0.00119994000299985,TwinAudit (ours),BasicVSR++ causal (CVPR 2022) + TwinAudit gaze (ours),NATURAL VIDEO WITH SIMULATED SENSING
REDS,nominal,256,448,4,64,area,neural_sensor,PEM_R9_TwinAudit,BasicVSRpp2022_causal_memory_R9,online_total_ms_mean,30,30,97.75048914093719,97.68555293286671,97.81708742625766,349.48170049954206,15535.897463733185,4.999750012499375e-05,True,percent_reduction,0.0021498925053747312,TwinAudit (ours),BasicVSR++ causal (CVPR 2022) + TwinAudit gaze (ours),NATURAL VIDEO WITH SIMULATED SENSING
REDS,nominal,256,448,4,64,area,neural_sensor,PEM_R9_TwinAudit,BasicVSRpp2022_causal_memory_R9,psnr_db,30,30,2.0404837982080553,1.6490358546161008,2.4896867410274526,25.930531987448134,23.890048189240076,4.999750012499375e-05,True,difference_dB,0.0022498875056247186,TwinAudit (ours),BasicVSR++ causal (CVPR 2022) + TwinAudit gaze (ours),NATURAL VIDEO WITH SIMULATED SENSING
REDS,nominal,256,448,4,64,area,neural_sensor,PEM_R9_TwinAudit,BasicVSRpp2022_causal_patch,mse,30,30,44.132669525429115,38.120254665531085,50.356456833939596,0.002889729845943171,0.005172485997444407,4.999750012499375e-05,True,percent_reduction,0.0022498875056247186,TwinAudit (ours),BasicVSR++ causal (CVPR 2022) + patch,NATURAL VIDEO WITH SIMULATED SENSING
REDS,nominal,256,448,4,64,area,neural_sensor,PEM_R9_TwinAudit,BasicVSRpp2022_causal_patch,ssim,30,30,-3.4741873680153024,-6.5510952485041,-0.9373498680791824,0.7429016114892473,0.7179583917359511,0.014149292535373231,False,percent_reduction,0.19809009549522524,TwinAudit (ours),BasicVSR++ causal (CVPR 2022) + patch,NATURAL VIDEO WITH SIMULATED SENSING
REDS,nominal,256,448,4,64,area,neural_sensor,PEM_R9_TwinAudit,BasicVSRpp2022_causal_patch,augmented_pqv,30,30,98.74093003795508,98.01150705199116,99.37734985161431,1.1361001682819777e-09,9.023328349735069e-08,4.999750012499375e-05,True,percent_reduction,0.0022498875056247186,TwinAudit (ours),BasicVSR++ causal (CVPR 2022) + patch,NATURAL VIDEO WITH SIMULATED SENSING
REDS,nominal,256,448,4,64,area,neural_sensor,PEM_R9_TwinAudit,BasicVSRpp2022_causal_patch,augmented_squared_error,30,30,99.15631470966017,97.74503852793349,99.65624799452485,7.818168273219501e-10,9.266687902156458e-08,4.999750012499375e-05,True,percent_reduction,0.0022498875056247186,TwinAudit (ours),BasicVSR++ causal (CVPR 2022) + patch,NATURAL VIDEO WITH SIMULATED SENSING
REDS,nominal,256,448,4,64,area,neural_sensor,PEM_R9_TwinAudit,BasicVSRpp2022_causal_patch,cs_final_width,30,30,89.26519168897636,88.46810171330158,89.9832960660495,0.008112251473186873,0.0755695978740147,4.999750012499375e-05,True,percent_reduction,0.0022498875056247186,TwinAudit (ours),BasicVSR++ causal (CVPR 2022) + patch,NATURAL VIDEO WITH SIMULATED SENSING
REDS,nominal,256,448,4,64,area,neural_sensor,PEM_R9_TwinAudit,BasicVSRpp2022_causal_patch,online_total_ms_mean,30,30,97.73413224354734,97.67053894197271,97.80021973599546,349.48170049954206,15423.746575866991,4.999750012499375e-05,True,percent_reduction,0.0021498925053747312,TwinAudit (ours),BasicVSR++ causal (CVPR 2022) + patch,NATURAL VIDEO WITH SIMULATED SENSING
REDS,nominal,256,448,4,64,area,neural_sensor,PEM_R9_TwinAudit,BasicVSRpp2022_causal_patch,psnr_db,30,30,2.4839765518922317,2.053871878352509,2.9716073732140464,25.930531987448134,23.4465554355559,4.999750012499375e-05,True,difference_dB,0.0022498875056247186,TwinAudit (ours),BasicVSR++ causal (CVPR 2022) + patch,NATURAL VIDEO WITH SIMULATED SENSING
REDS,nominal,256,448,4,64,area,neural_sensor,PEM_R9_TwinAudit,BasicVSRpp2022_offline_patch,mse,30,30,65.85543999664371,61.436915993674965,70.10907299831725,0.002889729845943171,0.008463221800659086,4.999750012499375e-05,True,percent_reduction,0.0022498875056247186,TwinAudit (ours),"BasicVSR++ offline, non-causal (CVPR 2022) + patch",NATURAL VIDEO WITH SIMULATED SENSING
REDS,nominal,256,448,4,64,area,neural_sensor,PEM_R9_TwinAudit,BasicVSRpp2022_offline_patch,ssim,30,30,-11.189898943817367,-15.497563808829653,-7.651306797597249,0.7429016114892473,0.6681376802623272,4.999750012499375e-05,False,percent_reduction,0.0022498875056247186,TwinAudit (ours),"BasicVSR++ offline, non-causal (CVPR 2022) + patch",NATURAL VIDEO WITH SIMULATED SENSING
REDS,nominal,256,448,4,64,area,neural_sensor,PEM_R9_TwinAudit,BasicVSRpp2022_offline_patch,augmented_pqv,30,30,99.61691825676704,99.36766984912421,99.8216405942497,1.1361001682819777e-09,2.965686014410507e-07,4.999750012499375e-05,True,percent_reduction,0.0022498875056247186,TwinAudit (ours),"BasicVSR++ offline, non-causal (CVPR 2022) + patch",NATURAL VIDEO WITH SIMULATED SENSING
REDS,nominal,256,448,4,64,area,neural_sensor,PEM_R9_TwinAudit,BasicVSRpp2022_offline_patch,augmented_squared_error,30,30,99.77816610922463,99.42669317920125,99.92541975184643,7.818168273219501e-10,3.524334467512143e-07,4.999750012499375e-05,True,percent_reduction,0.0022498875056247186,TwinAudit (ours),"BasicVSR++ offline, non-causal (CVPR 2022) + patch",NATURAL VIDEO WITH SIMULATED SENSING
REDS,nominal,256,448,4,64,area,neural_sensor,PEM_R9_TwinAudit,BasicVSRpp2022_offline_patch,cs_final_width,30,30,91.92863155412688,91.32758871892922,92.50437301916307,0.008112251473186873,0.10050651915580257,4.999750012499375e-05,True,percent_reduction,0.0022498875056247186,TwinAudit (ours),"BasicVSR++ offline, non-causal (CVPR 2022) + patch",NATURAL VIDEO WITH SIMULATED SENSING
REDS,nominal,256,448,4,64,area,neural_sensor,PEM_R9_TwinAudit,BasicVSRpp2022_offline_patch,online_total_ms_mean,30,30,86.52030837681164,86.28860668214612,86.77242256991894,349.48170049954206,2592.6535285002224,4.999750012499375e-05,True,percent_reduction,0.0021498925053747312,TwinAudit (ours),"BasicVSR++ offline, non-causal (CVPR 2022) + patch",NATURAL VIDEO WITH SIMULATED SENSING
REDS,nominal,256,448,4,64,area,neural_sensor,PEM_R9_TwinAudit,BasicVSRpp2022_offline_patch,psnr_db,30,30,4.537732881172283,4.024177719602382,5.085313340233766,25.930531987448134,21.392799106275845,4.999750012499375e-05,True,difference_dB,0.0022498875056247186,TwinAudit (ours),"BasicVSR++ offline, non-causal (CVPR 2022) + patch",NATURAL VIDEO WITH SIMULATED SENSING
REDS,nominal,256,448,4,64,area,neural_sensor,PEM_R9_TwinAudit,NanoSR2025_memory,mse,30,30,-0.5461240623312769,-2.872897758758961,1.66257527616733,0.002889729845943171,0.0028740340544124296,0.6504674766261687,True,percent_reduction,1.0,TwinAudit (ours),NanoSR (NTIRE 2025) + patch + memory,NATURAL VIDEO WITH SIMULATED SENSING
REDS,nominal,256,448,4,64,area,neural_sensor,PEM_R9_TwinAudit,NanoSR2025_memory,ssim,30,30,2.9620306353747683,2.4881732031756396,3.4610861905970784,0.7429016114892473,0.7655782745182514,4.999750012499375e-05,False,percent_reduction,0.0022498875056247186,TwinAudit (ours),NanoSR (NTIRE 2025) + patch + memory,NATURAL VIDEO WITH SIMULATED SENSING
REDS,nominal,256,448,4,64,area,neural_sensor,PEM_R9_TwinAudit,NanoSR2025_memory,augmented_pqv,30,30,81.07299287306448,72.38337073845143,89.86024818528898,1.1361001682819777e-09,6.0025346884619875e-09,4.999750012499375e-05,True,percent_reduction,0.0022498875056247186,TwinAudit (ours),NanoSR (NTIRE 2025) + patch + memory,NATURAL VIDEO WITH SIMULATED SENSING
REDS,nominal,256,448,4,64,area,neural_sensor,PEM_R9_TwinAudit,NanoSR2025_memory,augmented_squared_error,30,30,80.67457598807694,35.83023731818344,94.80390771194375,7.818168273219501e-10,4.0455351812182655e-09,0.006199690015499225,True,percent_reduction,0.11779411029448528,TwinAudit (ours),NanoSR (NTIRE 2025) + patch + memory,NATURAL VIDEO WITH SIMULATED SENSING
REDS,nominal,256,448,4,64,area,neural_sensor,PEM_R9_TwinAudit,NanoSR2025_memory,write_pqv,30,30,91.25077590801531,89.18766750086327,93.17248050964866,9.570777376720985e-11,1.0939001305828868e-09,4.999750012499375e-05,True,percent_reduction,0.00119994000299985,TwinAudit (ours),NanoSR (NTIRE 2025) + patch + memory,NATURAL VIDEO WITH SIMULATED SENSING
REDS,nominal,256,448,4,64,area,neural_sensor,PEM_R9_TwinAudit,NanoSR2025_memory,write_squared_error,30,30,96.77162891468197,89.18370616737057,98.73543609622604,3.987674620213419e-11,1.23519710554606e-09,4.999750012499375e-05,True,percent_reduction,0.00119994000299985,TwinAudit (ours),NanoSR (NTIRE 2025) + patch + memory,NATURAL VIDEO WITH SIMULATED SENSING
REDS,nominal,256,448,4,64,area,neural_sensor,PEM_R9_TwinAudit,NanoSR2025_memory,cs_final_width,30,30,71.85924415641718,69.42512253955066,74.10988601846795,0.008112251473186873,0.02882741145361516,4.999750012499375e-05,True,percent_reduction,0.0022498875056247186,TwinAudit (ours),NanoSR (NTIRE 2025) + patch + memory,NATURAL VIDEO WITH SIMULATED SENSING
REDS,nominal,256,448,4,64,area,neural_sensor,PEM_R9_TwinAudit,NanoSR2025_memory,write_cs_final_width,30,30,47.7505999571736,45.186411783960416,50.208226155648006,0.007564023576145606,0.014476766374246839,4.999750012499375e-05,True,percent_reduction,0.00119994000299985,TwinAudit (ours),NanoSR (NTIRE 2025) + patch + memory,NATURAL VIDEO WITH SIMULATED SENSING
REDS,nominal,256,448,4,64,area,neural_sensor,PEM_R9_TwinAudit,NanoSR2025_memory,online_total_ms_mean,30,30,25.089008172805972,24.254413528562477,25.925330403839084,349.48170049954206,466.52926623336197,4.999750012499375e-05,True,percent_reduction,0.0021498925053747312,TwinAudit (ours),NanoSR (NTIRE 2025) + patch + memory,NATURAL VIDEO WITH SIMULATED SENSING
REDS,nominal,256,448,4,64,area,neural_sensor,PEM_R9_TwinAudit,NanoSR2025_memory,psnr_db,30,30,-0.06389485772502515,-0.16026908720278785,0.03068247279806667,25.930531987448134,25.99442684517316,0.20038998050097495,True,difference_dB,1.0,TwinAudit (ours),NanoSR (NTIRE 2025) + patch + memory,NATURAL VIDEO WITH SIMULATED SENSING
REDS,nominal,256,448,4,64,area,neural_sensor,PEM_R9_TwinAudit,NanoSR2025_memory_R9,mse,30,30,-3.110694152057003,-5.503911400575965,-0.8287492024013264,0.002889729845943171,0.0028025510541920084,0.00974951252437378,True,percent_reduction,0.19499025048747562,TwinAudit (ours),NanoSR (NTIRE 2025) + TwinAudit gaze (ours),NATURAL VIDEO WITH SIMULATED SENSING
REDS,nominal,256,448,4,64,area,neural_sensor,PEM_R9_TwinAudit,NanoSR2025_memory_R9,ssim,30,30,3.23973418133372,2.828944011102199,3.655074000233935,0.7429016114892473,0.7677754966914654,4.999750012499375e-05,False,percent_reduction,0.0022498875056247186,TwinAudit (ours),NanoSR (NTIRE 2025) + TwinAudit gaze (ours),NATURAL VIDEO WITH SIMULATED SENSING
REDS,nominal,256,448,4,64,area,neural_sensor,PEM_R9_TwinAudit,NanoSR2025_memory_R9,augmented_pqv,30,30,89.89084141729761,85.86042336887536,94.32485186460917,1.1361001682819777e-09,1.1238325712151147e-08,4.999750012499375e-05,True,percent_reduction,0.0022498875056247186,TwinAudit (ours),NanoSR (NTIRE 2025) + TwinAudit gaze (ours),NATURAL VIDEO WITH SIMULATED SENSING
REDS,nominal,256,448,4,64,area,neural_sensor,PEM_R9_TwinAudit,NanoSR2025_memory_R9,augmented_squared_error,30,30,85.31825802049329,58.62683729278285,96.00213363776145,7.818168273219501e-10,5.325095812290102e-09,0.00014999250037498125,True,percent_reduction,0.004499775011249437,TwinAudit (ours),NanoSR (NTIRE 2025) + TwinAudit gaze (ours),NATURAL VIDEO WITH SIMULATED SENSING
REDS,nominal,256,448,4,64,area,neural_sensor,PEM_R9_TwinAudit,NanoSR2025_memory_R9,write_pqv,30,30,95.29725750982662,93.87650520837917,96.56550535865766,9.570777376720985e-11,2.0351480857647686e-09,4.999750012499375e-05,True,percent_reduction,0.00119994000299985,TwinAudit (ours),NanoSR (NTIRE 2025) + TwinAudit gaze (ours),NATURAL VIDEO WITH SIMULATED SENSING
REDS,nominal,256,448,4,64,area,neural_sensor,PEM_R9_TwinAudit,NanoSR2025_memory_R9,write_squared_error,30,30,96.24209043635219,93.44368012721392,98.08201411688887,3.987674620213419e-11,1.061141720596002e-09,4.999750012499375e-05,True,percent_reduction,0.00119994000299985,TwinAudit (ours),NanoSR (NTIRE 2025) + TwinAudit gaze (ours),NATURAL VIDEO WITH SIMULATED SENSING
REDS,nominal,256,448,4,64,area,neural_sensor,PEM_R9_TwinAudit,NanoSR2025_memory_R9,cs_final_width,30,30,74.93026043474734,73.04566542453901,76.74505439603581,0.008112251473186873,0.03235873851849133,4.999750012499375e-05,True,percent_reduction,0.0022498875056247186,TwinAudit (ours),NanoSR (NTIRE 2025) + TwinAudit gaze (ours),NATURAL VIDEO WITH SIMULATED SENSING
REDS,nominal,256,448,4,64,area,neural_sensor,PEM_R9_TwinAudit,NanoSR2025_memory_R9,write_cs_final_width,30,30,62.34634349346781,60.20493935945469,64.16204665338041,0.007564023576145606,0.020088417109858623,4.999750012499375e-05,True,percent_reduction,0.00119994000299985,TwinAudit (ours),NanoSR (NTIRE 2025) + TwinAudit gaze (ours),NATURAL VIDEO WITH SIMULATED SENSING
REDS,nominal,256,448,4,64,area,neural_sensor,PEM_R9_TwinAudit,NanoSR2025_memory_R9,online_total_ms_mean,30,30,25.23917072055233,24.491684318936148,26.000097868567675,349.48170049954206,467.4663241003097,4.999750012499375e-05,True,percent_reduction,0.0021498925053747312,TwinAudit (ours),NanoSR (NTIRE 2025) + TwinAudit gaze (ours),NATURAL VIDEO WITH SIMULATED SENSING
REDS,nominal,256,448,4,64,area,neural_sensor,PEM_R9_TwinAudit,NanoSR2025_memory_R9,psnr_db,30,30,-0.1900876171343769,-0.28503047798739617,-0.09182754486598564,25.930531987448134,26.1206196045825,0.0008999550022498875,True,difference_dB,0.022498875056247186,TwinAudit (ours),NanoSR (NTIRE 2025) + TwinAudit gaze (ours),NATURAL VIDEO WITH SIMULATED SENSING
REDS,nominal,256,448,4,64,area,neural_sensor,PEM_R9_TwinAudit,NanoSR2025_patch,mse,30,30,0.7156136668348356,-2.307917688583916,3.5759250321089255,0.002889729845943171,0.0029105581981906047,0.6515174241287935,True,percent_reduction,1.0,TwinAudit (ours),NanoSR (NTIRE 2025) + patch,NATURAL VIDEO WITH SIMULATED SENSING
REDS,nominal,256,448,4,64,area,neural_sensor,PEM_R9_TwinAudit,NanoSR2025_patch,ssim,30,30,2.6365797478981823,2.058439222259645,3.181334986453769,0.7429016114892473,0.763019221762816,4.999750012499375e-05,False,percent_reduction,0.0022498875056247186,TwinAudit (ours),NanoSR (NTIRE 2025) + patch,NATURAL VIDEO WITH SIMULATED SENSING
REDS,nominal,256,448,4,64,area,neural_sensor,PEM_R9_TwinAudit,NanoSR2025_patch,augmented_pqv,30,30,77.58892786154625,65.59268887591791,88.4774609084283,1.1361001682819777e-09,5.069370002752413e-09,4.999750012499375e-05,True,percent_reduction,0.0022498875056247186,TwinAudit (ours),NanoSR (NTIRE 2025) + patch,NATURAL VIDEO WITH SIMULATED SENSING
REDS,nominal,256,448,4,64,area,neural_sensor,PEM_R9_TwinAudit,NanoSR2025_patch,augmented_squared_error,30,30,80.5537792497927,29.025970603471585,95.21750310967313,7.818168273219501e-10,4.02040497927401e-09,0.01814909254537273,True,percent_reduction,0.30853457327133643,TwinAudit (ours),NanoSR (NTIRE 2025) + patch,NATURAL VIDEO WITH SIMULATED SENSING
REDS,nominal,256,448,4,64,area,neural_sensor,PEM_R9_TwinAudit,NanoSR2025_patch,cs_final_width,30,30,70.09930785040355,67.07437092361761,72.81922359920384,0.008112251473186873,0.027130647787684592,4.999750012499375e-05,True,percent_reduction,0.0022498875056247186,TwinAudit (ours),NanoSR (NTIRE 2025) + patch,NATURAL VIDEO WITH SIMULATED SENSING
REDS,nominal,256,448,4,64,area,neural_sensor,PEM_R9_TwinAudit,NanoSR2025_patch,online_total_ms_mean,30,30,1.3788737055688838,0.28249095453326406,2.3828329419247183,349.48170049954206,354.36798750013503,0.020848957552122394,True,percent_reduction,0.02734375,TwinAudit (ours),NanoSR (NTIRE 2025) + patch,NATURAL VIDEO WITH SIMULATED SENSING
REDS,nominal,256,448,4,64,area,neural_sensor,PEM_R9_TwinAudit,NanoSR2025_patch,psnr_db,30,30,-0.0325823808072523,-0.1417449795891776,0.07962160143698402,25.930531987448134,25.963114368255386,0.5779211039448028,True,difference_dB,1.0,TwinAudit (ours),NanoSR (NTIRE 2025) + patch,NATURAL VIDEO WITH SIMULATED SENSING
REDS,nominal,256,448,4,64,area,neural_sensor,PEM_R9_TwinAudit,PEM_R6_fixed,mse,30,30,-1.6873651135734136,-2.0314825209817555,-1.3803664477744206,0.002889729845943171,0.0028417786641591765,4.999750012499375e-05,True,percent_reduction,0.0022498875056247186,TwinAudit (ours),"Joint gaze, fixed proxy (prior version)",NATURAL VIDEO WITH SIMULATED SENSING
REDS,nominal,256,448,4,64,area,neural_sensor,PEM_R9_TwinAudit,PEM_R6_fixed,ssim,30,30,0.3234702943877732,0.25245006991846813,0.40646615203472036,0.7429016114892473,0.7453124759493093,4.999750012499375e-05,False,percent_reduction,0.0022498875056247186,TwinAudit (ours),"Joint gaze, fixed proxy (prior version)",NATURAL VIDEO WITH SIMULATED SENSING
REDS,nominal,256,448,4,64,area,neural_sensor,PEM_R9_TwinAudit,PEM_R6_fixed,augmented_pqv,30,30,71.92103167170191,69.57858853402968,75.39022714047837,1.1361001682819777e-09,4.046089425361872e-09,4.999750012499375e-05,True,percent_reduction,0.0022498875056247186,TwinAudit (ours),"Joint gaze, fixed proxy (prior version)",NATURAL VIDEO WITH SIMULATED SENSING
REDS,nominal,256,448,4,64,area,neural_sensor,PEM_R9_TwinAudit,PEM_R6_fixed,augmented_squared_error,30,30,88.96659514965268,79.87525330436088,93.40747940965827,7.818168273219501e-10,7.085907187547274e-09,4.999750012499375e-05,True,percent_reduction,0.0022498875056247186,TwinAudit (ours),"Joint gaze, fixed proxy (prior version)",NATURAL VIDEO WITH SIMULATED SENSING
REDS,nominal,256,448,4,64,area,neural_sensor,PEM_R9_TwinAudit,PEM_R6_fixed,cs_final_width,30,30,76.4083894888931,75.02200519720476,77.84020348028291,0.008112251473186873,0.0343861707506897,4.999750012499375e-05,True,percent_reduction,0.0022498875056247186,TwinAudit (ours),"Joint gaze, fixed proxy (prior version)",NATURAL VIDEO WITH SIMULATED SENSING
REDS,nominal,256,448,4,64,area,neural_sensor,PEM_R9_TwinAudit,PEM_R6_fixed,online_total_ms_mean,30,30,-52.17457606314853,-53.60112116006618,-50.87882609913084,349.48170049954206,229.65840256687565,4.999750012499375e-05,True,percent_reduction,0.0021498925053747312,TwinAudit (ours),"Joint gaze, fixed proxy (prior version)",NATURAL VIDEO WITH SIMULATED SENSING
REDS,nominal,256,448,4,64,area,neural_sensor,PEM_R9_TwinAudit,PEM_R6_fixed,psnr_db,30,30,-0.07411457138965219,-0.08819300043831607,-0.060899339037039056,25.930531987448134,26.004646558837784,4.999750012499375e-05,True,difference_dB,0.0022498875056247186,TwinAudit (ours),"Joint gaze, fixed proxy (prior version)",NATURAL VIDEO WITH SIMULATED SENSING
REDS,nominal,256,448,4,64,area,neural_sensor,PEM_R9_TwinAudit,PEM_uniform,mse,30,30,4.303047551573846,3.5860503971000743,5.1967136075937965,0.002889729845943171,0.0030196675777115576,4.999750012499375e-05,True,percent_reduction,0.0022498875056247186,TwinAudit (ours),Uniform gaze,NATURAL VIDEO WITH SIMULATED SENSING
REDS,nominal,256,448,4,64,area,neural_sensor,PEM_R9_TwinAudit,PEM_uniform,ssim,30,30,-0.5614936703045581,-0.705001484344332,-0.4169353153380523,0.7429016114892473,0.7387535570273887,4.999750012499375e-05,False,percent_reduction,0.0022498875056247186,TwinAudit (ours),Uniform gaze,NATURAL VIDEO WITH SIMULATED SENSING
REDS,nominal,256,448,4,64,area,neural_sensor,PEM_R9_TwinAudit,PEM_uniform,augmented_pqv,30,30,9.82649542980132,-9.275702435471565,18.824527889802244,1.1361001682819777e-09,1.2599046401679346e-09,0.368031598420079,True,percent_reduction,1.0,TwinAudit (ours),Uniform gaze,NATURAL VIDEO WITH SIMULATED SENSING
REDS,nominal,256,448,4,64,area,neural_sensor,PEM_R9_TwinAudit,PEM_uniform,augmented_squared_error,30,30,-26.665828904666622,-169.9898715171666,58.281843222506126,7.818168273219501e-10,6.172278933337058e-10,0.648767561621919,True,percent_reduction,1.0,TwinAudit (ours),Uniform gaze,NATURAL VIDEO WITH SIMULATED SENSING
REDS,nominal,256,448,4,64,area,neural_sensor,PEM_R9_TwinAudit,PEM_uniform,cs_final_width,30,30,40.850700749566236,37.3339017547855,43.65568068165602,0.008112251473186873,0.013714873339141686,4.999750012499375e-05,True,percent_reduction,0.0022498875056247186,TwinAudit (ours),Uniform gaze,NATURAL VIDEO WITH SIMULATED SENSING
REDS,nominal,256,448,4,64,area,neural_sensor,PEM_R9_TwinAudit,PEM_uniform,online_total_ms_mean,30,30,-53.819246967439405,-55.89498237334612,-51.83431818269901,349.48170049954206,227.20284190022116,4.999750012499375e-05,True,percent_reduction,0.0021498925053747312,TwinAudit (ours),Uniform gaze,NATURAL VIDEO WITH SIMULATED SENSING
REDS,nominal,256,448,4,64,area,neural_sensor,PEM_R9_TwinAudit,PEM_uniform,psnr_db,30,30,0.2193929165067304,0.18280787169347948,0.25762722852037157,25.930531987448134,25.711139070941396,4.999750012499375e-05,True,difference_dB,0.0022498875056247186,TwinAudit (ours),Uniform gaze,NATURAL VIDEO WITH SIMULATED SENSING
REDS,nominal,256,448,4,64,area,neural_sensor,PEM_R9_TwinAudit,SCMSR2025_memory,mse,30,30,7.062324906609241,5.496651492200805,8.591915224606648,0.002889729845943171,0.003109320136359505,4.999750012499375e-05,True,percent_reduction,0.0022498875056247186,TwinAudit (ours),SCMSR (NTIRE 2025) + patch + memory,NATURAL VIDEO WITH SIMULATED SENSING
REDS,nominal,256,448,4,64,area,neural_sensor,PEM_R9_TwinAudit,SCMSR2025_memory,ssim,30,30,2.2393031121941243,1.8344570184919033,2.6750853450880494,0.7429016114892473,0.7599184898833435,4.999750012499375e-05,False,percent_reduction,0.0022498875056247186,TwinAudit (ours),SCMSR (NTIRE 2025) + patch + memory,NATURAL VIDEO WITH SIMULATED SENSING
REDS,nominal,256,448,4,64,area,neural_sensor,PEM_R9_TwinAudit,SCMSR2025_memory,augmented_pqv,30,30,86.47037004361952,79.81077277536221,92.73671769618905,1.1361001682819777e-09,8.397126691156852e-09,4.999750012499375e-05,True,percent_reduction,0.0022498875056247186,TwinAudit (ours),SCMSR (NTIRE 2025) + patch + memory,NATURAL VIDEO WITH SIMULATED SENSING
REDS,nominal,256,448,4,64,area,neural_sensor,PEM_R9_TwinAudit,SCMSR2025_memory,augmented_squared_error,30,30,86.14475928074484,69.74286962506287,95.54907116653798,7.818168273219501e-10,5.642751671830782e-09,9.99950002499875e-05,True,percent_reduction,0.0030998450077496125,TwinAudit (ours),SCMSR (NTIRE 2025) + patch + memory,NATURAL VIDEO WITH SIMULATED SENSING
REDS,nominal,256,448,4,64,area,neural_sensor,PEM_R9_TwinAudit,SCMSR2025_memory,write_pqv,30,30,92.51710054995303,90.82518730260006,94.25718684291874,9.570777376720985e-11,1.279019909409701e-09,4.999750012499375e-05,True,percent_reduction,0.00119994000299985,TwinAudit (ours),SCMSR (NTIRE 2025) + patch + memory,NATURAL VIDEO WITH SIMULATED SENSING
REDS,nominal,256,448,4,64,area,neural_sensor,PEM_R9_TwinAudit,SCMSR2025_memory,write_squared_error,30,30,97.20835345181999,91.11901209939447,98.89830946548463,3.987674620213419e-11,1.4284310536422124e-09,4.999750012499375e-05,True,percent_reduction,0.00119994000299985,TwinAudit (ours),SCMSR (NTIRE 2025) + patch + memory,NATURAL VIDEO WITH SIMULATED SENSING
REDS,nominal,256,448,4,64,area,neural_sensor,PEM_R9_TwinAudit,SCMSR2025_memory,cs_final_width,30,30,74.31992231086961,71.85791594488742,76.63305873170242,0.008112251473186873,0.031589668736167996,4.999750012499375e-05,True,percent_reduction,0.0022498875056247186,TwinAudit (ours),SCMSR (NTIRE 2025) + patch + memory,NATURAL VIDEO WITH SIMULATED SENSING
REDS,nominal,256,448,4,64,area,neural_sensor,PEM_R9_TwinAudit,SCMSR2025_memory,write_cs_final_width,30,30,48.823463566002324,46.483521716805804,51.149504080627516,0.007564023576145606,0.014780256936498466,4.999750012499375e-05,True,percent_reduction,0.00119994000299985,TwinAudit (ours),SCMSR (NTIRE 2025) + patch + memory,NATURAL VIDEO WITH SIMULATED SENSING
REDS,nominal,256,448,4,64,area,neural_sensor,PEM_R9_TwinAudit,SCMSR2025_memory,online_total_ms_mean,30,30,54.34739713994814,53.40262180359853,55.360810314067635,349.48170049954206,765.5241511001659,4.999750012499375e-05,True,percent_reduction,0.0021498925053747312,TwinAudit (ours),SCMSR (NTIRE 2025) + patch + memory,NATURAL VIDEO WITH SIMULATED SENSING
REDS,nominal,256,448,4,64,area,neural_sensor,PEM_R9_TwinAudit,SCMSR2025_memory,psnr_db,30,30,0.3064871884869326,0.23662198189087053,0.37597234584303035,25.930531987448134,25.624044798961204,4.999750012499375e-05,True,difference_dB,0.0022498875056247186,TwinAudit (ours),SCMSR (NTIRE 2025) + patch + memory,NATURAL VIDEO WITH SIMULATED SENSING
REDS,nominal,256,448,4,64,area,neural_sensor,PEM_R9_TwinAudit,SCMSR2025_memory_R9,mse,30,30,4.650610698331004,3.1517002958199134,6.079354682631347,0.002889729845943171,0.003030674729127593,4.999750012499375e-05,True,percent_reduction,0.0022498875056247186,TwinAudit (ours),SCMSR (NTIRE 2025) + TwinAudit gaze (ours),NATURAL VIDEO WITH SIMULATED SENSING
REDS,nominal,256,448,4,64,area,neural_sensor,PEM_R9_TwinAudit,SCMSR2025_memory_R9,ssim,30,30,2.5137448789651073,2.163439603930691,2.8857642281405838,0.7429016114892473,0.7620578004221122,4.999750012499375e-05,False,percent_reduction,0.0022498875056247186,TwinAudit (ours),SCMSR (NTIRE 2025) + TwinAudit gaze (ours),NATURAL VIDEO WITH SIMULATED SENSING
REDS,nominal,256,448,4,64,area,neural_sensor,PEM_R9_TwinAudit,SCMSR2025_memory_R9,augmented_pqv,30,30,93.72256656618417,90.65693996876412,96.7320000847051,1.1361001682819777e-09,1.8098163529093492e-08,4.999750012499375e-05,True,percent_reduction,0.0022498875056247186,TwinAudit (ours),SCMSR (NTIRE 2025) + TwinAudit gaze (ours),NATURAL VIDEO WITH SIMULATED SENSING
REDS,nominal,256,448,4,64,area,neural_sensor,PEM_R9_TwinAudit,SCMSR2025_memory_R9,augmented_squared_error,30,30,96.4142739007231,92.43223359395148,98.3762506703744,7.818168273219501e-10,2.1803584704353497e-08,4.999750012499375e-05,True,percent_reduction,0.0022498875056247186,TwinAudit (ours),SCMSR (NTIRE 2025) + TwinAudit gaze (ours),NATURAL VIDEO WITH SIMULATED SENSING
REDS,nominal,256,448,4,64,area,neural_sensor,PEM_R9_TwinAudit,SCMSR2025_memory_R9,write_pqv,30,30,96.29224224937788,95.264829605909,97.2947009298519,9.570777376720985e-11,2.5812844366963096e-09,4.999750012499375e-05,True,percent_reduction,0.00119994000299985,TwinAudit (ours),SCMSR (NTIRE 2025) + TwinAudit gaze (ours),NATURAL VIDEO WITH SIMULATED SENSING
REDS,nominal,256,448,4,64,area,neural_sensor,PEM_R9_TwinAudit,SCMSR2025_memory_R9,write_squared_error,30,30,97.55639130782599,93.99000534668679,98.818055068782,3.987674620213419e-11,1.631879372906344e-09,4.999750012499375e-05,True,percent_reduction,0.00119994000299985,TwinAudit (ours),SCMSR (NTIRE 2025) + TwinAudit gaze (ours),NATURAL VIDEO WITH SIMULATED SENSING
REDS,nominal,256,448,4,64,area,neural_sensor,PEM_R9_TwinAudit,SCMSR2025_memory_R9,cs_final_width,30,30,76.62600036569057,74.67888595886737,78.56675420494616,0.008112251473186873,0.03470630444127901,4.999750012499375e-05,True,percent_reduction,0.0022498875056247186,TwinAudit (ours),SCMSR (NTIRE 2025) + TwinAudit gaze (ours),NATURAL VIDEO WITH SIMULATED SENSING
REDS,nominal,256,448,4,64,area,neural_sensor,PEM_R9_TwinAudit,SCMSR2025_memory_R9,write_cs_final_width,30,30,64.07481362638087,62.015517004671636,65.95385379623315,0.007564023576145606,0.02105493203982396,4.999750012499375e-05,True,percent_reduction,0.00119994000299985,TwinAudit (ours),SCMSR (NTIRE 2025) + TwinAudit gaze (ours),NATURAL VIDEO WITH SIMULATED SENSING
REDS,nominal,256,448,4,64,area,neural_sensor,PEM_R9_TwinAudit,SCMSR2025_memory_R9,online_total_ms_mean,30,30,54.2604753563797,53.29061134180824,55.30561662411591,349.48170049954206,764.0693759336815,4.999750012499375e-05,True,percent_reduction,0.0021498925053747312,TwinAudit (ours),SCMSR (NTIRE 2025) + TwinAudit gaze (ours),NATURAL VIDEO WITH SIMULATED SENSING
REDS,nominal,256,448,4,64,area,neural_sensor,PEM_R9_TwinAudit,SCMSR2025_memory_R9,psnr_db,30,30,0.17601425308590812,0.11247786394110723,0.24023177946917096,25.930531987448134,25.754517734362217,9.99950002499875e-05,True,difference_dB,0.0028998550072496373,TwinAudit (ours),SCMSR (NTIRE 2025) + TwinAudit gaze (ours),NATURAL VIDEO WITH SIMULATED SENSING
REDS,nominal,256,448,4,64,area,neural_sensor,PEM_R9_TwinAudit,SCMSR2025_patch,mse,30,30,8.17328983170783,6.057409018033475,10.177273285302384,0.002889729845943171,0.0031469382281550983,4.999750012499375e-05,True,percent_reduction,0.0022498875056247186,TwinAudit (ours),SCMSR (NTIRE 2025) + patch,NATURAL VIDEO WITH SIMULATED SENSING
REDS,nominal,256,448,4,64,area,neural_sensor,PEM_R9_TwinAudit,SCMSR2025_patch,ssim,30,30,1.904837143778615,1.3909043702059818,2.42159666912735,0.7429016114892473,0.7573274663686753,4.999750012499375e-05,False,percent_reduction,0.0022498875056247186,TwinAudit (ours),SCMSR (NTIRE 2025) + patch,NATURAL VIDEO WITH SIMULATED SENSING
REDS,nominal,256,448,4,64,area,neural_sensor,PEM_R9_TwinAudit,SCMSR2025_patch,augmented_pqv,30,30,85.1177802425797,76.92644351445746,92.50244720262484,1.1361001682819777e-09,7.633942965500938e-09,4.999750012499375e-05,True,percent_reduction,0.0022498875056247186,TwinAudit (ours),SCMSR (NTIRE 2025) + patch,NATURAL VIDEO WITH SIMULATED SENSING
REDS,nominal,256,448,4,64,area,neural_sensor,PEM_R9_TwinAudit,SCMSR2025_patch,augmented_squared_error,30,30,87.91310794797414,72.91924880008888,96.22989807113461,7.818168273219501e-10,6.468303216052223e-09,4.999750012499375e-05,True,percent_reduction,0.0022498875056247186,TwinAudit (ours),SCMSR (NTIRE 2025) + patch,NATURAL VIDEO WITH SIMULATED SENSING
REDS,nominal,256,448,4,64,area,neural_sensor,PEM_R9_TwinAudit,SCMSR2025_patch,cs_final_width,30,30,73.19585703169206,70.40728265209447,75.73258183738814,0.008112251473186873,0.03026491644511241,4.999750012499375e-05,True,percent_reduction,0.0022498875056247186,TwinAudit (ours),SCMSR (NTIRE 2025) + patch,NATURAL VIDEO WITH SIMULATED SENSING
REDS,nominal,256,448,4,64,area,neural_sensor,PEM_R9_TwinAudit,SCMSR2025_patch,online_total_ms_mean,30,30,46.82843680451293,45.86498578240417,47.862714249698776,349.48170049954206,657.2718188003249,4.999750012499375e-05,True,percent_reduction,0.0021498925053747312,TwinAudit (ours),SCMSR (NTIRE 2025) + patch,NATURAL VIDEO WITH SIMULATED SENSING
REDS,nominal,256,448,4,64,area,neural_sensor,PEM_R9_TwinAudit,SCMSR2025_patch,psnr_db,30,30,0.3380031204467026,0.2527799989798229,0.42279905944006757,25.930531987448134,25.59252886700143,4.999750012499375e-05,True,difference_dB,0.0022498875056247186,TwinAudit (ours),SCMSR (NTIRE 2025) + patch,NATURAL VIDEO WITH SIMULATED SENSING
REDS,nominal,256,448,4,64,area,neural_sensor,PEM_R9_TwinAudit,SPANF2025_memory,mse,30,30,-1.8523090435197842,-4.240078584534826,0.3765668974840666,0.002889729845943171,0.0028371765677972388,0.11294435278236088,True,percent_reduction,1.0,TwinAudit (ours),SPAN-F (NTIRE 2025) + patch + memory,NATURAL VIDEO WITH SIMULATED SENSING
REDS,nominal,256,448,4,64,area,neural_sensor,PEM_R9_TwinAudit,SPANF2025_memory,ssim,30,30,2.9265571401420942,2.4811390638504514,3.4005431312413403,0.7429016114892473,0.7652985096673172,4.999750012499375e-05,False,percent_reduction,0.0022498875056247186,TwinAudit (ours),SPAN-F (NTIRE 2025) + patch + memory,NATURAL VIDEO WITH SIMULATED SENSING
REDS,nominal,256,448,4,64,area,neural_sensor,PEM_R9_TwinAudit,SPANF2025_memory,augmented_pqv,30,30,79.84239260227378,71.06656214401602,88.68394220874634,1.1361001682819777e-09,5.636086395898999e-09,4.999750012499375e-05,True,percent_reduction,0.0022498875056247186,TwinAudit (ours),SPAN-F (NTIRE 2025) + patch + memory,NATURAL VIDEO WITH SIMULATED SENSING
REDS,nominal,256,448,4,64,area,neural_sensor,PEM_R9_TwinAudit,SPANF2025_memory,augmented_squared_error,30,30,75.42959928808808,23.389214967448716,93.7085848274632,7.818168273219501e-10,3.1819457748726076e-09,0.016749162541872906,True,percent_reduction,0.30148492575371233,TwinAudit (ours),SPAN-F (NTIRE 2025) + patch + memory,NATURAL VIDEO WITH SIMULATED SENSING
REDS,nominal,256,448,4,64,area,neural_sensor,PEM_R9_TwinAudit,SPANF2025_memory,write_pqv,30,30,90.92743212916974,88.85095064090454,92.95241881726663,9.570777376720985e-11,1.0549138361910252e-09,4.999750012499375e-05,True,percent_reduction,0.00119994000299985,TwinAudit (ours),SPAN-F (NTIRE 2025) + patch + memory,NATURAL VIDEO WITH SIMULATED SENSING
REDS,nominal,256,448,4,64,area,neural_sensor,PEM_R9_TwinAudit,SPANF2025_memory,write_squared_error,30,30,96.72653822222567,90.73803821547997,98.64860467120394,3.987674620213419e-11,1.2181827346475637e-09,4.999750012499375e-05,True,percent_reduction,0.00119994000299985,TwinAudit (ours),SPAN-F (NTIRE 2025) + patch + memory,NATURAL VIDEO WITH SIMULATED SENSING
REDS,nominal,256,448,4,64,area,neural_sensor,PEM_R9_TwinAudit,SPANF2025_memory,cs_final_width,30,30,69.84199653200929,67.2500599015329,72.21678119824942,0.008112251473186873,0.02689916619247392,4.999750012499375e-05,True,percent_reduction,0.0022498875056247186,TwinAudit (ours),SPAN-F (NTIRE 2025) + patch + memory,NATURAL VIDEO WITH SIMULATED SENSING
REDS,nominal,256,448,4,64,area,neural_sensor,PEM_R9_TwinAudit,SPANF2025_memory,write_cs_final_width,30,30,47.54075439255987,45.02887154043966,50.019719235610154,0.007564023576145606,0.014418856940391883,4.999750012499375e-05,True,percent_reduction,0.00119994000299985,TwinAudit (ours),SPAN-F (NTIRE 2025) + patch + memory,NATURAL VIDEO WITH SIMULATED SENSING
REDS,nominal,256,448,4,64,area,neural_sensor,PEM_R9_TwinAudit,SPANF2025_memory,online_total_ms_mean,30,30,6.505168280257334,4.680255470901551,8.463628942998284,349.48170049954206,373.7978817344022,4.999750012499375e-05,True,percent_reduction,0.0021498925053747312,TwinAudit (ours),SPAN-F (NTIRE 2025) + patch + memory,NATURAL VIDEO WITH SIMULATED SENSING
REDS,nominal,256,448,4,64,area,neural_sensor,PEM_R9_TwinAudit,SPANF2025_memory,psnr_db,30,30,-0.13319888701718247,-0.2347790396777678,-0.038365009214086525,25.930531987448134,26.063730874465314,0.014299285035748212,True,difference_dB,0.21448927553622318,TwinAudit (ours),SPAN-F (NTIRE 2025) + patch + memory,NATURAL VIDEO WITH SIMULATED SENSING
REDS,nominal,256,448,4,64,area,neural_sensor,PEM_R9_TwinAudit,SPANF2025_memory_R9,mse,30,30,-4.422198943883893,-6.8043646752633595,-2.2489425794684004,0.002889729845943171,0.0027673520335423133,4.999750012499375e-05,True,percent_reduction,0.0022498875056247186,TwinAudit (ours),SPAN-F (NTIRE 2025) + TwinAudit gaze (ours),NATURAL VIDEO WITH SIMULATED SENSING
REDS,nominal,256,448,4,64,area,neural_sensor,PEM_R9_TwinAudit,SPANF2025_memory_R9,ssim,30,30,3.2248733714313804,2.864193680745795,3.6008947797731694,0.7429016114892473,0.7676575969159601,4.999750012499375e-05,False,percent_reduction,0.0022498875056247186,TwinAudit (ours),SPAN-F (NTIRE 2025) + TwinAudit gaze (ours),NATURAL VIDEO WITH SIMULATED SENSING
REDS,nominal,256,448,4,64,area,neural_sensor,PEM_R9_TwinAudit,SPANF2025_memory_R9,augmented_pqv,30,30,88.16264924165965,83.35719006535246,93.3362846636482,1.1361001682819777e-09,9.597588104597687e-09,4.999750012499375e-05,True,percent_reduction,0.0022498875056247186,TwinAudit (ours),SPAN-F (NTIRE 2025) + TwinAudit gaze (ours),NATURAL VIDEO WITH SIMULATED SENSING
REDS,nominal,256,448,4,64,area,neural_sensor,PEM_R9_TwinAudit,SPANF2025_memory_R9,augmented_squared_error,30,30,92.45425351375133,77.7783117996571,97.19762321657306,7.818168273219501e-10,1.036102695401613e-08,0.0002999850007499625,True,percent_reduction,0.008099595020248988,TwinAudit (ours),SPAN-F (NTIRE 2025) + TwinAudit gaze (ours),NATURAL VIDEO WITH SIMULATED SENSING
REDS,nominal,256,448,4,64,area,neural_sensor,PEM_R9_TwinAudit,SPANF2025_memory_R9,write_pqv,30,30,95.2829639830914,93.85694607168224,96.55559818958787,9.570777376720985e-11,2.028981195482454e-09,4.999750012499375e-05,True,percent_reduction,0.00119994000299985,TwinAudit (ours),SPAN-F (NTIRE 2025) + TwinAudit gaze (ours),NATURAL VIDEO WITH SIMULATED SENSING
REDS,nominal,256,448,4,64,area,neural_sensor,PEM_R9_TwinAudit,SPANF2025_memory_R9,write_squared_error,30,30,95.51212450480735,90.40937461727546,97.84224112133981,3.987674620213419e-11,8.885439501351937e-10,9.99950002499875e-05,True,percent_reduction,0.0012999350032498374,TwinAudit (ours),SPAN-F (NTIRE 2025) + TwinAudit gaze (ours),NATURAL VIDEO WITH SIMULATED SENSING
REDS,nominal,256,448,4,64,area,neural_sensor,PEM_R9_TwinAudit,SPANF2025_memory_R9,cs_final_width,30,30,72.92924330539348,70.92203984005344,74.93412121553891,0.008112251473186873,0.02996684416584162,4.999750012499375e-05,True,percent_reduction,0.0022498875056247186,TwinAudit (ours),SPAN-F (NTIRE 2025) + TwinAudit gaze (ours),NATURAL VIDEO WITH SIMULATED SENSING
REDS,nominal,256,448,4,64,area,neural_sensor,PEM_R9_TwinAudit,SPANF2025_memory_R9,write_cs_final_width,30,30,60.708422085359395,58.61423871525965,62.52597596391708,0.007564023576145606,0.019251004865669042,4.999750012499375e-05,True,percent_reduction,0.00119994000299985,TwinAudit (ours),SPAN-F (NTIRE 2025) + TwinAudit gaze (ours),NATURAL VIDEO WITH SIMULATED SENSING
REDS,nominal,256,448,4,64,area,neural_sensor,PEM_R9_TwinAudit,SPANF2025_memory_R9,online_total_ms_mean,30,30,6.654962492917804,4.181169406413007,9.106282450576737,349.48170049954206,374.3977289344669,9.99950002499875e-05,True,percent_reduction,0.0021498925053747312,TwinAudit (ours),SPAN-F (NTIRE 2025) + TwinAudit gaze (ours),NATURAL VIDEO WITH SIMULATED SENSING
REDS,nominal,256,448,4,64,area,neural_sensor,PEM_R9_TwinAudit,SPANF2025_memory_R9,psnr_db,30,30,-0.2589682528866147,-0.3619460549481558,-0.16267982399124142,25.930531987448134,26.18950024033475,9.99950002499875e-05,True,difference_dB,0.0028998550072496373,TwinAudit (ours),SPAN-F (NTIRE 2025) + TwinAudit gaze (ours),NATURAL VIDEO WITH SIMULATED SENSING
REDS,nominal,256,448,4,64,area,neural_sensor,PEM_R9_TwinAudit,SPANF2025_patch,mse,30,30,-0.5779444301807324,-3.556826904160161,2.1832057477828606,0.002889729845943171,0.0028731247812975196,0.7008649567521624,True,percent_reduction,1.0,TwinAudit (ours),SPAN-F (NTIRE 2025) + patch,NATURAL VIDEO WITH SIMULATED SENSING
REDS,nominal,256,448,4,64,area,neural_sensor,PEM_R9_TwinAudit,SPANF2025_patch,ssim,30,30,2.5456056340274036,1.979955982920773,3.097401968634142,0.7429016114892473,0.7623069398999216,4.999750012499375e-05,False,percent_reduction,0.0022498875056247186,TwinAudit (ours),SPAN-F (NTIRE 2025) + patch,NATURAL VIDEO WITH SIMULATED SENSING
REDS,nominal,256,448,4,64,area,neural_sensor,PEM_R9_TwinAudit,SPANF2025_patch,augmented_pqv,30,30,74.60209084252,61.53399795789055,86.50374602194421,1.1361001682819777e-09,4.473203527257211e-09,4.999750012499375e-05,True,percent_reduction,0.0022498875056247186,TwinAudit (ours),SPAN-F (NTIRE 2025) + patch,NATURAL VIDEO WITH SIMULATED SENSING
REDS,nominal,256,448,4,64,area,neural_sensor,PEM_R9_TwinAudit,SPANF2025_patch,augmented_squared_error,30,30,77.26328135647782,16.174914647643746,94.36789210798999,7.818168273219501e-10,3.4385649027886187e-09,0.05034748262586871,True,percent_reduction,0.6041697915104245,TwinAudit (ours),SPAN-F (NTIRE 2025) + patch,NATURAL VIDEO WITH SIMULATED SENSING
REDS,nominal,256,448,4,64,area,neural_sensor,PEM_R9_TwinAudit,SPANF2025_patch,cs_final_width,30,30,67.00787129758254,63.661129686861315,70.07443523928143,0.008112251473186873,0.024588445160231374,4.999750012499375e-05,True,percent_reduction,0.0022498875056247186,TwinAudit (ours),SPAN-F (NTIRE 2025) + patch,NATURAL VIDEO WITH SIMULATED SENSING
REDS,nominal,256,448,4,64,area,neural_sensor,PEM_R9_TwinAudit,SPANF2025_patch,online_total_ms_mean,30,30,-34.40310623154175,-36.47395852716077,-32.30939786889748,349.48170049954206,260.02501750032144,4.999750012499375e-05,True,percent_reduction,0.0021498925053747312,TwinAudit (ours),SPAN-F (NTIRE 2025) + patch,NATURAL VIDEO WITH SIMULATED SENSING
REDS,nominal,256,448,4,64,area,neural_sensor,PEM_R9_TwinAudit,SPANF2025_patch,psnr_db,30,30,-0.10107906216081435,-0.21453625674121052,0.015962333084370593,25.930531987448134,26.031611049608944,0.10029498525073746,True,difference_dB,1.0,TwinAudit (ours),SPAN-F (NTIRE 2025) + patch,NATURAL VIDEO WITH SIMULATED SENSING
REDS,nominal,256,448,4,64,area,timing,PEM_R9_TwinAudit,BasicVSRpp2022_causal_memory,mse,10,10,44.09361371880003,35.05027157885348,51.129952778043695,0.002852605145820521,0.005102467420219909,0.001953125,True,percent_reduction,0.01171875,TwinAudit (ours),BasicVSR++ causal (CVPR 2022) + patch + memory,NATURAL VIDEO WITH SIMULATED SENSING
REDS,nominal,256,448,4,64,area,timing,PEM_R9_TwinAudit,BasicVSRpp2022_causal_memory,ssim,10,10,-3.7840318655853133,-7.4250526571497,-0.49527269125992235,0.7421209828590163,0.7150627794265747,0.078125,False,percent_reduction,0.234375,TwinAudit (ours),BasicVSR++ causal (CVPR 2022) + patch + memory,NATURAL VIDEO WITH SIMULATED SENSING
REDS,nominal,256,448,4,64,area,timing,PEM_R9_TwinAudit,BasicVSRpp2022_causal_memory,augmented_pqv,10,10,98.64618563864165,97.85360547106572,99.62819206201176,1.2979002277472752e-09,9.586988177943613e-08,0.001953125,True,percent_reduction,0.01171875,TwinAudit (ours),BasicVSR++ causal (CVPR 2022) + patch + memory,NATURAL VIDEO WITH SIMULATED SENSING
REDS,nominal,256,448,4,64,area,timing,PEM_R9_TwinAudit,BasicVSRpp2022_causal_memory,augmented_squared_error,10,10,99.48211379320777,97.37577861623407,99.69914261303008,8.728128081724672e-10,1.6853370426268827e-07,0.00390625,True,percent_reduction,0.01953125,TwinAudit (ours),BasicVSR++ causal (CVPR 2022) + patch + memory,NATURAL VIDEO WITH SIMULATED SENSING
REDS,nominal,256,448,4,64,area,timing,PEM_R9_TwinAudit,BasicVSRpp2022_causal_memory,write_pqv,10,10,94.57395035523044,89.65606688535419,97.11911884741964,6.961506600841356e-11,1.2829787887311161e-09,0.001953125,True,percent_reduction,0.00390625,TwinAudit (ours),BasicVSR++ causal (CVPR 2022) + patch + memory,NATURAL VIDEO WITH SIMULATED SENSING
REDS,nominal,256,448,4,64,area,timing,PEM_R9_TwinAudit,BasicVSRpp2022_causal_memory,write_squared_error,10,10,96.74079879281366,87.7373022714553,99.14477112649753,3.321764601504964e-11,1.0191959288001847e-09,0.01171875,True,percent_reduction,0.01171875,TwinAudit (ours),BasicVSR++ causal (CVPR 2022) + patch + memory,NATURAL VIDEO WITH SIMULATED SENSING
REDS,nominal,256,448,4,64,area,timing,PEM_R9_TwinAudit,BasicVSRpp2022_causal_memory,cs_final_width,10,10,89.14083118578668,88.04420446914895,90.35005955233044,0.007964804279247041,0.07334635288864916,0.001953125,True,percent_reduction,0.01171875,TwinAudit (ours),BasicVSR++ causal (CVPR 2022) + patch + memory,NATURAL VIDEO WITH SIMULATED SENSING
REDS,nominal,256,448,4,64,area,timing,PEM_R9_TwinAudit,BasicVSRpp2022_causal_memory,write_cs_final_width,10,10,63.193100450196305,59.09583703778232,66.05034139351216,0.007473651164409472,0.02030502774159725,0.001953125,True,percent_reduction,0.00390625,TwinAudit (ours),BasicVSR++ causal (CVPR 2022) + patch + memory,NATURAL VIDEO WITH SIMULATED SENSING
REDS,nominal,256,448,4,64,area,timing,PEM_R9_TwinAudit,BasicVSRpp2022_causal_memory,online_total_ms_mean,10,10,96.80686173969679,96.70193740990466,96.9311167968692,254.7680455999216,7978.609907600097,0.001953125,True,percent_reduction,0.01171875,TwinAudit (ours),BasicVSR++ causal (CVPR 2022) + patch + memory,NATURAL VIDEO WITH SIMULATED SENSING
REDS,nominal,256,448,4,64,area,timing,PEM_R9_TwinAudit,BasicVSRpp2022_causal_memory,psnr_db,10,10,2.4520750528365407,1.8399895028721263,3.0447227303198448,26.204300666465777,23.752225613629236,0.001953125,True,difference_dB,0.01171875,TwinAudit (ours),BasicVSR++ causal (CVPR 2022) + patch + memory,NATURAL VIDEO WITH SIMULATED SENSING
REDS,nominal,256,448,4,64,area,timing,PEM_R9_TwinAudit,BasicVSRpp2022_causal_memory_R9,mse,10,10,40.91088663051122,31.29661046510647,48.175197308708476,0.002852605145820521,0.004827632338943658,0.001953125,True,percent_reduction,0.01171875,TwinAudit (ours),BasicVSR++ causal (CVPR 2022) + TwinAudit gaze (ours),NATURAL VIDEO WITH SIMULATED SENSING
REDS,nominal,256,448,4,64,area,timing,PEM_R9_TwinAudit,BasicVSRpp2022_causal_memory_R9,ssim,10,10,-3.14128130600424,-6.797153806539203,-0.12771398205467982,0.7421209828590163,0.7195188710689544,0.140625,False,percent_reduction,0.234375,TwinAudit (ours),BasicVSR++ causal (CVPR 2022) + TwinAudit gaze (ours),NATURAL VIDEO WITH SIMULATED SENSING
REDS,nominal,256,448,4,64,area,timing,PEM_R9_TwinAudit,BasicVSRpp2022_causal_memory_R9,augmented_pqv,10,10,99.24969801873551,98.80030865174808,99.7672383565397,1.2979002277472752e-09,1.7298371324568744e-07,0.001953125,True,percent_reduction,0.01171875,TwinAudit (ours),BasicVSR++ causal (CVPR 2022) + TwinAudit gaze (ours),NATURAL VIDEO WITH SIMULATED SENSING
REDS,nominal,256,448,4,64,area,timing,PEM_R9_TwinAudit,BasicVSRpp2022_causal_memory_R9,augmented_squared_error,10,10,98.54490651519055,94.48851224583417,99.71107387898758,8.728128081724672e-10,5.998328061284406e-08,0.015625,True,percent_reduction,0.046875,TwinAudit (ours),BasicVSR++ causal (CVPR 2022) + TwinAudit gaze (ours),NATURAL VIDEO WITH SIMULATED SENSING
REDS,nominal,256,448,4,64,area,timing,PEM_R9_TwinAudit,BasicVSRpp2022_causal_memory_R9,write_pqv,10,10,96.76326608543381,94.79461262380846,98.12462593171122,6.961506600841356e-11,2.150781245722014e-09,0.001953125,True,percent_reduction,0.00390625,TwinAudit (ours),BasicVSR++ causal (CVPR 2022) + TwinAudit gaze (ours),NATURAL VIDEO WITH SIMULATED SENSING
REDS,nominal,256,448,4,64,area,timing,PEM_R9_TwinAudit,BasicVSRpp2022_causal_memory_R9,write_squared_error,10,10,98.71773361139806,94.89971580687516,99.57614112358814,3.321764601504964e-11,2.590541740025419e-09,0.00390625,True,percent_reduction,0.0078125,TwinAudit (ours),BasicVSR++ causal (CVPR 2022) + TwinAudit gaze (ours),NATURAL VIDEO WITH SIMULATED SENSING
REDS,nominal,256,448,4,64,area,timing,PEM_R9_TwinAudit,BasicVSRpp2022_causal_memory_R9,cs_final_width,10,10,89.47918061144998,88.16318880306387,90.62210705757943,0.007964804279247041,0.07570517072002264,0.001953125,True,percent_reduction,0.01171875,TwinAudit (ours),BasicVSR++ causal (CVPR 2022) + TwinAudit gaze (ours),NATURAL VIDEO WITH SIMULATED SENSING
REDS,nominal,256,448,4,64,area,timing,PEM_R9_TwinAudit,BasicVSRpp2022_causal_memory_R9,write_cs_final_width,10,10,79.8579446252941,76.58263912652566,82.1592241357606,0.007473651164409472,0.037104709650410225,0.001953125,True,percent_reduction,0.00390625,TwinAudit (ours),BasicVSR++ causal (CVPR 2022) + TwinAudit gaze (ours),NATURAL VIDEO WITH SIMULATED SENSING
REDS,nominal,256,448,4,64,area,timing,PEM_R9_TwinAudit,BasicVSRpp2022_causal_memory_R9,online_total_ms_mean,10,10,96.80635696271789,96.69898346178505,96.93301123594148,254.7680455999216,7977.348834099423,0.001953125,True,percent_reduction,0.01171875,TwinAudit (ours),BasicVSR++ causal (CVPR 2022) + TwinAudit gaze (ours),NATURAL VIDEO WITH SIMULATED SENSING
REDS,nominal,256,448,4,64,area,timing,PEM_R9_TwinAudit,BasicVSRpp2022_causal_memory_R9,psnr_db,10,10,2.15837110408265,1.5655759077085782,2.749251978947554,26.204300666465777,24.045929562383126,0.001953125,True,difference_dB,0.01171875,TwinAudit (ours),BasicVSR++ causal (CVPR 2022) + TwinAudit gaze (ours),NATURAL VIDEO WITH SIMULATED SENSING
REDS,nominal,256,448,4,64,area,timing,PEM_R9_TwinAudit,BasicVSRpp2022_causal_patch,mse,10,10,46.43480496329136,36.45642660279169,53.64321724984209,0.002852605145820521,0.005325482608372113,0.001953125,True,percent_reduction,0.01171875,TwinAudit (ours),BasicVSR++ causal (CVPR 2022) + patch,NATURAL VIDEO WITH SIMULATED SENSING
REDS,nominal,256,448,4,64,area,timing,PEM_R9_TwinAudit,BasicVSRpp2022_causal_patch,ssim,10,10,-3.8662008328563813,-7.779859171712091,-0.5251285678331775,0.7421209828590163,0.7144970903992652,0.08203125,False,percent_reduction,0.234375,TwinAudit (ours),BasicVSR++ causal (CVPR 2022) + patch,NATURAL VIDEO WITH SIMULATED SENSING
REDS,nominal,256,448,4,64,area,timing,PEM_R9_TwinAudit,BasicVSRpp2022_causal_patch,augmented_pqv,10,10,98.72481551114548,97.99477995243767,99.6517770664905,1.2979002277472752e-09,1.017813688208491e-07,0.001953125,True,percent_reduction,0.01171875,TwinAudit (ours),BasicVSR++ causal (CVPR 2022) + patch,NATURAL VIDEO WITH SIMULATED SENSING
REDS,nominal,256,448,4,64,area,timing,PEM_R9_TwinAudit,BasicVSRpp2022_causal_patch,augmented_squared_error,10,10,99.37026976865188,97.73620379093713,99.68323124985447,8.728128081724672e-10,1.3860106514244183e-07,0.001953125,True,percent_reduction,0.01171875,TwinAudit (ours),BasicVSR++ causal (CVPR 2022) + patch,NATURAL VIDEO WITH SIMULATED SENSING
REDS,nominal,256,448,4,64,area,timing,PEM_R9_TwinAudit,BasicVSRpp2022_causal_patch,cs_final_width,10,10,89.33131156693163,88.22469339986819,90.45950859153544,0.007964804279247041,0.07465588979578375,0.001953125,True,percent_reduction,0.01171875,TwinAudit (ours),BasicVSR++ causal (CVPR 2022) + patch,NATURAL VIDEO WITH SIMULATED SENSING
REDS,nominal,256,448,4,64,area,timing,PEM_R9_TwinAudit,BasicVSRpp2022_causal_patch,online_total_ms_mean,10,10,96.77054559124643,96.6610589906187,96.89760863187443,254.7680455999216,7888.888132601045,0.001953125,True,percent_reduction,0.01171875,TwinAudit (ours),BasicVSR++ causal (CVPR 2022) + patch,NATURAL VIDEO WITH SIMULATED SENSING
REDS,nominal,256,448,4,64,area,timing,PEM_R9_TwinAudit,BasicVSRpp2022_causal_patch,psnr_db,10,10,2.5953989641862028,1.9252513538957239,3.240722325442217,26.204300666465777,23.608901702279574,0.001953125,True,difference_dB,0.01171875,TwinAudit (ours),BasicVSR++ causal (CVPR 2022) + patch,NATURAL VIDEO WITH SIMULATED SENSING
REDS,nominal,256,448,4,64,area,timing,PEM_R9_TwinAudit,BasicVSRpp2022_offline_patch,mse,10,10,66.84633829618024,56.209816740353965,73.92562546369363,0.002852605145820521,0.00860419332049787,0.001953125,True,percent_reduction,0.01171875,TwinAudit (ours),"BasicVSR++ offline, non-causal (CVPR 2022) + patch",NATURAL VIDEO WITH SIMULATED SENSING
REDS,nominal,256,448,4,64,area,timing,PEM_R9_TwinAudit,BasicVSRpp2022_offline_patch,ssim,10,10,-11.642506077358018,-19.791914494916277,-5.236621947264604,0.7421209828590163,0.6647297780513763,0.00390625,False,percent_reduction,0.015625,TwinAudit (ours),"BasicVSR++ offline, non-causal (CVPR 2022) + patch",NATURAL VIDEO WITH SIMULATED SENSING
REDS,nominal,256,448,4,64,area,timing,PEM_R9_TwinAudit,BasicVSRpp2022_offline_patch,augmented_pqv,10,10,99.5544570920934,99.03095148266644,99.90179623770628,1.2979002277472752e-09,2.9130757211365473e-07,0.001953125,True,percent_reduction,0.01171875,TwinAudit (ours),"BasicVSR++ offline, non-causal (CVPR 2022) + patch",NATURAL VIDEO WITH SIMULATED SENSING
REDS,nominal,256,448,4,64,area,timing,PEM_R9_TwinAudit,BasicVSRpp2022_offline_patch,augmented_squared_error,10,10,99.78681904647378,97.28507345884775,99.91880098108273,8.728128081724672e-10,4.0942344695213034e-07,0.0078125,True,percent_reduction,0.03125,TwinAudit (ours),"BasicVSR++ offline, non-causal (CVPR 2022) + patch",NATURAL VIDEO WITH SIMULATED SENSING
REDS,nominal,256,448,4,64,area,timing,PEM_R9_TwinAudit,BasicVSRpp2022_offline_patch,cs_final_width,10,10,91.77816496287488,90.69519288979212,92.83462399792552,0.007964804279247041,0.09687380302915985,0.001953125,True,percent_reduction,0.01171875,TwinAudit (ours),"BasicVSR++ offline, non-causal (CVPR 2022) + patch",NATURAL VIDEO WITH SIMULATED SENSING
REDS,nominal,256,448,4,64,area,timing,PEM_R9_TwinAudit,BasicVSRpp2022_offline_patch,online_total_ms_mean,10,10,82.20660897044037,81.66055995035833,82.87958171416591,254.7680455999216,1431.8127734993468,0.001953125,True,percent_reduction,0.01171875,TwinAudit (ours),"BasicVSR++ offline, non-causal (CVPR 2022) + patch",NATURAL VIDEO WITH SIMULATED SENSING
REDS,nominal,256,448,4,64,area,timing,PEM_R9_TwinAudit,BasicVSRpp2022_offline_patch,psnr_db,10,10,4.5354832555809566,3.536290584460699,5.558164949210195,26.204300666465777,21.66881741088482,0.001953125,True,difference_dB,0.01171875,TwinAudit (ours),"BasicVSR++ offline, non-causal (CVPR 2022) + patch",NATURAL VIDEO WITH SIMULATED SENSING
REDS,nominal,256,448,4,64,area,timing,PEM_R9_TwinAudit,PEM_R6_fixed,mse,10,10,-1.4498128805159993,-1.944199115796072,-0.9758064527561169,0.002852605145820521,0.0028118387455087946,0.001953125,True,percent_reduction,0.01171875,TwinAudit (ours),"Joint gaze, fixed proxy (prior version)",NATURAL VIDEO WITH SIMULATED SENSING
REDS,nominal,256,448,4,64,area,timing,PEM_R9_TwinAudit,PEM_R6_fixed,ssim,10,10,0.2715399111419714,0.1738282241258668,0.37507379208151637,0.7421209828590163,0.7441416243645863,0.001953125,False,percent_reduction,0.01171875,TwinAudit (ours),"Joint gaze, fixed proxy (prior version)",NATURAL VIDEO WITH SIMULATED SENSING
REDS,nominal,256,448,4,64,area,timing,PEM_R9_TwinAudit,PEM_R6_fixed,augmented_pqv,10,10,72.82287154010807,71.49024721648188,78.82777139887412,1.2979002277472752e-09,4.775707741392616e-09,0.001953125,True,percent_reduction,0.01171875,TwinAudit (ours),"Joint gaze, fixed proxy (prior version)",NATURAL VIDEO WITH SIMULATED SENSING
REDS,nominal,256,448,4,64,area,timing,PEM_R9_TwinAudit,PEM_R6_fixed,augmented_squared_error,10,10,89.83325572316338,35.941288606897366,93.72560341980854,8.728128081724672e-10,8.584978478912253e-09,0.078125,True,percent_reduction,0.0859375,TwinAudit (ours),"Joint gaze, fixed proxy (prior version)",NATURAL VIDEO WITH SIMULATED SENSING
REDS,nominal,256,448,4,64,area,timing,PEM_R9_TwinAudit,PEM_R6_fixed,cs_final_width,10,10,75.743142709914,73.44986474412218,77.69819289460715,0.007964804279247041,0.03283526874069679,0.001953125,True,percent_reduction,0.01171875,TwinAudit (ours),"Joint gaze, fixed proxy (prior version)",NATURAL VIDEO WITH SIMULATED SENSING
REDS,nominal,256,448,4,64,area,timing,PEM_R9_TwinAudit,PEM_R6_fixed,online_total_ms_mean,10,10,-52.60262570075525,-55.675300144117585,-49.299816741436366,254.7680455999216,166.94866450037807,0.001953125,True,percent_reduction,0.01171875,TwinAudit (ours),"Joint gaze, fixed proxy (prior version)",NATURAL VIDEO WITH SIMULATED SENSING
REDS,nominal,256,448,4,64,area,timing,PEM_R9_TwinAudit,PEM_R6_fixed,psnr_db,10,10,-0.0627332689809709,-0.08522652360440391,-0.04107577163340941,26.204300666465777,26.26703393544675,0.001953125,True,difference_dB,0.01171875,TwinAudit (ours),"Joint gaze, fixed proxy (prior version)",NATURAL VIDEO WITH SIMULATED SENSING
REDS,nominal,256,448,4,64,area,timing,PEM_R9_TwinAudit,PEM_greedy,mse,10,10,-1.9405952725253472,-2.806079768301274,-1.1061755886760694,0.002852605145820521,0.0027983014403579263,0.001953125,True,percent_reduction,0.01171875,TwinAudit (ours),Greedy gaze,NATURAL VIDEO WITH SIMULATED SENSING
REDS,nominal,256,448,4,64,area,timing,PEM_R9_TwinAudit,PEM_greedy,ssim,10,10,0.3940745867632933,0.22969496219791413,0.6123348279739882,0.7421209828590163,0.7450570634027714,0.001953125,False,percent_reduction,0.01171875,TwinAudit (ours),Greedy gaze,NATURAL VIDEO WITH SIMULATED SENSING
REDS,nominal,256,448,4,64,area,timing,PEM_R9_TwinAudit,PEM_greedy,augmented_pqv,10,10,97.34835194201456,96.96653118086422,97.75502258385289,1.2979002277472752e-09,4.894692656661762e-08,0.001953125,True,percent_reduction,0.01171875,TwinAudit (ours),Greedy gaze,NATURAL VIDEO WITH SIMULATED SENSING
REDS,nominal,256,448,4,64,area,timing,PEM_R9_TwinAudit,PEM_greedy,augmented_squared_error,10,10,96.6786886065389,79.63650933670947,97.2935631719177,8.728128081724672e-10,2.6279162197523377e-08,0.04296875,True,percent_reduction,0.0859375,TwinAudit (ours),Greedy gaze,NATURAL VIDEO WITH SIMULATED SENSING
REDS,nominal,256,448,4,64,area,timing,PEM_R9_TwinAudit,PEM_greedy,cs_final_width,10,10,98.06053119678691,97.8465444903493,98.20631697476499,0.007964804279247041,0.4106693681306903,0.001953125,True,percent_reduction,0.01171875,TwinAudit (ours),Greedy gaze,NATURAL VIDEO WITH SIMULATED SENSING
REDS,nominal,256,448,4,64,area,timing,PEM_R9_TwinAudit,PEM_greedy,online_total_ms_mean,10,10,-55.18965752201408,-57.48632674052867,-52.961883962994996,254.7680455999216,164.16560849989764,0.001953125,True,percent_reduction,0.01171875,TwinAudit (ours),Greedy gaze,NATURAL VIDEO WITH SIMULATED SENSING
REDS,nominal,256,448,4,64,area,timing,PEM_R9_TwinAudit,PEM_greedy,psnr_db,10,10,-0.08849420197183164,-0.12196401691317672,-0.05797588058300315,26.204300666465777,26.292794868437614,0.001953125,True,difference_dB,0.01171875,TwinAudit (ours),Greedy gaze,NATURAL VIDEO WITH SIMULATED SENSING
REDS,nominal,256,448,4,64,bicubic,bicubic,PEM_R9_TwinAudit,PEM_R6_fixed,mse,15,15,-1.9349795382233026,-2.4460105387102966,-1.4283189692470666,0.0029658572133838814,0.0029095578640615243,9.99950002499875e-05,True,percent_reduction,0.0008999550022498875,TwinAudit (ours),"Joint gaze, fixed proxy (prior version)",NATURAL VIDEO WITH SIMULATED SENSING
REDS,nominal,256,448,4,64,bicubic,bicubic,PEM_R9_TwinAudit,PEM_R6_fixed,ssim,15,15,0.3823753995906398,0.2679479700083909,0.5117033111305762,0.7339245696224809,0.7367416885982091,0.00014999250037498125,False,percent_reduction,0.0014999250037498126,TwinAudit (ours),"Joint gaze, fixed proxy (prior version)",NATURAL VIDEO WITH SIMULATED SENSING
REDS,nominal,256,448,4,64,bicubic,bicubic,PEM_R9_TwinAudit,PEM_R6_fixed,augmented_pqv,15,15,74.73455492105724,70.72416258881412,77.49672260956828,1.3255852596215634e-09,5.246633318667952e-09,0.00014999250037498125,True,percent_reduction,0.00119994000299985,TwinAudit (ours),"Joint gaze, fixed proxy (prior version)",NATURAL VIDEO WITH SIMULATED SENSING
REDS,nominal,256,448,4,64,bicubic,bicubic,PEM_R9_TwinAudit,PEM_R6_fixed,augmented_squared_error,15,15,87.73897890439525,-71.6503409567815,98.24121840420811,1.2807350569439378e-09,1.0445582361839732e-08,0.4120793960301985,True,percent_reduction,1.0,TwinAudit (ours),"Joint gaze, fixed proxy (prior version)",NATURAL VIDEO WITH SIMULATED SENSING
REDS,nominal,256,448,4,64,bicubic,bicubic,PEM_R9_TwinAudit,PEM_R6_fixed,cs_final_width,15,15,76.12869580348148,74.635349682701,77.56169167004545,0.008702316839316859,0.036455137799241116,9.99950002499875e-05,True,percent_reduction,0.000999950002499875,TwinAudit (ours),"Joint gaze, fixed proxy (prior version)",NATURAL VIDEO WITH SIMULATED SENSING
REDS,nominal,256,448,4,64,bicubic,bicubic,PEM_R9_TwinAudit,PEM_R6_fixed,online_total_ms_mean,15,15,-50.178187785383386,-52.15315851724187,-48.38452671456107,514.7693098658929,342.7723542659466,9.99950002499875e-05,True,percent_reduction,0.0007999600019999,TwinAudit (ours),"Joint gaze, fixed proxy (prior version)",NATURAL VIDEO WITH SIMULATED SENSING
REDS,nominal,256,448,4,64,bicubic,bicubic,PEM_R9_TwinAudit,PEM_R6_fixed,psnr_db,15,15,-0.0867240926405754,-0.1094180742683911,-0.06506655185306853,25.921102799246153,26.00782689188673,4.999750012499375e-05,True,difference_dB,0.000599970001499925,TwinAudit (ours),"Joint gaze, fixed proxy (prior version)",NATURAL VIDEO WITH SIMULATED SENSING
REDS,nominal,256,448,4,64,bicubic,bicubic,PEM_R9_TwinAudit,PEM_R8_certified,mse,15,15,-0.3578857163679672,-0.7765206046828138,-0.004792547545436346,0.0029658572133838814,0.0029552806859303557,0.0887955602219889,True,percent_reduction,0.2663866806659667,TwinAudit (ours),Ours w/o write-audit constraint,NATURAL VIDEO WITH SIMULATED SENSING
REDS,nominal,256,448,4,64,bicubic,bicubic,PEM_R9_TwinAudit,PEM_R8_certified,ssim,15,15,0.05904826665860119,-0.014267179169676902,0.14385035375388724,0.7339245696224809,0.7343581954079347,0.1799910004499775,False,percent_reduction,0.599770011499425,TwinAudit (ours),Ours w/o write-audit constraint,NATURAL VIDEO WITH SIMULATED SENSING
REDS,nominal,256,448,4,64,bicubic,bicubic,PEM_R9_TwinAudit,PEM_R8_certified,augmented_pqv,15,15,18.93722392259849,1.8023125476744766,25.451485648416103,1.3255852596215634e-09,1.6352576654367835e-09,0.059147042647867604,True,percent_reduction,0.29573521323933805,TwinAudit (ours),Ours w/o write-audit constraint,NATURAL VIDEO WITH SIMULATED SENSING
REDS,nominal,256,448,4,64,bicubic,bicubic,PEM_R9_TwinAudit,PEM_R8_certified,augmented_squared_error,15,15,78.52370054472263,9.453734942903692,94.45256361642521,1.2807350569439378e-09,5.963481090450258e-09,0.10789460526973652,True,percent_reduction,0.7552622368881556,TwinAudit (ours),Ours w/o write-audit constraint,NATURAL VIDEO WITH SIMULATED SENSING
REDS,nominal,256,448,4,64,bicubic,bicubic,PEM_R9_TwinAudit,PEM_R8_certified,write_pqv,15,15,9.219814209984968,-0.46292993031683444,16.50972778271618,8.687403486804642e-11,9.569713270800746e-11,0.11669416529173542,True,percent_reduction,0.11669416529173542,TwinAudit (ours),Ours w/o write-audit constraint,NATURAL VIDEO WITH SIMULATED SENSING
REDS,nominal,256,448,4,64,bicubic,bicubic,PEM_R9_TwinAudit,PEM_R8_certified,write_squared_error,15,15,34.045029707708466,-13.404080409733055,55.56657643888419,4.865228648433702e-11,7.376591372678283e-11,0.20853957302134893,True,percent_reduction,0.6256187190640468,TwinAudit (ours),Ours w/o write-audit constraint,NATURAL VIDEO WITH SIMULATED SENSING
REDS,nominal,256,448,4,64,bicubic,bicubic,PEM_R9_TwinAudit,PEM_R8_certified,cs_final_width,15,15,8.393906512561822,5.204212419068888,11.530740588992632,0.008702316839316859,0.009499713946987813,9.99950002499875e-05,True,percent_reduction,0.000999950002499875,TwinAudit (ours),Ours w/o write-audit constraint,NATURAL VIDEO WITH SIMULATED SENSING
REDS,nominal,256,448,4,64,bicubic,bicubic,PEM_R9_TwinAudit,PEM_R8_certified,write_cs_final_width,15,15,5.573319360501072,2.8756658391781986,8.377355500120125,0.007961667181257065,0.008431586419576713,0.00039998000099995,True,percent_reduction,0.00119994000299985,TwinAudit (ours),Ours w/o write-audit constraint,NATURAL VIDEO WITH SIMULATED SENSING
REDS,nominal,256,448,4,64,bicubic,bicubic,PEM_R9_TwinAudit,PEM_R8_certified,online_total_ms_mean,15,15,0.9350830431846702,-0.22274333435486462,2.0398869548521747,514.7693098658929,519.6282656657277,0.14664266786660668,True,percent_reduction,0.43992800359982004,TwinAudit (ours),Ours w/o write-audit constraint,NATURAL VIDEO WITH SIMULATED SENSING
REDS,nominal,256,448,4,64,bicubic,bicubic,PEM_R9_TwinAudit,PEM_R8_certified,psnr_db,15,15,-0.017174394327802624,-0.030561825077861354,-0.004245093604727764,25.921102799246153,25.93827719357396,0.028298585070746462,True,difference_dB,0.08489575521223938,TwinAudit (ours),Ours w/o write-audit constraint,NATURAL VIDEO WITH SIMULATED SENSING
REDS,nominal,256,448,4,64,bicubic,bicubic,PEM_R9_TwinAudit,PEM_greedy,mse,15,15,-2.8240572456819546,-3.6065085271470867,-2.026545522564314,0.0029658572133838814,0.002884400103272944,9.99950002499875e-05,True,percent_reduction,0.0008999550022498875,TwinAudit (ours),Greedy gaze,NATURAL VIDEO WITH SIMULATED SENSING
REDS,nominal,256,448,4,64,bicubic,bicubic,PEM_R9_TwinAudit,PEM_greedy,ssim,15,15,0.6018159766884135,0.40333397826906925,0.8402530649097856,0.7339245696224809,0.7383681873406818,9.99950002499875e-05,False,percent_reduction,0.00119994000299985,TwinAudit (ours),Greedy gaze,NATURAL VIDEO WITH SIMULATED SENSING
REDS,nominal,256,448,4,64,bicubic,bicubic,PEM_R9_TwinAudit,PEM_greedy,augmented_pqv,15,15,97.74158812131478,97.21187126822154,98.07698292739627,1.3255852596215634e-09,5.869546082946014e-08,4.999750012499375e-05,True,percent_reduction,0.000599970001499925,TwinAudit (ours),Greedy gaze,NATURAL VIDEO WITH SIMULATED SENSING
REDS,nominal,256,448,4,64,bicubic,bicubic,PEM_R9_TwinAudit,PEM_greedy,augmented_squared_error,15,15,98.60993089328583,95.66549396385882,99.72745717409951,1.2807350569439378e-09,9.213463206669835e-08,0.008899555022248887,True,percent_reduction,0.08009599520023998,TwinAudit (ours),Greedy gaze,NATURAL VIDEO WITH SIMULATED SENSING
REDS,nominal,256,448,4,64,bicubic,bicubic,PEM_R9_TwinAudit,PEM_greedy,cs_final_width,15,15,98.09118250949635,97.97624704454262,98.17577904827195,0.008702316839316859,0.4559009377591548,9.99950002499875e-05,True,percent_reduction,0.000999950002499875,TwinAudit (ours),Greedy gaze,NATURAL VIDEO WITH SIMULATED SENSING
REDS,nominal,256,448,4,64,bicubic,bicubic,PEM_R9_TwinAudit,PEM_greedy,online_total_ms_mean,15,15,-52.921139687867935,-55.438507694795966,-50.53113595377163,514.7693098658929,336.62403439877863,0.00014999250037498125,True,percent_reduction,0.0008999550022498875,TwinAudit (ours),Greedy gaze,NATURAL VIDEO WITH SIMULATED SENSING
REDS,nominal,256,448,4,64,bicubic,bicubic,PEM_R9_TwinAudit,PEM_greedy,psnr_db,15,15,-0.12427350150925112,-0.15448299514676866,-0.0942221568189274,25.921102799246153,26.045376300755404,9.99950002499875e-05,True,difference_dB,0.0007999600019999,TwinAudit (ours),Greedy gaze,NATURAL VIDEO WITH SIMULATED SENSING
REDS,nominal,256,448,4,64,bicubic,bicubic,PEM_R9_TwinAudit,PEM_uniform,mse,15,15,4.93710337543336,3.869118874243205,6.376085068554686,0.0029658572133838814,0.003119889377132055,4.999750012499375e-05,True,percent_reduction,0.000599970001499925,TwinAudit (ours),Uniform gaze,NATURAL VIDEO WITH SIMULATED SENSING
REDS,nominal,256,448,4,64,bicubic,bicubic,PEM_R9_TwinAudit,PEM_uniform,ssim,15,15,-0.6497693120569137,-0.9258119195891562,-0.40476505244276045,0.7339245696224809,0.7291865392627019,0.0006999650017499125,False,percent_reduction,0.0055997200139993,TwinAudit (ours),Uniform gaze,NATURAL VIDEO WITH SIMULATED SENSING
REDS,nominal,256,448,4,64,bicubic,bicubic,PEM_R9_TwinAudit,PEM_uniform,augmented_pqv,15,15,13.886834550638106,-15.17942100478305,28.452428492336935,1.3255852596215634e-09,1.5393526096785542e-09,0.887455627218639,True,percent_reduction,1.0,TwinAudit (ours),Uniform gaze,NATURAL VIDEO WITH SIMULATED SENSING
REDS,nominal,256,448,4,64,bicubic,bicubic,PEM_R9_TwinAudit,PEM_uniform,augmented_squared_error,15,15,12.014493155415607,-462.3592050278965,87.26652659435668,1.2807350569439378e-09,1.4556204798663024e-09,0.8755062246887656,True,percent_reduction,1.0,TwinAudit (ours),Uniform gaze,NATURAL VIDEO WITH SIMULATED SENSING
REDS,nominal,256,448,4,64,bicubic,bicubic,PEM_R9_TwinAudit,PEM_uniform,cs_final_width,15,15,42.13624753232035,37.37401993949068,45.471595139706615,0.008702316839316859,0.015039323355632045,0.00014999250037498125,True,percent_reduction,0.000999950002499875,TwinAudit (ours),Uniform gaze,NATURAL VIDEO WITH SIMULATED SENSING
REDS,nominal,256,448,4,64,bicubic,bicubic,PEM_R9_TwinAudit,PEM_uniform,online_total_ms_mean,15,15,-53.5106300109923,-55.604322696162626,-51.60038430993192,514.7693098658929,335.3313772662077,4.999750012499375e-05,True,percent_reduction,0.000599970001499925,TwinAudit (ours),Uniform gaze,NATURAL VIDEO WITH SIMULATED SENSING
REDS,nominal,256,448,4,64,bicubic,bicubic,PEM_R9_TwinAudit,PEM_uniform,psnr_db,15,15,0.2502063265043409,0.19433288774280838,0.3072451656252038,25.921102799246153,25.670896472741813,4.999750012499375e-05,True,difference_dB,0.000599970001499925,TwinAudit (ours),Uniform gaze,NATURAL VIDEO WITH SIMULATED SENSING
REDS,nominal,256,448,8,64,area,scale8,PEM_R9_TwinAudit,PEM_R6_fixed,mse,15,15,-0.6786408238523833,-1.3376471716324374,-0.09164494745648191,0.0065300291946990465,0.006486012466262832,0.030598470076496177,True,percent_reduction,0.231988400579971,TwinAudit (ours),"Joint gaze, fixed proxy (prior version)",NATURAL VIDEO WITH SIMULATED SENSING
REDS,nominal,256,448,8,64,area,scale8,PEM_R9_TwinAudit,PEM_R6_fixed,ssim,15,15,0.5446929579020043,0.30519031372755107,0.8011203423863589,0.5685753353563702,0.5716892866417882,0.0010999450027498626,False,percent_reduction,0.010499475026248687,TwinAudit (ours),"Joint gaze, fixed proxy (prior version)",NATURAL VIDEO WITH SIMULATED SENSING
REDS,nominal,256,448,8,64,area,scale8,PEM_R9_TwinAudit,PEM_R6_fixed,augmented_pqv,15,15,64.20800598798007,60.16258953164653,77.43002135054017,2.462475399103435e-08,6.87996147483839e-08,4.999750012499375e-05,True,percent_reduction,0.000599970001499925,TwinAudit (ours),"Joint gaze, fixed proxy (prior version)",NATURAL VIDEO WITH SIMULATED SENSING
REDS,nominal,256,448,8,64,area,scale8,PEM_R9_TwinAudit,PEM_R6_fixed,augmented_squared_error,15,15,57.27924291006132,40.459765258091444,85.18445722050755,3.257755616690411e-08,7.625697292377004e-08,0.0018499075046247689,True,percent_reduction,0.01664916754162292,TwinAudit (ours),"Joint gaze, fixed proxy (prior version)",NATURAL VIDEO WITH SIMULATED SENSING
REDS,nominal,256,448,8,64,area,scale8,PEM_R9_TwinAudit,PEM_R6_fixed,cs_final_width,15,15,76.91292976026749,73.5998344568221,80.33001505843532,0.014654954045787311,0.06347688941737767,0.00014999250037498125,True,percent_reduction,0.0007499625018749063,TwinAudit (ours),"Joint gaze, fixed proxy (prior version)",NATURAL VIDEO WITH SIMULATED SENSING
REDS,nominal,256,448,8,64,area,scale8,PEM_R9_TwinAudit,PEM_R6_fixed,online_total_ms_mean,15,15,-51.63747737851479,-53.392697828883286,-49.970279447939625,488.0780667325792,321.8716607334791,0.00014999250037498125,True,percent_reduction,0.0010999450027498626,TwinAudit (ours),"Joint gaze, fixed proxy (prior version)",NATURAL VIDEO WITH SIMULATED SENSING
REDS,nominal,256,448,8,64,area,scale8,PEM_R9_TwinAudit,PEM_R6_fixed,psnr_db,15,15,-0.04213153080628137,-0.061602467843397866,-0.021774976441518955,22.444867923948113,22.48699945475439,0.0026498675066246686,True,difference_dB,0.01854907254637268,TwinAudit (ours),"Joint gaze, fixed proxy (prior version)",NATURAL VIDEO WITH SIMULATED SENSING
REDS,nominal,256,448,8,64,area,scale8,PEM_R9_TwinAudit,PEM_R8_certified,mse,15,15,-0.07784070747673955,-0.24249166304544767,0.054295268759033954,0.0065300291946990465,0.0065249501273574075,0.4050297485125744,True,percent_reduction,0.8100594970251488,TwinAudit (ours),Ours w/o write-audit constraint,NATURAL VIDEO WITH SIMULATED SENSING
REDS,nominal,256,448,8,64,area,scale8,PEM_R9_TwinAudit,PEM_R8_certified,ssim,15,15,0.054119545197484076,-0.040517519925004075,0.17665695506187906,0.5685753353563702,0.5688832123636062,0.4147792610369482,False,percent_reduction,1.0,TwinAudit (ours),Ours w/o write-audit constraint,NATURAL VIDEO WITH SIMULATED SENSING
REDS,nominal,256,448,8,64,area,scale8,PEM_R9_TwinAudit,PEM_R8_certified,augmented_pqv,15,15,19.10518329459292,14.83308553520371,28.116479594349034,2.462475399103435e-08,3.044045959175578e-08,0.029348532573371333,True,percent_reduction,0.12149392530373482,TwinAudit (ours),Ours w/o write-audit constraint,NATURAL VIDEO WITH SIMULATED SENSING
REDS,nominal,256,448,8,64,area,scale8,PEM_R9_TwinAudit,PEM_R8_certified,augmented_squared_error,15,15,-7.308706310364244,-352.55475305367906,77.05140409236111,3.257755616690411e-08,3.035872604099939e-08,0.9074046297685116,True,percent_reduction,1.0,TwinAudit (ours),Ours w/o write-audit constraint,NATURAL VIDEO WITH SIMULATED SENSING
REDS,nominal,256,448,8,64,area,scale8,PEM_R9_TwinAudit,PEM_R8_certified,write_pqv,15,15,5.592622476428366,-9.9201913672455,15.6151766824796,1.7374659745354055e-09,1.8403921601376917e-09,0.4607769611519424,True,percent_reduction,1.0,TwinAudit (ours),Ours w/o write-audit constraint,NATURAL VIDEO WITH SIMULATED SENSING
REDS,nominal,256,448,8,64,area,scale8,PEM_R9_TwinAudit,PEM_R8_certified,write_squared_error,15,15,-16.054964264356954,-293.8708696206641,77.662208914523,3.3990085225225347e-09,2.928792011671357e-09,0.800009999500025,True,percent_reduction,0.800009999500025,TwinAudit (ours),Ours w/o write-audit constraint,NATURAL VIDEO WITH SIMULATED SENSING
REDS,nominal,256,448,8,64,area,scale8,PEM_R9_TwinAudit,PEM_R8_certified,cs_final_width,15,15,14.324478312955534,9.569327348286436,17.31501992391764,0.014654954045787311,0.01710518215379992,0.0002999850007499625,True,percent_reduction,0.0007499625018749063,TwinAudit (ours),Ours w/o write-audit constraint,NATURAL VIDEO WITH SIMULATED SENSING
REDS,nominal,256,448,8,64,area,scale8,PEM_R9_TwinAudit,PEM_R8_certified,write_cs_final_width,15,15,11.72542905432602,6.321363470085738,14.886525841718676,0.013805020618609757,0.015638728651658534,4.999750012499375e-05,True,percent_reduction,0.00014999250037498125,TwinAudit (ours),Ours w/o write-audit constraint,NATURAL VIDEO WITH SIMULATED SENSING
REDS,nominal,256,448,8,64,area,scale8,PEM_R9_TwinAudit,PEM_R8_certified,online_total_ms_mean,15,15,0.2325300151144627,-0.7948750674314847,1.2347695904561318,488.0780667325792,489.21563993406016,0.6634668266586671,True,percent_reduction,0.7021648917554122,TwinAudit (ours),Ours w/o write-audit constraint,NATURAL VIDEO WITH SIMULATED SENSING
REDS,nominal,256,448,8,64,area,scale8,PEM_R9_TwinAudit,PEM_R8_certified,psnr_db,15,15,-0.004824943213519362,-0.009994636031274748,0.00028979495739829797,22.444867923948113,22.449692867161634,0.08929553522323884,True,difference_dB,0.19979001049947503,TwinAudit (ours),Ours w/o write-audit constraint,NATURAL VIDEO WITH SIMULATED SENSING
REDS,nominal,256,448,8,64,area,scale8,PEM_R9_TwinAudit,PEM_greedy,mse,15,15,-0.5186078165813512,-1.4307128542148446,0.3699598334138978,0.0065300291946990465,0.006496338674541278,0.2610369481525924,True,percent_reduction,0.7831108444577771,TwinAudit (ours),Greedy gaze,NATURAL VIDEO WITH SIMULATED SENSING
REDS,nominal,256,448,8,64,area,scale8,PEM_R9_TwinAudit,PEM_greedy,ssim,15,15,0.6224775805905747,0.3476072527352625,0.942669630082547,0.5685753353563702,0.5721367584077762,0.0010499475026248687,False,percent_reduction,0.010499475026248687,TwinAudit (ours),Greedy gaze,NATURAL VIDEO WITH SIMULATED SENSING
REDS,nominal,256,448,8,64,area,scale8,PEM_R9_TwinAudit,PEM_greedy,augmented_pqv,15,15,97.14299814325136,96.8058100522013,98.02753839860397,2.462475399103435e-08,8.619089250105751e-07,0.00014999250037498125,True,percent_reduction,0.0013499325033748313,TwinAudit (ours),Greedy gaze,NATURAL VIDEO WITH SIMULATED SENSING
REDS,nominal,256,448,8,64,area,scale8,PEM_R9_TwinAudit,PEM_greedy,augmented_squared_error,15,15,93.73802565044443,84.7326549400439,99.38563064759695,3.257755616690411e-08,5.202441649927272e-07,0.0002999850007499625,True,percent_reduction,0.0032998350082495873,TwinAudit (ours),Greedy gaze,NATURAL VIDEO WITH SIMULATED SENSING
REDS,nominal,256,448,8,64,area,scale8,PEM_R9_TwinAudit,PEM_greedy,cs_final_width,15,15,97.99453063263248,97.71645862467076,98.29314607982757,0.014654954045787311,0.7307493340087334,0.00014999250037498125,True,percent_reduction,0.0007499625018749063,TwinAudit (ours),Greedy gaze,NATURAL VIDEO WITH SIMULATED SENSING
REDS,nominal,256,448,8,64,area,scale8,PEM_R9_TwinAudit,PEM_greedy,online_total_ms_mean,15,15,-54.408210539187785,-56.69365771939464,-52.09795454446161,488.0780667325792,316.095928466646,0.00014999250037498125,True,percent_reduction,0.0010999450027498626,TwinAudit (ours),Greedy gaze,NATURAL VIDEO WITH SIMULATED SENSING
REDS,nominal,256,448,8,64,area,scale8,PEM_R9_TwinAudit,PEM_greedy,psnr_db,15,15,-0.04071755438337685,-0.06521739014505162,-0.011845684512138126,22.444867923948113,22.48558547833149,0.01609919504024799,True,difference_dB,0.06439678016099196,TwinAudit (ours),Greedy gaze,NATURAL VIDEO WITH SIMULATED SENSING
REDS,nominal,256,448,8,64,area,scale8,PEM_R9_TwinAudit,PEM_uniform,mse,15,15,2.900866247234768,2.0717648088063574,3.891699798980656,0.0065300291946990465,0.006725115809298434,9.99950002499875e-05,True,percent_reduction,0.00119994000299985,TwinAudit (ours),Uniform gaze,NATURAL VIDEO WITH SIMULATED SENSING
REDS,nominal,256,448,8,64,area,scale8,PEM_R9_TwinAudit,PEM_uniform,ssim,15,15,-1.0653800317853568,-1.3955020032756766,-0.7075182951640787,0.5685753353563702,0.5625817022382458,0.0005499725013749313,False,percent_reduction,0.006049697515124244,TwinAudit (ours),Uniform gaze,NATURAL VIDEO WITH SIMULATED SENSING
REDS,nominal,256,448,8,64,area,scale8,PEM_R9_TwinAudit,PEM_uniform,augmented_pqv,15,15,3.250002653275519,-9.953821254852363,29.669761981963443,2.462475399103435e-08,2.5451942807591232e-08,0.6256187190640468,True,percent_reduction,0.6256187190640468,TwinAudit (ours),Uniform gaze,NATURAL VIDEO WITH SIMULATED SENSING
REDS,nominal,256,448,8,64,area,scale8,PEM_R9_TwinAudit,PEM_uniform,augmented_squared_error,15,15,-417.90296352316545,-1038.4566638898887,28.385121302496948,3.257755616690411e-08,6.290281860000775e-09,0.21853907304634768,True,percent_reduction,1.0,TwinAudit (ours),Uniform gaze,NATURAL VIDEO WITH SIMULATED SENSING
REDS,nominal,256,448,8,64,area,scale8,PEM_R9_TwinAudit,PEM_uniform,cs_final_width,15,15,39.790855425325155,35.02845057566796,45.7959453754968,0.014654954045787311,0.024340080147811093,9.99950002499875e-05,True,percent_reduction,0.0006999650017499125,TwinAudit (ours),Uniform gaze,NATURAL VIDEO WITH SIMULATED SENSING
REDS,nominal,256,448,8,64,area,scale8,PEM_R9_TwinAudit,PEM_uniform,online_total_ms_mean,15,15,-53.99571736018483,-55.652366837211325,-52.320773377733914,488.0780667325792,316.9426235347831,4.999750012499375e-05,True,percent_reduction,0.000599970001499925,TwinAudit (ours),Uniform gaze,NATURAL VIDEO WITH SIMULATED SENSING
REDS,nominal,256,448,8,64,area,scale8,PEM_R9_TwinAudit,PEM_uniform,psnr_db,15,15,0.14978485377456655,0.11641811343739868,0.18420165816152886,22.444867923948113,22.295083070173543,9.99950002499875e-05,True,difference_dB,0.00119994000299985,TwinAudit (ours),Uniform gaze,NATURAL VIDEO WITH SIMULATED SENSING
REDS_train,clean,256,448,4,64,bicubic,neural_native,PEM_R9_TwinAudit,BasicVSRpp2022_causal_memory,mse,20,20,-107.79707909099363,-129.55671773277243,-87.30610095753454,0.0026864487660133735,0.0012928231608284478,4.999750012499375e-05,True,percent_reduction,0.0022498875056247186,TwinAudit (ours),BasicVSR++ causal (CVPR 2022) + patch + memory,NATURAL VIDEO WITH SIMULATED SENSING
REDS_train,clean,256,448,4,64,bicubic,neural_native,PEM_R9_TwinAudit,BasicVSRpp2022_causal_memory,ssim,20,20,12.771536859625144,11.125282384891985,14.3559684693705,0.7585406506137651,0.869602218478918,4.999750012499375e-05,False,percent_reduction,0.0022498875056247186,TwinAudit (ours),BasicVSR++ causal (CVPR 2022) + patch + memory,NATURAL VIDEO WITH SIMULATED SENSING
REDS_train,clean,256,448,4,64,bicubic,neural_native,PEM_R9_TwinAudit,BasicVSRpp2022_causal_memory,augmented_pqv,20,20,94.35633761933923,92.93246207658224,95.49458893746063,6.341565688477939e-10,1.1236614206775881e-08,4.999750012499375e-05,True,percent_reduction,0.0022498875056247186,TwinAudit (ours),BasicVSR++ causal (CVPR 2022) + patch + memory,NATURAL VIDEO WITH SIMULATED SENSING
REDS_train,clean,256,448,4,64,bicubic,neural_native,PEM_R9_TwinAudit,BasicVSRpp2022_causal_memory,augmented_squared_error,20,20,97.12972706430646,92.02697723455498,99.0898469232544,3.5126078704356363e-10,1.223788799578701e-08,0.00014999250037498125,True,percent_reduction,0.004649767511624419,TwinAudit (ours),BasicVSR++ causal (CVPR 2022) + patch + memory,NATURAL VIDEO WITH SIMULATED SENSING
REDS_train,clean,256,448,4,64,bicubic,neural_native,PEM_R9_TwinAudit,BasicVSRpp2022_causal_memory,write_pqv,20,20,65.78612490146965,-17.580178292748386,84.7768214232872,7.332218723500885e-11,2.1430541563577045e-10,0.15379231038448077,True,percent_reduction,0.2804859757012149,TwinAudit (ours),BasicVSR++ causal (CVPR 2022) + patch + memory,NATURAL VIDEO WITH SIMULATED SENSING
REDS_train,clean,256,448,4,64,bicubic,neural_native,PEM_R9_TwinAudit,BasicVSRpp2022_causal_memory,write_squared_error,20,20,52.82018673578719,-107.64156882045403,84.97482789752527,5.8084663929891337e-11,1.2311338242186336e-10,0.3079846007699615,True,percent_reduction,1.0,TwinAudit (ours),BasicVSR++ causal (CVPR 2022) + patch + memory,NATURAL VIDEO WITH SIMULATED SENSING
REDS_train,clean,256,448,4,64,bicubic,neural_native,PEM_R9_TwinAudit,BasicVSRpp2022_causal_memory,cs_final_width,20,20,73.8741904597518,71.4377495224085,76.14255829379397,0.007986868081940069,0.030570796551340824,4.999750012499375e-05,True,percent_reduction,0.0022498875056247186,TwinAudit (ours),BasicVSR++ causal (CVPR 2022) + patch + memory,NATURAL VIDEO WITH SIMULATED SENSING
REDS_train,clean,256,448,4,64,bicubic,neural_native,PEM_R9_TwinAudit,BasicVSRpp2022_causal_memory,write_cs_final_width,20,20,23.229706367442347,15.256314088589047,30.824718522443987,0.00733695099373066,0.009557018276948624,9.99950002499875e-05,True,percent_reduction,0.00119994000299985,TwinAudit (ours),BasicVSR++ causal (CVPR 2022) + patch + memory,NATURAL VIDEO WITH SIMULATED SENSING
REDS_train,clean,256,448,4,64,bicubic,neural_native,PEM_R9_TwinAudit,BasicVSRpp2022_causal_memory,online_total_ms_mean,20,20,97.69760189127722,97.63242437047406,97.75972651544926,354.52197484917997,15397.944148149312,4.999750012499375e-05,True,percent_reduction,0.0020998950052497373,TwinAudit (ours),BasicVSR++ causal (CVPR 2022) + patch + memory,NATURAL VIDEO WITH SIMULATED SENSING
REDS_train,clean,256,448,4,64,bicubic,neural_native,PEM_R9_TwinAudit,BasicVSRpp2022_causal_memory,psnr_db,20,20,-3.254732462168577,-3.6405940830216816,-2.8710290583024003,26.262175261831022,29.5169077239996,9.99950002499875e-05,True,difference_dB,0.0022498875056247186,TwinAudit (ours),BasicVSR++ causal (CVPR 2022) + patch + memory,NATURAL VIDEO WITH SIMULATED SENSING
REDS_train,clean,256,448,4,64,bicubic,neural_native,PEM_R9_TwinAudit,BasicVSRpp2022_causal_memory_R9,mse,20,20,-113.41829009041757,-136.07732858152198,-91.91311115435145,0.0026864487660133735,0.0012587715724248483,4.999750012499375e-05,True,percent_reduction,0.0022498875056247186,TwinAudit (ours),BasicVSR++ causal (CVPR 2022) + TwinAudit gaze (ours),NATURAL VIDEO WITH SIMULATED SENSING
REDS_train,clean,256,448,4,64,bicubic,neural_native,PEM_R9_TwinAudit,BasicVSRpp2022_causal_memory_R9,ssim,20,20,12.819072330983206,11.091982808707865,14.363979571589613,0.7585406506137651,0.870076369792223,4.999750012499375e-05,False,percent_reduction,0.0022498875056247186,TwinAudit (ours),BasicVSR++ causal (CVPR 2022) + TwinAudit gaze (ours),NATURAL VIDEO WITH SIMULATED SENSING
REDS_train,clean,256,448,4,64,bicubic,neural_native,PEM_R9_TwinAudit,BasicVSRpp2022_causal_memory_R9,augmented_pqv,20,20,91.20562153162086,88.50334811907459,93.82306740381897,6.341565688477939e-10,7.210931063837574e-09,4.999750012499375e-05,True,percent_reduction,0.0022498875056247186,TwinAudit (ours),BasicVSR++ causal (CVPR 2022) + TwinAudit gaze (ours),NATURAL VIDEO WITH SIMULATED SENSING
REDS_train,clean,256,448,4,64,bicubic,neural_native,PEM_R9_TwinAudit,BasicVSRpp2022_causal_memory_R9,augmented_squared_error,20,20,96.18024749327687,87.53514384948687,98.07856088698495,3.5126078704356363e-10,9.195904353104331e-09,0.000199990000499975,True,percent_reduction,0.00599970001499925,TwinAudit (ours),BasicVSR++ causal (CVPR 2022) + TwinAudit gaze (ours),NATURAL VIDEO WITH SIMULATED SENSING
REDS_train,clean,256,448,4,64,bicubic,neural_native,PEM_R9_TwinAudit,BasicVSRpp2022_causal_memory_R9,write_pqv,20,20,85.49676089127513,36.422419988012024,94.15727785483234,7.332218723500885e-11,5.055573219564421e-10,0.017949102544872756,True,percent_reduction,0.05384730763461827,TwinAudit (ours),BasicVSR++ causal (CVPR 2022) + TwinAudit gaze (ours),NATURAL VIDEO WITH SIMULATED SENSING
REDS_train,clean,256,448,4,64,bicubic,neural_native,PEM_R9_TwinAudit,BasicVSRpp2022_causal_memory_R9,write_squared_error,20,20,75.42729568423677,-14.664996773419896,93.05555199621784,5.8084663929891337e-11,2.363788013866687e-10,0.15384230788460576,True,percent_reduction,1.0,TwinAudit (ours),BasicVSR++ causal (CVPR 2022) + TwinAudit gaze (ours),NATURAL VIDEO WITH SIMULATED SENSING
REDS_train,clean,256,448,4,64,bicubic,neural_native,PEM_R9_TwinAudit,BasicVSRpp2022_causal_memory_R9,cs_final_width,20,20,77.40633952223732,75.65054740979845,79.07072756215659,0.007986868081940069,0.03535004029028839,4.999750012499375e-05,True,percent_reduction,0.0022498875056247186,TwinAudit (ours),BasicVSR++ causal (CVPR 2022) + TwinAudit gaze (ours),NATURAL VIDEO WITH SIMULATED SENSING
REDS_train,clean,256,448,4,64,bicubic,neural_native,PEM_R9_TwinAudit,BasicVSRpp2022_causal_memory_R9,write_cs_final_width,20,20,45.66024419950602,39.31129770184219,51.829455946125755,0.00733695099373066,0.013501994783833685,4.999750012499375e-05,True,percent_reduction,0.00119994000299985,TwinAudit (ours),BasicVSR++ causal (CVPR 2022) + TwinAudit gaze (ours),NATURAL VIDEO WITH SIMULATED SENSING
REDS_train,clean,256,448,4,64,bicubic,neural_native,PEM_R9_TwinAudit,BasicVSRpp2022_causal_memory_R9,online_total_ms_mean,20,20,97.69760108971862,97.63495064141956,97.75898966189014,354.52197484917997,15397.938787499326,4.999750012499375e-05,True,percent_reduction,0.0020998950052497373,TwinAudit (ours),BasicVSR++ causal (CVPR 2022) + TwinAudit gaze (ours),NATURAL VIDEO WITH SIMULATED SENSING
REDS_train,clean,256,448,4,64,bicubic,neural_native,PEM_R9_TwinAudit,BasicVSRpp2022_causal_memory_R9,psnr_db,20,20,-3.3976755637991567,-3.7691728276070298,-2.990136498109617,26.262175261831022,29.65985082563018,4.999750012499375e-05,True,difference_dB,0.0022498875056247186,TwinAudit (ours),BasicVSR++ causal (CVPR 2022) + TwinAudit gaze (ours),NATURAL VIDEO WITH SIMULATED SENSING
REDS_train,clean,256,448,4,64,bicubic,neural_native,PEM_R9_TwinAudit,BasicVSRpp2022_causal_patch,mse,20,20,-103.53750406471347,-123.99085008638974,-83.66825541552916,0.0026864487660133735,0.001319878996432635,4.999750012499375e-05,True,percent_reduction,0.0022498875056247186,TwinAudit (ours),BasicVSR++ causal (CVPR 2022) + patch,NATURAL VIDEO WITH SIMULATED SENSING
REDS_train,clean,256,448,4,64,bicubic,neural_native,PEM_R9_TwinAudit,BasicVSRpp2022_causal_patch,ssim,20,20,12.48532871195117,10.818350991199193,13.999466291732542,0.7585406506137651,0.8667582697272301,4.999750012499375e-05,False,percent_reduction,0.0022498875056247186,TwinAudit (ours),BasicVSR++ causal (CVPR 2022) + patch,NATURAL VIDEO WITH SIMULATED SENSING
REDS_train,clean,256,448,4,64,bicubic,neural_native,PEM_R9_TwinAudit,BasicVSRpp2022_causal_patch,augmented_pqv,20,20,93.89031701855373,92.22872409828841,95.18759832521009,6.341565688477939e-10,1.037953312428132e-08,4.999750012499375e-05,True,percent_reduction,0.0022498875056247186,TwinAudit (ours),BasicVSR++ causal (CVPR 2022) + patch,NATURAL VIDEO WITH SIMULATED SENSING
REDS_train,clean,256,448,4,64,bicubic,neural_native,PEM_R9_TwinAudit,BasicVSRpp2022_causal_patch,augmented_squared_error,20,20,97.0406194977499,91.45047380396038,99.05353689976991,3.5126078704356363e-10,1.1869402625870177e-08,4.999750012499375e-05,True,percent_reduction,0.0022498875056247186,TwinAudit (ours),BasicVSR++ causal (CVPR 2022) + patch,NATURAL VIDEO WITH SIMULATED SENSING
REDS_train,clean,256,448,4,64,bicubic,neural_native,PEM_R9_TwinAudit,BasicVSRpp2022_causal_patch,cs_final_width,20,20,73.03393810168319,70.39704957450971,75.32877220830377,0.007986868081940069,0.029618222015720445,4.999750012499375e-05,True,percent_reduction,0.0022498875056247186,TwinAudit (ours),BasicVSR++ causal (CVPR 2022) + patch,NATURAL VIDEO WITH SIMULATED SENSING
REDS_train,clean,256,448,4,64,bicubic,neural_native,PEM_R9_TwinAudit,BasicVSRpp2022_causal_patch,online_total_ms_mean,20,20,97.68086225930652,97.61792317676995,97.74250419883361,354.52197484917997,15286.801151499065,9.99950002499875e-05,True,percent_reduction,0.0020998950052497373,TwinAudit (ours),BasicVSR++ causal (CVPR 2022) + patch,NATURAL VIDEO WITH SIMULATED SENSING
REDS_train,clean,256,448,4,64,bicubic,neural_native,PEM_R9_TwinAudit,BasicVSRpp2022_causal_patch,psnr_db,20,20,-3.148986271658559,-3.511246552555831,-2.754460182860527,26.262175261831022,29.411161533489583,4.999750012499375e-05,True,difference_dB,0.0022498875056247186,TwinAudit (ours),BasicVSR++ causal (CVPR 2022) + patch,NATURAL VIDEO WITH SIMULATED SENSING
REDS_train,clean,256,448,4,64,bicubic,neural_native,PEM_R9_TwinAudit,BasicVSRpp2022_offline_patch,mse,20,20,-138.84149248151104,-166.42755553595728,-112.13815935833972,0.0026864487660133735,0.0011247831095433866,4.999750012499375e-05,True,percent_reduction,0.0022498875056247186,TwinAudit (ours),"BasicVSR++ offline, non-causal (CVPR 2022) + patch",NATURAL VIDEO WITH SIMULATED SENSING
REDS_train,clean,256,448,4,64,bicubic,neural_native,PEM_R9_TwinAudit,BasicVSRpp2022_offline_patch,ssim,20,20,14.0593829642779,12.112662550870468,15.708876619796646,0.7585406506137651,0.8826334703862667,4.999750012499375e-05,False,percent_reduction,0.0022498875056247186,TwinAudit (ours),"BasicVSR++ offline, non-causal (CVPR 2022) + patch",NATURAL VIDEO WITH SIMULATED SENSING
REDS_train,clean,256,448,4,64,bicubic,neural_native,PEM_R9_TwinAudit,BasicVSRpp2022_offline_patch,augmented_pqv,20,20,95.08393193428309,93.90264345151171,96.30198247477347,6.341565688477939e-10,1.2899670231789488e-08,4.999750012499375e-05,True,percent_reduction,0.0022498875056247186,TwinAudit (ours),"BasicVSR++ offline, non-causal (CVPR 2022) + patch",NATURAL VIDEO WITH SIMULATED SENSING
REDS_train,clean,256,448,4,64,bicubic,neural_native,PEM_R9_TwinAudit,BasicVSRpp2022_offline_patch,augmented_squared_error,20,20,97.84272087836253,93.94142562199666,99.31248400596373,3.5126078704356363e-10,1.6282584090321152e-08,4.999750012499375e-05,True,percent_reduction,0.0022498875056247186,TwinAudit (ours),"BasicVSR++ offline, non-causal (CVPR 2022) + patch",NATURAL VIDEO WITH SIMULATED SENSING
REDS_train,clean,256,448,4,64,bicubic,neural_native,PEM_R9_TwinAudit,BasicVSRpp2022_offline_patch,cs_final_width,20,20,74.0614464446487,71.46011388140818,76.33403101760572,0.007986868081940069,0.0307914936925707,4.999750012499375e-05,True,percent_reduction,0.0022498875056247186,TwinAudit (ours),"BasicVSR++ offline, non-causal (CVPR 2022) + patch",NATURAL VIDEO WITH SIMULATED SENSING
REDS_train,clean,256,448,4,64,bicubic,neural_native,PEM_R9_TwinAudit,BasicVSRpp2022_offline_patch,online_total_ms_mean,20,20,86.26660089589363,85.98910473644493,86.50326288380474,354.52197484917997,2581.4583276996273,4.999750012499375e-05,True,percent_reduction,0.0020998950052497373,TwinAudit (ours),"BasicVSR++ offline, non-causal (CVPR 2022) + patch",NATURAL VIDEO WITH SIMULATED SENSING
REDS_train,clean,256,448,4,64,bicubic,neural_native,PEM_R9_TwinAudit,BasicVSRpp2022_offline_patch,psnr_db,20,20,-3.865571247924902,-4.262278470546361,-3.419815213411883,26.262175261831022,30.127746509755923,9.99950002499875e-05,True,difference_dB,0.0022498875056247186,TwinAudit (ours),"BasicVSR++ offline, non-causal (CVPR 2022) + patch",NATURAL VIDEO WITH SIMULATED SENSING
REDS_train,clean,256,448,4,64,bicubic,neural_native,PEM_R9_TwinAudit,NanoSR2025_memory,mse,20,20,-36.66344181964376,-43.91783413170241,-29.248013331134448,0.0026864487660133735,0.0019657406035175884,4.999750012499375e-05,True,percent_reduction,0.0022498875056247186,TwinAudit (ours),NanoSR (NTIRE 2025) + patch + memory,NATURAL VIDEO WITH SIMULATED SENSING
REDS_train,clean,256,448,4,64,bicubic,neural_native,PEM_R9_TwinAudit,NanoSR2025_memory,ssim,20,20,6.804127180430786,5.6663079400912455,7.902200592722092,0.7585406506137651,0.8139208611547948,4.999750012499375e-05,False,percent_reduction,0.0022498875056247186,TwinAudit (ours),NanoSR (NTIRE 2025) + patch + memory,NATURAL VIDEO WITH SIMULATED SENSING
REDS_train,clean,256,448,4,64,bicubic,neural_native,PEM_R9_TwinAudit,NanoSR2025_memory,augmented_pqv,20,20,84.85125503056625,81.32531301039363,88.6937010877529,6.341565688477939e-10,4.186198725553555e-09,4.999750012499375e-05,True,percent_reduction,0.0022498875056247186,TwinAudit (ours),NanoSR (NTIRE 2025) + patch + memory,NATURAL VIDEO WITH SIMULATED SENSING
REDS_train,clean,256,448,4,64,bicubic,neural_native,PEM_R9_TwinAudit,NanoSR2025_memory,augmented_squared_error,20,20,91.11802561869861,76.16856190890961,96.86114751429785,3.5126078704356363e-10,3.954760191416998e-09,0.0006499675016249188,True,percent_reduction,0.016899155042247888,TwinAudit (ours),NanoSR (NTIRE 2025) + patch + memory,NATURAL VIDEO WITH SIMULATED SENSING
REDS_train,clean,256,448,4,64,bicubic,neural_native,PEM_R9_TwinAudit,NanoSR2025_memory,write_pqv,20,20,76.46758249616046,39.86708815022038,88.90770881111641,7.332218723500885e-11,3.1157949336503833e-10,0.002999850007499625,True,percent_reduction,0.0234375,TwinAudit (ours),NanoSR (NTIRE 2025) + patch + memory,NATURAL VIDEO WITH SIMULATED SENSING
REDS_train,clean,256,448,4,64,bicubic,neural_native,PEM_R9_TwinAudit,NanoSR2025_memory,write_squared_error,20,20,80.78053902548884,9.91777559485249,93.32460563425013,5.8084663929891337e-11,3.0221796546179493e-10,0.08569571521423928,True,percent_reduction,1.0,TwinAudit (ours),NanoSR (NTIRE 2025) + patch + memory,NATURAL VIDEO WITH SIMULATED SENSING
REDS_train,clean,256,448,4,64,bicubic,neural_native,PEM_R9_TwinAudit,NanoSR2025_memory,cs_final_width,20,20,68.30952994305301,65.09921980063692,71.17819163132397,0.007986868081940069,0.025202744129663786,4.999750012499375e-05,True,percent_reduction,0.0022498875056247186,TwinAudit (ours),NanoSR (NTIRE 2025) + patch + memory,NATURAL VIDEO WITH SIMULATED SENSING
REDS_train,clean,256,448,4,64,bicubic,neural_native,PEM_R9_TwinAudit,NanoSR2025_memory,write_cs_final_width,20,20,37.50986679905706,32.44957690883414,42.7758839091383,0.00733695099373066,0.011740975123445487,4.999750012499375e-05,True,percent_reduction,0.00119994000299985,TwinAudit (ours),NanoSR (NTIRE 2025) + patch + memory,NATURAL VIDEO WITH SIMULATED SENSING
REDS_train,clean,256,448,4,64,bicubic,neural_native,PEM_R9_TwinAudit,NanoSR2025_memory,online_total_ms_mean,20,20,25.917376517357216,24.89569277952578,26.9114742022537,354.52197484917997,478.5494332989474,4.999750012499375e-05,True,percent_reduction,0.0020998950052497373,TwinAudit (ours),NanoSR (NTIRE 2025) + patch + memory,NATURAL VIDEO WITH SIMULATED SENSING
REDS_train,clean,256,448,4,64,bicubic,neural_native,PEM_R9_TwinAudit,NanoSR2025_memory,psnr_db,20,20,-1.3956729663255163,-1.6251658088949028,-1.1402582571599464,26.262175261831022,27.657848228156535,4.999750012499375e-05,True,difference_dB,0.0022498875056247186,TwinAudit (ours),NanoSR (NTIRE 2025) + patch + memory,NATURAL VIDEO WITH SIMULATED SENSING
REDS_train,clean,256,448,4,64,bicubic,neural_native,PEM_R9_TwinAudit,NanoSR2025_memory_R9,mse,20,20,-40.37317886831306,-48.07046015576475,-32.82953270213007,0.0026864487660133735,0.001913790645528934,4.999750012499375e-05,True,percent_reduction,0.0022498875056247186,TwinAudit (ours),NanoSR (NTIRE 2025) + TwinAudit gaze (ours),NATURAL VIDEO WITH SIMULATED SENSING
REDS_train,clean,256,448,4,64,bicubic,neural_native,PEM_R9_TwinAudit,NanoSR2025_memory_R9,ssim,20,20,6.827668226701422,5.735860210935423,7.844587136132131,0.7585406506137651,0.8141265074908735,4.999750012499375e-05,False,percent_reduction,0.0022498875056247186,TwinAudit (ours),NanoSR (NTIRE 2025) + TwinAudit gaze (ours),NATURAL VIDEO WITH SIMULATED SENSING
REDS_train,clean,256,448,4,64,bicubic,neural_native,PEM_R9_TwinAudit,NanoSR2025_memory_R9,augmented_pqv,20,20,83.74354797801763,79.23724596066691,88.53005461886659,6.341565688477939e-10,3.900953098439143e-09,4.999750012499375e-05,True,percent_reduction,0.0022498875056247186,TwinAudit (ours),NanoSR (NTIRE 2025) + TwinAudit gaze (ours),NATURAL VIDEO WITH SIMULATED SENSING
REDS_train,clean,256,448,4,64,bicubic,neural_native,PEM_R9_TwinAudit,NanoSR2025_memory_R9,augmented_squared_error,20,20,92.66716266204102,84.18469644616061,96.05149655008043,3.5126078704356363e-10,4.790243814972362e-09,0.0011499425028748563,True,percent_reduction,0.026448677566121695,TwinAudit (ours),NanoSR (NTIRE 2025) + TwinAudit gaze (ours),NATURAL VIDEO WITH SIMULATED SENSING
REDS_train,clean,256,448,4,64,bicubic,neural_native,PEM_R9_TwinAudit,NanoSR2025_memory_R9,write_pqv,20,20,89.93970713374738,67.86670139547614,95.46896475377007,7.332218723500885e-11,7.288275620779292e-10,4.999750012499375e-05,True,percent_reduction,0.00119994000299985,TwinAudit (ours),NanoSR (NTIRE 2025) + TwinAudit gaze (ours),NATURAL VIDEO WITH SIMULATED SENSING
REDS_train,clean,256,448,4,64,bicubic,neural_native,PEM_R9_TwinAudit,NanoSR2025_memory_R9,write_squared_error,20,20,92.74861169831657,74.8401721731175,97.5800096991413,5.8084663929891337e-11,8.010143921875871e-10,0.012149392530373481,True,percent_reduction,0.23083845807709616,TwinAudit (ours),NanoSR (NTIRE 2025) + TwinAudit gaze (ours),NATURAL VIDEO WITH SIMULATED SENSING
REDS_train,clean,256,448,4,64,bicubic,neural_native,PEM_R9_TwinAudit,NanoSR2025_memory_R9,cs_final_width,20,20,71.72596178080211,69.14893610127359,74.07520428158931,0.007986868081940069,0.028248062834254205,4.999750012499375e-05,True,percent_reduction,0.0022498875056247186,TwinAudit (ours),NanoSR (NTIRE 2025) + TwinAudit gaze (ours),NATURAL VIDEO WITH SIMULATED SENSING
REDS_train,clean,256,448,4,64,bicubic,neural_native,PEM_R9_TwinAudit,NanoSR2025_memory_R9,write_cs_final_width,20,20,50.888005532302,46.3839560132748,55.34537229520768,0.00733695099373066,0.014939224263344323,4.999750012499375e-05,True,percent_reduction,0.00119994000299985,TwinAudit (ours),NanoSR (NTIRE 2025) + TwinAudit gaze (ours),NATURAL VIDEO WITH SIMULATED SENSING
REDS_train,clean,256,448,4,64,bicubic,neural_native,PEM_R9_TwinAudit,NanoSR2025_memory_R9,online_total_ms_mean,20,20,26.58707982118139,25.32104286286198,27.77358749511797,354.52197484917997,482.9149609981978,4.999750012499375e-05,True,percent_reduction,0.0020998950052497373,TwinAudit (ours),NanoSR (NTIRE 2025) + TwinAudit gaze (ours),NATURAL VIDEO WITH SIMULATED SENSING
REDS_train,clean,256,448,4,64,bicubic,neural_native,PEM_R9_TwinAudit,NanoSR2025_memory_R9,psnr_db,20,20,-1.5368765047154915,-1.7736072340093885,-1.2809694343460667,26.262175261831022,27.79905176654652,4.999750012499375e-05,True,difference_dB,0.0022498875056247186,TwinAudit (ours),NanoSR (NTIRE 2025) + TwinAudit gaze (ours),NATURAL VIDEO WITH SIMULATED SENSING
REDS_train,clean,256,448,4,64,bicubic,neural_native,PEM_R9_TwinAudit,NanoSR2025_patch,mse,20,20,-31.443364600089186,-38.513852011765145,-24.296972748293836,0.0026864487660133735,0.002043807060315885,9.99950002499875e-05,True,percent_reduction,0.0022498875056247186,TwinAudit (ours),NanoSR (NTIRE 2025) + patch,NATURAL VIDEO WITH SIMULATED SENSING
REDS_train,clean,256,448,4,64,bicubic,neural_native,PEM_R9_TwinAudit,NanoSR2025_patch,ssim,20,20,5.916116298342566,4.702893016814428,7.038919144166675,0.7585406506137651,0.8062386678457261,4.999750012499375e-05,False,percent_reduction,0.0022498875056247186,TwinAudit (ours),NanoSR (NTIRE 2025) + patch,NATURAL VIDEO WITH SIMULATED SENSING
REDS_train,clean,256,448,4,64,bicubic,neural_native,PEM_R9_TwinAudit,NanoSR2025_patch,augmented_pqv,20,20,82.0047808213959,77.42360328621325,86.98096918316098,6.341565688477939e-10,3.5240280351894317e-09,4.999750012499375e-05,True,percent_reduction,0.0022498875056247186,TwinAudit (ours),NanoSR (NTIRE 2025) + patch,NATURAL VIDEO WITH SIMULATED SENSING
REDS_train,clean,256,448,4,64,bicubic,neural_native,PEM_R9_TwinAudit,NanoSR2025_patch,augmented_squared_error,20,20,89.53105340564915,67.68077728434514,96.62214434282612,3.5126078704356363e-10,3.35526391196902e-09,0.0008499575021248938,True,percent_reduction,0.02039898005099745,TwinAudit (ours),NanoSR (NTIRE 2025) + patch,NATURAL VIDEO WITH SIMULATED SENSING
REDS_train,clean,256,448,4,64,bicubic,neural_native,PEM_R9_TwinAudit,NanoSR2025_patch,cs_final_width,20,20,65.28532728365369,61.17127953121659,68.78559537058665,0.007986868081940069,0.02300718243032503,4.999750012499375e-05,True,percent_reduction,0.0022498875056247186,TwinAudit (ours),NanoSR (NTIRE 2025) + patch,NATURAL VIDEO WITH SIMULATED SENSING
REDS_train,clean,256,448,4,64,bicubic,neural_native,PEM_R9_TwinAudit,NanoSR2025_patch,online_total_ms_mean,20,20,2.47794725703262,0.9720836609028554,3.8447639417370616,354.52197484917997,363.53005794860655,0.005449727513624319,True,percent_reduction,0.025390625,TwinAudit (ours),NanoSR (NTIRE 2025) + patch,NATURAL VIDEO WITH SIMULATED SENSING
REDS_train,clean,256,448,4,64,bicubic,neural_native,PEM_R9_TwinAudit,NanoSR2025_patch,psnr_db,20,20,-1.2198855130034612,-1.4585178731351183,-0.9602506684212754,26.262175261831022,27.482060774834487,4.999750012499375e-05,True,difference_dB,0.0022498875056247186,TwinAudit (ours),NanoSR (NTIRE 2025) + patch,NATURAL VIDEO WITH SIMULATED SENSING
REDS_train,clean,256,448,4,64,bicubic,neural_native,PEM_R9_TwinAudit,PEM_R6_fixed,mse,20,20,-1.7523946399039314,-2.2432758389072975,-1.292501000015965,0.0026864487660133735,0.0026401823519933525,4.999750012499375e-05,True,percent_reduction,0.0022498875056247186,TwinAudit (ours),"Joint gaze, fixed proxy (prior version)",NATURAL VIDEO WITH SIMULATED SENSING
REDS_train,clean,256,448,4,64,bicubic,neural_native,PEM_R9_TwinAudit,PEM_R6_fixed,ssim,20,20,0.3405553816382412,0.2407206775062079,0.44645655572283505,0.7585406506137651,0.7611327290840709,4.999750012499375e-05,False,percent_reduction,0.0022498875056247186,TwinAudit (ours),"Joint gaze, fixed proxy (prior version)",NATURAL VIDEO WITH SIMULATED SENSING
REDS_train,clean,256,448,4,64,bicubic,neural_native,PEM_R9_TwinAudit,PEM_R6_fixed,augmented_pqv,20,20,74.04412952461283,71.89148986428572,76.14604547175927,6.341565688477939e-10,2.443210561746087e-09,4.999750012499375e-05,True,percent_reduction,0.0022498875056247186,TwinAudit (ours),"Joint gaze, fixed proxy (prior version)",NATURAL VIDEO WITH SIMULATED SENSING
REDS_train,clean,256,448,4,64,bicubic,neural_native,PEM_R9_TwinAudit,PEM_R6_fixed,augmented_squared_error,20,20,85.1434012159196,69.1117017884436,93.77584073241555,3.5126078704356363e-10,2.364341880322954e-09,0.000199990000499975,True,percent_reduction,0.00599970001499925,TwinAudit (ours),"Joint gaze, fixed proxy (prior version)",NATURAL VIDEO WITH SIMULATED SENSING
REDS_train,clean,256,448,4,64,bicubic,neural_native,PEM_R9_TwinAudit,PEM_R6_fixed,cs_final_width,20,20,76.95718832691833,75.56258647497596,78.29967922741841,0.007986868081940069,0.03466099621544982,4.999750012499375e-05,True,percent_reduction,0.0022498875056247186,TwinAudit (ours),"Joint gaze, fixed proxy (prior version)",NATURAL VIDEO WITH SIMULATED SENSING
REDS_train,clean,256,448,4,64,bicubic,neural_native,PEM_R9_TwinAudit,PEM_R6_fixed,online_total_ms_mean,20,20,-50.888399298539014,-52.981880666783056,-48.86184519518426,354.52197484917997,234.95641579956282,4.999750012499375e-05,True,percent_reduction,0.0020998950052497373,TwinAudit (ours),"Joint gaze, fixed proxy (prior version)",NATURAL VIDEO WITH SIMULATED SENSING
REDS_train,clean,256,448,4,64,bicubic,neural_native,PEM_R9_TwinAudit,PEM_R6_fixed,psnr_db,20,20,-0.08342662763075079,-0.09795825827654585,-0.0671489001849862,26.262175261831022,26.345601889461772,4.999750012499375e-05,True,difference_dB,0.0022498875056247186,TwinAudit (ours),"Joint gaze, fixed proxy (prior version)",NATURAL VIDEO WITH SIMULATED SENSING
REDS_train,clean,256,448,4,64,bicubic,neural_native,PEM_R9_TwinAudit,PEM_uniform,mse,20,20,4.584378276228007,3.5197423221343165,5.6863525486926525,0.0026864487660133735,0.0028155229903449527,4.999750012499375e-05,True,percent_reduction,0.0022498875056247186,TwinAudit (ours),Uniform gaze,NATURAL VIDEO WITH SIMULATED SENSING
REDS_train,clean,256,448,4,64,bicubic,neural_native,PEM_R9_TwinAudit,PEM_uniform,ssim,20,20,-0.3483881452361004,-0.5589788827501541,-0.08025851436812949,0.7585406506137651,0.7559071596804474,0.013799310034498274,False,percent_reduction,0.04139793010349482,TwinAudit (ours),Uniform gaze,NATURAL VIDEO WITH SIMULATED SENSING
REDS_train,clean,256,448,4,64,bicubic,neural_native,PEM_R9_TwinAudit,PEM_uniform,augmented_pqv,20,20,-25.087252049050623,-41.042807217747225,-13.49301250216286,6.341565688477939e-10,5.069713807439956e-10,0.0018999050047497626,True,percent_reduction,0.03239838008099595,TwinAudit (ours),Uniform gaze,NATURAL VIDEO WITH SIMULATED SENSING
REDS_train,clean,256,448,4,64,bicubic,neural_native,PEM_R9_TwinAudit,PEM_uniform,augmented_squared_error,20,20,-17.832269736247053,-219.51761115121715,55.72874925100368,3.5126078704356363e-10,2.9810236858699017e-10,0.7273636318184091,True,percent_reduction,1.0,TwinAudit (ours),Uniform gaze,NATURAL VIDEO WITH SIMULATED SENSING
REDS_train,clean,256,448,4,64,bicubic,neural_native,PEM_R9_TwinAudit,PEM_uniform,cs_final_width,20,20,40.87691104261641,37.32852388151465,43.77076950268468,0.007986868081940069,0.013508881593952356,4.999750012499375e-05,True,percent_reduction,0.0022498875056247186,TwinAudit (ours),Uniform gaze,NATURAL VIDEO WITH SIMULATED SENSING
REDS_train,clean,256,448,4,64,bicubic,neural_native,PEM_R9_TwinAudit,PEM_uniform,online_total_ms_mean,20,20,-52.47286160240068,-54.982819305216296,-50.10475240372072,354.52197484917997,232.51480369907222,4.999750012499375e-05,True,percent_reduction,0.0020998950052497373,TwinAudit (ours),Uniform gaze,NATURAL VIDEO WITH SIMULATED SENSING
REDS_train,clean,256,448,4,64,bicubic,neural_native,PEM_R9_TwinAudit,PEM_uniform,psnr_db,20,20,0.2282830783518346,0.17499523666256087,0.28093883202750086,26.262175261831022,26.033892183479185,4.999750012499375e-05,True,difference_dB,0.0022498875056247186,TwinAudit (ours),Uniform gaze,NATURAL VIDEO WITH SIMULATED SENSING
REDS_train,clean,256,448,4,64,bicubic,neural_native,PEM_R9_TwinAudit,SCMSR2025_memory,mse,20,20,-35.633751843930916,-42.50831117397082,-28.838211622290416,0.0026864487660133735,0.001980663905179426,4.999750012499375e-05,True,percent_reduction,0.0022498875056247186,TwinAudit (ours),SCMSR (NTIRE 2025) + patch + memory,NATURAL VIDEO WITH SIMULATED SENSING
REDS_train,clean,256,448,4,64,bicubic,neural_native,PEM_R9_TwinAudit,SCMSR2025_memory,ssim,20,20,6.685184577854331,5.524141292617308,7.724129545484498,0.7585406506137651,0.8128834067583084,4.999750012499375e-05,False,percent_reduction,0.0022498875056247186,TwinAudit (ours),SCMSR (NTIRE 2025) + patch + memory,NATURAL VIDEO WITH SIMULATED SENSING
REDS_train,clean,256,448,4,64,bicubic,neural_native,PEM_R9_TwinAudit,SCMSR2025_memory,augmented_pqv,20,20,84.26936792963487,79.97988005808553,88.88662312165616,6.341565688477939e-10,4.031348301906308e-09,4.999750012499375e-05,True,percent_reduction,0.0022498875056247186,TwinAudit (ours),SCMSR (NTIRE 2025) + patch + memory,NATURAL VIDEO WITH SIMULATED SENSING
REDS_train,clean,256,448,4,64,bicubic,neural_native,PEM_R9_TwinAudit,SCMSR2025_memory,augmented_squared_error,20,20,89.65539835317662,72.23639782068136,96.40399335616297,3.5126078704356363e-10,3.3955951039586803e-09,0.005749712514374282,True,percent_reduction,0.09774511274436279,TwinAudit (ours),SCMSR (NTIRE 2025) + patch + memory,NATURAL VIDEO WITH SIMULATED SENSING
REDS_train,clean,256,448,4,64,bicubic,neural_native,PEM_R9_TwinAudit,SCMSR2025_memory,write_pqv,20,20,77.22242980999351,43.90546153123934,89.00200184995035,7.332218723500885e-11,3.219052191404441e-10,0.000599970001499925,True,percent_reduction,0.007799610019499025,TwinAudit (ours),SCMSR (NTIRE 2025) + patch + memory,NATURAL VIDEO WITH SIMULATED SENSING
REDS_train,clean,256,448,4,64,bicubic,neural_native,PEM_R9_TwinAudit,SCMSR2025_memory,write_squared_error,20,20,82.77160791858826,22.32115315163231,94.05219931296112,5.8084663929891337e-11,3.371450083990179e-10,0.07179641017949102,True,percent_reduction,1.0,TwinAudit (ours),SCMSR (NTIRE 2025) + patch + memory,NATURAL VIDEO WITH SIMULATED SENSING
REDS_train,clean,256,448,4,64,bicubic,neural_native,PEM_R9_TwinAudit,SCMSR2025_memory,cs_final_width,20,20,68.03892157020745,64.90217248110339,70.86078106790532,0.007986868081940069,0.02498935728806668,4.999750012499375e-05,True,percent_reduction,0.0022498875056247186,TwinAudit (ours),SCMSR (NTIRE 2025) + patch + memory,NATURAL VIDEO WITH SIMULATED SENSING
REDS_train,clean,256,448,4,64,bicubic,neural_native,PEM_R9_TwinAudit,SCMSR2025_memory,write_cs_final_width,20,20,37.80861913709589,32.79439061287539,42.92806338246051,0.00733695099373066,0.011797375925619625,4.999750012499375e-05,True,percent_reduction,0.00119994000299985,TwinAudit (ours),SCMSR (NTIRE 2025) + patch + memory,NATURAL VIDEO WITH SIMULATED SENSING
REDS_train,clean,256,448,4,64,bicubic,neural_native,PEM_R9_TwinAudit,SCMSR2025_memory,online_total_ms_mean,20,20,54.951589574320224,54.30101894742754,55.56798827868009,354.52197484917997,786.9799877491023,4.999750012499375e-05,True,percent_reduction,0.0020998950052497373,TwinAudit (ours),SCMSR (NTIRE 2025) + patch + memory,NATURAL VIDEO WITH SIMULATED SENSING
REDS_train,clean,256,448,4,64,bicubic,neural_native,PEM_R9_TwinAudit,SCMSR2025_memory,psnr_db,20,20,-1.3676661816036164,-1.5895091059556066,-1.1281594718687644,26.262175261831022,27.62984144343464,4.999750012499375e-05,True,difference_dB,0.0022498875056247186,TwinAudit (ours),SCMSR (NTIRE 2025) + patch + memory,NATURAL VIDEO WITH SIMULATED SENSING
REDS_train,clean,256,448,4,64,bicubic,neural_native,PEM_R9_TwinAudit,SCMSR2025_memory_R9,mse,20,20,-39.387487187251466,-46.778058395949124,-31.73713505262046,0.0026864487660133735,0.0019273241954670083,4.999750012499375e-05,True,percent_reduction,0.0022498875056247186,TwinAudit (ours),SCMSR (NTIRE 2025) + TwinAudit gaze (ours),NATURAL VIDEO WITH SIMULATED SENSING
REDS_train,clean,256,448,4,64,bicubic,neural_native,PEM_R9_TwinAudit,SCMSR2025_memory_R9,ssim,20,20,6.714613628007971,5.682071246476358,7.6926005449608885,0.7585406506137651,0.8131398497819902,4.999750012499375e-05,False,percent_reduction,0.0022498875056247186,TwinAudit (ours),SCMSR (NTIRE 2025) + TwinAudit gaze (ours),NATURAL VIDEO WITH SIMULATED SENSING
REDS_train,clean,256,448,4,64,bicubic,neural_native,PEM_R9_TwinAudit,SCMSR2025_memory_R9,augmented_pqv,20,20,84.28214271538357,79.91741982178903,88.94561518951653,6.341565688477939e-10,4.034624805179158e-09,4.999750012499375e-05,True,percent_reduction,0.0022498875056247186,TwinAudit (ours),SCMSR (NTIRE 2025) + TwinAudit gaze (ours),NATURAL VIDEO WITH SIMULATED SENSING
REDS_train,clean,256,448,4,64,bicubic,neural_native,PEM_R9_TwinAudit,SCMSR2025_memory_R9,augmented_squared_error,20,20,90.45979246341841,83.24103326292403,95.36511897531007,3.5126078704356363e-10,3.681898802480623e-09,4.999750012499375e-05,True,percent_reduction,0.0022498875056247186,TwinAudit (ours),SCMSR (NTIRE 2025) + TwinAudit gaze (ours),NATURAL VIDEO WITH SIMULATED SENSING
REDS_train,clean,256,448,4,64,bicubic,neural_native,PEM_R9_TwinAudit,SCMSR2025_memory_R9,write_pqv,20,20,90.71633726212677,72.1463583703256,95.8104218256533,7.332218723500885e-11,7.897980495983209e-10,4.999750012499375e-05,True,percent_reduction,0.00119994000299985,TwinAudit (ours),SCMSR (NTIRE 2025) + TwinAudit gaze (ours),NATURAL VIDEO WITH SIMULATED SENSING
REDS_train,clean,256,448,4,64,bicubic,neural_native,PEM_R9_TwinAudit,SCMSR2025_memory_R9,write_squared_error,20,20,86.6129496958965,53.3113805748632,96.00952810465176,5.8084663929891337e-11,4.3388694753829953e-10,0.006999650017499125,True,percent_reduction,0.14699265036748163,TwinAudit (ours),SCMSR (NTIRE 2025) + TwinAudit gaze (ours),NATURAL VIDEO WITH SIMULATED SENSING
REDS_train,clean,256,448,4,64,bicubic,neural_native,PEM_R9_TwinAudit,SCMSR2025_memory_R9,cs_final_width,20,20,71.63189313658506,69.15741084465647,73.98224696953329,0.007986868081940069,0.028154392256045723,4.999750012499375e-05,True,percent_reduction,0.0022498875056247186,TwinAudit (ours),SCMSR (NTIRE 2025) + TwinAudit gaze (ours),NATURAL VIDEO WITH SIMULATED SENSING
REDS_train,clean,256,448,4,64,bicubic,neural_native,PEM_R9_TwinAudit,SCMSR2025_memory_R9,write_cs_final_width,20,20,51.38392134346017,47.1637955770992,55.66316519227972,0.00733695099373066,0.015091614125368571,4.999750012499375e-05,True,percent_reduction,0.00119994000299985,TwinAudit (ours),SCMSR (NTIRE 2025) + TwinAudit gaze (ours),NATURAL VIDEO WITH SIMULATED SENSING
REDS_train,clean,256,448,4,64,bicubic,neural_native,PEM_R9_TwinAudit,SCMSR2025_memory_R9,online_total_ms_mean,20,20,54.583333996300574,53.948893499242246,55.21020432003395,354.52197484917997,780.5988550993643,4.999750012499375e-05,True,percent_reduction,0.0020998950052497373,TwinAudit (ours),SCMSR (NTIRE 2025) + TwinAudit gaze (ours),NATURAL VIDEO WITH SIMULATED SENSING
REDS_train,clean,256,448,4,64,bicubic,neural_native,PEM_R9_TwinAudit,SCMSR2025_memory_R9,psnr_db,20,20,-1.5095623307270623,-1.747435738417091,-1.252354837314105,26.262175261831022,27.77173759255809,4.999750012499375e-05,True,difference_dB,0.0022498875056247186,TwinAudit (ours),SCMSR (NTIRE 2025) + TwinAudit gaze (ours),NATURAL VIDEO WITH SIMULATED SENSING
REDS_train,clean,256,448,4,64,bicubic,neural_native,PEM_R9_TwinAudit,SCMSR2025_patch,mse,20,20,-30.430234362678952,-37.46022211618746,-23.542063933358385,0.0026864487660133735,0.0020596825415059353,4.999750012499375e-05,True,percent_reduction,0.0022498875056247186,TwinAudit (ours),SCMSR (NTIRE 2025) + patch,NATURAL VIDEO WITH SIMULATED SENSING
REDS_train,clean,256,448,4,64,bicubic,neural_native,PEM_R9_TwinAudit,SCMSR2025_patch,ssim,20,20,5.785250712889011,4.598084838483416,6.845498882837582,0.7585406506137651,0.8051187912225723,4.999750012499375e-05,False,percent_reduction,0.0022498875056247186,TwinAudit (ours),SCMSR (NTIRE 2025) + patch,NATURAL VIDEO WITH SIMULATED SENSING
REDS_train,clean,256,448,4,64,bicubic,neural_native,PEM_R9_TwinAudit,SCMSR2025_patch,augmented_pqv,20,20,81.18502560492398,75.54027936760885,87.12403698906522,6.341565688477939e-10,3.370488609401223e-09,4.999750012499375e-05,True,percent_reduction,0.0022498875056247186,TwinAudit (ours),SCMSR (NTIRE 2025) + patch,NATURAL VIDEO WITH SIMULATED SENSING
REDS_train,clean,256,448,4,64,bicubic,neural_native,PEM_R9_TwinAudit,SCMSR2025_patch,augmented_squared_error,20,20,88.0084416593541,64.53096273680097,96.20440762473524,3.5126078704356363e-10,2.92923385822967e-09,0.004349782510874456,True,percent_reduction,0.07829608519574022,TwinAudit (ours),SCMSR (NTIRE 2025) + patch,NATURAL VIDEO WITH SIMULATED SENSING
REDS_train,clean,256,448,4,64,bicubic,neural_native,PEM_R9_TwinAudit,SCMSR2025_patch,cs_final_width,20,20,64.80374381527938,60.87670684334111,68.27152913887628,0.007986868081940069,0.022692379666810474,4.999750012499375e-05,True,percent_reduction,0.0022498875056247186,TwinAudit (ours),SCMSR (NTIRE 2025) + patch,NATURAL VIDEO WITH SIMULATED SENSING
REDS_train,clean,256,448,4,64,bicubic,neural_native,PEM_R9_TwinAudit,SCMSR2025_patch,online_total_ms_mean,20,20,47.305996389804875,46.628853843232115,47.954231573431784,354.52197484917997,672.7937726496602,4.999750012499375e-05,True,percent_reduction,0.0020998950052497373,TwinAudit (ours),SCMSR (NTIRE 2025) + patch,NATURAL VIDEO WITH SIMULATED SENSING
REDS_train,clean,256,448,4,64,bicubic,neural_native,PEM_R9_TwinAudit,SCMSR2025_patch,psnr_db,20,20,-1.1923550269802061,-1.4287869046676596,-0.9347884566609505,26.262175261831022,27.454530288811235,4.999750012499375e-05,True,difference_dB,0.0022498875056247186,TwinAudit (ours),SCMSR (NTIRE 2025) + patch,NATURAL VIDEO WITH SIMULATED SENSING
REDS_train,clean,256,448,4,64,bicubic,neural_native,PEM_R9_TwinAudit,SPANF2025_memory,mse,20,20,-31.30533766434769,-37.57838943867831,-25.115143243182274,0.0026864487660133735,0.0020459554910712543,4.999750012499375e-05,True,percent_reduction,0.0022498875056247186,TwinAudit (ours),SPAN-F (NTIRE 2025) + patch + memory,NATURAL VIDEO WITH SIMULATED SENSING
REDS_train,clean,256,448,4,64,bicubic,neural_native,PEM_R9_TwinAudit,SPANF2025_memory,ssim,20,20,6.241987048941356,5.212644225794208,7.246402637537605,0.7585406506137651,0.8090408774018287,4.999750012499375e-05,False,percent_reduction,0.0022498875056247186,TwinAudit (ours),SPAN-F (NTIRE 2025) + patch + memory,NATURAL VIDEO WITH SIMULATED SENSING
REDS_train,clean,256,448,4,64,bicubic,neural_native,PEM_R9_TwinAudit,SPANF2025_memory,augmented_pqv,20,20,80.4477503385176,75.2969079595179,86.47738151306314,6.341565688477939e-10,3.2433943910662666e-09,4.999750012499375e-05,True,percent_reduction,0.0022498875056247186,TwinAudit (ours),SPAN-F (NTIRE 2025) + patch + memory,NATURAL VIDEO WITH SIMULATED SENSING
REDS_train,clean,256,448,4,64,bicubic,neural_native,PEM_R9_TwinAudit,SPANF2025_memory,augmented_squared_error,20,20,87.80741767558534,68.06505305653666,95.89138314234793,3.5126078704356363e-10,2.8809384074462423e-09,0.004049797510124494,True,percent_reduction,0.078125,TwinAudit (ours),SPAN-F (NTIRE 2025) + patch + memory,NATURAL VIDEO WITH SIMULATED SENSING
REDS_train,clean,256,448,4,64,bicubic,neural_native,PEM_R9_TwinAudit,SPANF2025_memory,write_pqv,20,20,78.60346980243457,52.20940147630732,89.15875249742258,7.332218723500885e-11,3.426826058149919e-10,4.999750012499375e-05,True,percent_reduction,0.00119994000299985,TwinAudit (ours),SPAN-F (NTIRE 2025) + patch + memory,NATURAL VIDEO WITH SIMULATED SENSING
REDS_train,clean,256,448,4,64,bicubic,neural_native,PEM_R9_TwinAudit,SPANF2025_memory,write_squared_error,20,20,79.53136292772977,23.69813642339895,92.55366497622536,5.8084663929891337e-11,2.837739695359649e-10,0.07909604519774012,True,percent_reduction,1.0,TwinAudit (ours),SPAN-F (NTIRE 2025) + patch + memory,NATURAL VIDEO WITH SIMULATED SENSING
REDS_train,clean,256,448,4,64,bicubic,neural_native,PEM_R9_TwinAudit,SPANF2025_memory,cs_final_width,20,20,67.29914214016016,64.06433494318695,70.19221340251904,0.007986868081940069,0.024424032287387785,9.99950002499875e-05,True,percent_reduction,0.0022498875056247186,TwinAudit (ours),SPAN-F (NTIRE 2025) + patch + memory,NATURAL VIDEO WITH SIMULATED SENSING
REDS_train,clean,256,448,4,64,bicubic,neural_native,PEM_R9_TwinAudit,SPANF2025_memory,write_cs_final_width,20,20,38.70554277414753,33.83660363003239,43.55894373888115,0.00733695099373066,0.011970007282544494,4.999750012499375e-05,True,percent_reduction,0.00119994000299985,TwinAudit (ours),SPAN-F (NTIRE 2025) + patch + memory,NATURAL VIDEO WITH SIMULATED SENSING
REDS_train,clean,256,448,4,64,bicubic,neural_native,PEM_R9_TwinAudit,SPANF2025_memory,online_total_ms_mean,20,20,8.389027226844503,6.4886204186181615,10.185898535213772,354.52197484917997,386.98636649895343,4.999750012499375e-05,True,percent_reduction,0.0020998950052497373,TwinAudit (ours),SPAN-F (NTIRE 2025) + patch + memory,NATURAL VIDEO WITH SIMULATED SENSING
REDS_train,clean,256,448,4,64,bicubic,neural_native,PEM_R9_TwinAudit,SPANF2025_memory,psnr_db,20,20,-1.2270318365889552,-1.437967318863464,-1.0007042420904693,26.262175261831022,27.48920709841998,4.999750012499375e-05,True,difference_dB,0.0022498875056247186,TwinAudit (ours),SPAN-F (NTIRE 2025) + patch + memory,NATURAL VIDEO WITH SIMULATED SENSING
REDS_train,clean,256,448,4,64,bicubic,neural_native,PEM_R9_TwinAudit,SPANF2025_memory_R9,mse,20,20,-35.16216837680011,-41.88369961095966,-28.428531532727455,0.0026864487660133735,0.001987574480548574,4.999750012499375e-05,True,percent_reduction,0.0022498875056247186,TwinAudit (ours),SPAN-F (NTIRE 2025) + TwinAudit gaze (ours),NATURAL VIDEO WITH SIMULATED SENSING
REDS_train,clean,256,448,4,64,bicubic,neural_native,PEM_R9_TwinAudit,SPANF2025_memory_R9,ssim,20,20,6.288834959205392,5.2780570383958345,7.233789905346208,0.7585406506137651,0.8094453316032887,4.999750012499375e-05,False,percent_reduction,0.0022498875056247186,TwinAudit (ours),SPAN-F (NTIRE 2025) + TwinAudit gaze (ours),NATURAL VIDEO WITH SIMULATED SENSING
REDS_train,clean,256,448,4,64,bicubic,neural_native,PEM_R9_TwinAudit,SPANF2025_memory_R9,augmented_pqv,20,20,82.03281962484358,75.57960472965468,87.77779097278732,6.341565688477939e-10,3.5295274806983905e-09,4.999750012499375e-05,True,percent_reduction,0.0022498875056247186,TwinAudit (ours),SPAN-F (NTIRE 2025) + TwinAudit gaze (ours),NATURAL VIDEO WITH SIMULATED SENSING
REDS_train,clean,256,448,4,64,bicubic,neural_native,PEM_R9_TwinAudit,SPANF2025_memory_R9,augmented_squared_error,20,20,92.24431316811032,82.3221835649895,96.7133943920898,3.5126078704356363e-10,4.529073886780169e-09,0.0006499675016249188,True,percent_reduction,0.016899155042247888,TwinAudit (ours),SPAN-F (NTIRE 2025) + TwinAudit gaze (ours),NATURAL VIDEO WITH SIMULATED SENSING
REDS_train,clean,256,448,4,64,bicubic,neural_native,PEM_R9_TwinAudit,SPANF2025_memory_R9,write_pqv,20,20,91.20679834321676,76.25999918328559,95.79372391012204,7.332218723500885e-11,8.338508554326932e-10,4.999750012499375e-05,True,percent_reduction,0.00119994000299985,TwinAudit (ours),SPAN-F (NTIRE 2025) + TwinAudit gaze (ours),NATURAL VIDEO WITH SIMULATED SENSING
REDS_train,clean,256,448,4,64,bicubic,neural_native,PEM_R9_TwinAudit,SPANF2025_memory_R9,write_squared_error,20,20,83.95760278077384,48.31899612069381,94.79753357126566,5.8084663929891337e-11,3.620697277105149e-10,0.021098945052747363,True,percent_reduction,0.37978101094945255,TwinAudit (ours),SPAN-F (NTIRE 2025) + TwinAudit gaze (ours),NATURAL VIDEO WITH SIMULATED SENSING
REDS_train,clean,256,448,4,64,bicubic,neural_native,PEM_R9_TwinAudit,SPANF2025_memory_R9,cs_final_width,20,20,70.73645613167903,68.14451264576557,73.15925770521828,0.007986868081940069,0.02729289425053606,4.999750012499375e-05,True,percent_reduction,0.0022498875056247186,TwinAudit (ours),SPAN-F (NTIRE 2025) + TwinAudit gaze (ours),NATURAL VIDEO WITH SIMULATED SENSING
REDS_train,clean,256,448,4,64,bicubic,neural_native,PEM_R9_TwinAudit,SPANF2025_memory_R9,write_cs_final_width,20,20,51.12953946985601,47.02800523721512,55.12077674907097,0.00733695099373066,0.015013058837874313,4.999750012499375e-05,True,percent_reduction,0.00119994000299985,TwinAudit (ours),SPAN-F (NTIRE 2025) + TwinAudit gaze (ours),NATURAL VIDEO WITH SIMULATED SENSING
REDS_train,clean,256,448,4,64,bicubic,neural_native,PEM_R9_TwinAudit,SPANF2025_memory_R9,online_total_ms_mean,20,20,7.816180675752237,5.640128436411147,9.849048200315945,354.52197484917997,384.5815647995478,4.999750012499375e-05,True,percent_reduction,0.0020998950052497373,TwinAudit (ours),SPAN-F (NTIRE 2025) + TwinAudit gaze (ours),NATURAL VIDEO WITH SIMULATED SENSING
REDS_train,clean,256,448,4,64,bicubic,neural_native,PEM_R9_TwinAudit,SPANF2025_memory_R9,psnr_db,20,20,-1.3769730198859778,-1.5942129538152283,-1.1419596180273455,26.262175261831022,27.639148281717002,4.999750012499375e-05,True,difference_dB,0.0022498875056247186,TwinAudit (ours),SPAN-F (NTIRE 2025) + TwinAudit gaze (ours),NATURAL VIDEO WITH SIMULATED SENSING
REDS_train,clean,256,448,4,64,bicubic,neural_native,PEM_R9_TwinAudit,SPANF2025_patch,mse,20,20,-26.140341563852274,-32.474678465104425,-19.648923114094565,0.0026864487660133735,0.0021297300551968877,4.999750012499375e-05,True,percent_reduction,0.0022498875056247186,TwinAudit (ours),SPAN-F (NTIRE 2025) + patch,NATURAL VIDEO WITH SIMULATED SENSING
REDS_train,clean,256,448,4,64,bicubic,neural_native,PEM_R9_TwinAudit,SPANF2025_patch,ssim,20,20,5.290519080032174,4.193415003830862,6.3483125232347515,0.7585406506137651,0.8009131115972996,4.999750012499375e-05,False,percent_reduction,0.0022498875056247186,TwinAudit (ours),SPAN-F (NTIRE 2025) + patch,NATURAL VIDEO WITH SIMULATED SENSING
REDS_train,clean,256,448,4,64,bicubic,neural_native,PEM_R9_TwinAudit,SPANF2025_patch,augmented_pqv,20,20,75.70118034806686,67.91745350705499,83.58934894083065,6.341565688477939e-10,2.609824583793485e-09,4.999750012499375e-05,True,percent_reduction,0.0022498875056247186,TwinAudit (ours),SPAN-F (NTIRE 2025) + patch,NATURAL VIDEO WITH SIMULATED SENSING
REDS_train,clean,256,448,4,64,bicubic,neural_native,PEM_R9_TwinAudit,SPANF2025_patch,augmented_squared_error,20,20,85.77318221995989,48.934045094950044,95.83050921538711,3.5126078704356363e-10,2.469004611392255e-09,0.019899005049747513,True,percent_reduction,0.21484375,TwinAudit (ours),SPAN-F (NTIRE 2025) + patch,NATURAL VIDEO WITH SIMULATED SENSING
REDS_train,clean,256,448,4,64,bicubic,neural_native,PEM_R9_TwinAudit,SPANF2025_patch,cs_final_width,20,20,63.51398288047191,59.118270974364904,67.26731784309605,0.007986868081940069,0.021890216341715542,4.999750012499375e-05,True,percent_reduction,0.0022498875056247186,TwinAudit (ours),SPAN-F (NTIRE 2025) + patch,NATURAL VIDEO WITH SIMULATED SENSING
REDS_train,clean,256,448,4,64,bicubic,neural_native,PEM_R9_TwinAudit,SPANF2025_patch,online_total_ms_mean,20,20,-31.004576498263383,-33.44703959925488,-28.737360164497304,354.52197484917997,270.61800764943473,4.999750012499375e-05,True,percent_reduction,0.0020998950052497373,TwinAudit (ours),SPAN-F (NTIRE 2025) + patch,NATURAL VIDEO WITH SIMULATED SENSING
REDS_train,clean,256,448,4,64,bicubic,neural_native,PEM_R9_TwinAudit,SPANF2025_patch,psnr_db,20,20,-1.0464754614093377,-1.2684645491664621,-0.810375309118331,26.262175261831022,27.308650723240362,4.999750012499375e-05,True,difference_dB,0.0022498875056247186,TwinAudit (ours),SPAN-F (NTIRE 2025) + patch,NATURAL VIDEO WITH SIMULATED SENSING
REDS_train,nominal,256,448,4,64,area,neural_sensor,PEM_R9_TwinAudit,BasicVSRpp2022_causal_memory,mse,20,20,43.599001679291916,35.30117010062876,50.584749050390094,0.0027966285783371523,0.004958473540547858,4.999750012499375e-05,True,percent_reduction,0.0022498875056247186,TwinAudit (ours),BasicVSR++ causal (CVPR 2022) + patch + memory,NATURAL VIDEO WITH SIMULATED SENSING
REDS_train,nominal,256,448,4,64,area,neural_sensor,PEM_R9_TwinAudit,BasicVSRpp2022_causal_memory,ssim,20,20,-3.4355575848690645,-6.126172300547499,-1.1205298820290175,0.7555868242177862,0.7304904056787491,0.0103994800259987,False,percent_reduction,0.1663916804159792,TwinAudit (ours),BasicVSR++ causal (CVPR 2022) + patch + memory,NATURAL VIDEO WITH SIMULATED SENSING
REDS_train,nominal,256,448,4,64,area,neural_sensor,PEM_R9_TwinAudit,BasicVSRpp2022_causal_memory,augmented_pqv,20,20,99.42844004028828,98.98619098792004,99.68146505552417,5.904972714464273e-10,1.0331326773559473e-07,4.999750012499375e-05,True,percent_reduction,0.0022498875056247186,TwinAudit (ours),BasicVSR++ causal (CVPR 2022) + patch + memory,NATURAL VIDEO WITH SIMULATED SENSING
REDS_train,nominal,256,448,4,64,area,neural_sensor,PEM_R9_TwinAudit,BasicVSRpp2022_causal_memory,augmented_squared_error,20,20,99.71120638740524,99.33348733755079,99.86278249851863,4.352812496841161e-10,1.5072398789335858e-07,4.999750012499375e-05,True,percent_reduction,0.0022498875056247186,TwinAudit (ours),BasicVSR++ causal (CVPR 2022) + patch + memory,NATURAL VIDEO WITH SIMULATED SENSING
REDS_train,nominal,256,448,4,64,area,neural_sensor,PEM_R9_TwinAudit,BasicVSRpp2022_causal_memory,write_pqv,20,20,93.92486923777484,88.42121783145942,96.70166432431888,7.676309049993549e-11,1.263562769335672e-09,4.999750012499375e-05,True,percent_reduction,0.00119994000299985,TwinAudit (ours),BasicVSR++ causal (CVPR 2022) + patch + memory,NATURAL VIDEO WITH SIMULATED SENSING
REDS_train,nominal,256,448,4,64,area,neural_sensor,PEM_R9_TwinAudit,BasicVSRpp2022_causal_memory,write_squared_error,20,20,98.99118809957181,90.50735954476559,99.71095705321476,4.907993669851045e-11,4.8651226931084674e-09,4.999750012499375e-05,True,percent_reduction,0.00119994000299985,TwinAudit (ours),BasicVSR++ causal (CVPR 2022) + patch + memory,NATURAL VIDEO WITH SIMULATED SENSING
REDS_train,nominal,256,448,4,64,area,neural_sensor,PEM_R9_TwinAudit,BasicVSRpp2022_causal_memory,cs_final_width,20,20,89.07005982192398,88.03868073447752,89.95040430718576,0.007826107724379455,0.07160247537381371,4.999750012499375e-05,True,percent_reduction,0.0022498875056247186,TwinAudit (ours),BasicVSR++ causal (CVPR 2022) + patch + memory,NATURAL VIDEO WITH SIMULATED SENSING
REDS_train,nominal,256,448,4,64,area,neural_sensor,PEM_R9_TwinAudit,BasicVSRpp2022_causal_memory,write_cs_final_width,20,20,64.15050181951727,60.624648706537066,67.09620724278047,0.007298366360964946,0.020358350134279814,4.999750012499375e-05,True,percent_reduction,0.00119994000299985,TwinAudit (ours),BasicVSR++ causal (CVPR 2022) + patch + memory,NATURAL VIDEO WITH SIMULATED SENSING
REDS_train,nominal,256,448,4,64,area,neural_sensor,PEM_R9_TwinAudit,BasicVSRpp2022_causal_memory,online_total_ms_mean,20,20,97.71151107253037,97.65184968285106,97.77191532311161,342.10010225049336,14948.733120100806,4.999750012499375e-05,True,percent_reduction,0.0021498925053747312,TwinAudit (ours),BasicVSR++ causal (CVPR 2022) + patch + memory,NATURAL VIDEO WITH SIMULATED SENSING
REDS_train,nominal,256,448,4,64,area,neural_sensor,PEM_R9_TwinAudit,BasicVSRpp2022_causal_memory,psnr_db,20,20,2.327297590153477,1.8590886939979023,2.8486153073108946,26.069579286926597,23.742281696773116,4.999750012499375e-05,True,difference_dB,0.0022498875056247186,TwinAudit (ours),BasicVSR++ causal (CVPR 2022) + patch + memory,NATURAL VIDEO WITH SIMULATED SENSING
REDS_train,nominal,256,448,4,64,area,neural_sensor,PEM_R9_TwinAudit,BasicVSRpp2022_causal_memory_R9,mse,20,20,40.15137385176667,31.794366213075886,47.475643922972296,0.0027966285783371523,0.004672836718775216,4.999750012499375e-05,True,percent_reduction,0.0022498875056247186,TwinAudit (ours),BasicVSR++ causal (CVPR 2022) + TwinAudit gaze (ours),NATURAL VIDEO WITH SIMULATED SENSING
REDS_train,nominal,256,448,4,64,area,neural_sensor,PEM_R9_TwinAudit,BasicVSRpp2022_causal_memory_R9,ssim,20,20,-2.82631371727442,-5.520705449578125,-0.5394998520538387,0.7555868242177862,0.7348185468316079,0.033798310084495777,False,percent_reduction,0.37178141092945355,TwinAudit (ours),BasicVSR++ causal (CVPR 2022) + TwinAudit gaze (ours),NATURAL VIDEO WITH SIMULATED SENSING
REDS_train,nominal,256,448,4,64,area,neural_sensor,PEM_R9_TwinAudit,BasicVSRpp2022_causal_memory_R9,augmented_pqv,20,20,99.62610392159564,99.41336779301125,99.76318821957045,5.904972714464273e-10,1.5793085446802148e-07,4.999750012499375e-05,True,percent_reduction,0.0022498875056247186,TwinAudit (ours),BasicVSR++ causal (CVPR 2022) + TwinAudit gaze (ours),NATURAL VIDEO WITH SIMULATED SENSING
REDS_train,nominal,256,448,4,64,area,neural_sensor,PEM_R9_TwinAudit,BasicVSRpp2022_causal_memory_R9,augmented_squared_error,20,20,99.69284821864167,99.23008812017783,99.86269425419316,4.352812496841161e-10,1.4171535901864304e-07,4.999750012499375e-05,True,percent_reduction,0.0022498875056247186,TwinAudit (ours),BasicVSR++ causal (CVPR 2022) + TwinAudit gaze (ours),NATURAL VIDEO WITH SIMULATED SENSING
REDS_train,nominal,256,448,4,64,area,neural_sensor,PEM_R9_TwinAudit,BasicVSRpp2022_causal_memory_R9,write_pqv,20,20,97.01416778267277,94.81783783676136,98.23720505891043,7.676309049993549e-11,2.570911053021266e-09,4.999750012499375e-05,True,percent_reduction,0.00119994000299985,TwinAudit (ours),BasicVSR++ causal (CVPR 2022) + TwinAudit gaze (ours),NATURAL VIDEO WITH SIMULATED SENSING
REDS_train,nominal,256,448,4,64,area,neural_sensor,PEM_R9_TwinAudit,BasicVSRpp2022_causal_memory_R9,write_squared_error,20,20,95.91174946289573,89.070978640213,98.52269234804326,4.907993669851045e-11,1.200511961120514e-09,0.00014999250037498125,True,percent_reduction,0.001799910004499775,TwinAudit (ours),BasicVSR++ causal (CVPR 2022) + TwinAudit gaze (ours),NATURAL VIDEO WITH SIMULATED SENSING
REDS_train,nominal,256,448,4,64,area,neural_sensor,PEM_R9_TwinAudit,BasicVSRpp2022_causal_memory_R9,cs_final_width,20,20,89.29600648882796,88.20769888293897,90.13358376895341,0.007826107724379455,0.07311390572323435,4.999750012499375e-05,True,percent_reduction,0.0022498875056247186,TwinAudit (ours),BasicVSR++ causal (CVPR 2022) + TwinAudit gaze (ours),NATURAL VIDEO WITH SIMULATED SENSING
REDS_train,nominal,256,448,4,64,area,neural_sensor,PEM_R9_TwinAudit,BasicVSRpp2022_causal_memory_R9,write_cs_final_width,20,20,80.98860353383681,78.22434289793347,83.18974487119182,0.007298366360964946,0.03838942801468954,4.999750012499375e-05,True,percent_reduction,0.00119994000299985,TwinAudit (ours),BasicVSR++ causal (CVPR 2022) + TwinAudit gaze (ours),NATURAL VIDEO WITH SIMULATED SENSING
REDS_train,nominal,256,448,4,64,area,neural_sensor,PEM_R9_TwinAudit,BasicVSRpp2022_causal_memory_R9,online_total_ms_mean,20,20,97.71161062390664,97.64848308885058,97.77336567241075,342.10010225049336,14949.383432050003,4.999750012499375e-05,True,percent_reduction,0.0021498925053747312,TwinAudit (ours),BasicVSR++ causal (CVPR 2022) + TwinAudit gaze (ours),NATURAL VIDEO WITH SIMULATED SENSING
REDS_train,nominal,256,448,4,64,area,neural_sensor,PEM_R9_TwinAudit,BasicVSRpp2022_causal_memory_R9,psnr_db,20,20,2.061981912437657,1.5996997932208301,2.5528809108745745,26.069579286926597,24.007597374488935,4.999750012499375e-05,True,difference_dB,0.0022498875056247186,TwinAudit (ours),BasicVSR++ causal (CVPR 2022) + TwinAudit gaze (ours),NATURAL VIDEO WITH SIMULATED SENSING
REDS_train,nominal,256,448,4,64,area,neural_sensor,PEM_R9_TwinAudit,BasicVSRpp2022_causal_patch,mse,20,20,46.19380108353673,37.75481550784492,53.396292409148224,0.0027966285783371523,0.005197595508798258,4.999750012499375e-05,True,percent_reduction,0.0022498875056247186,TwinAudit (ours),BasicVSR++ causal (CVPR 2022) + patch,NATURAL VIDEO WITH SIMULATED SENSING
REDS_train,nominal,256,448,4,64,area,neural_sensor,PEM_R9_TwinAudit,BasicVSRpp2022_causal_patch,ssim,20,20,-3.648731144545292,-6.590094223321995,-1.172111689555349,0.7555868242177862,0.7289880115985871,0.011449427528623568,False,percent_reduction,0.17174141292935352,TwinAudit (ours),BasicVSR++ causal (CVPR 2022) + patch,NATURAL VIDEO WITH SIMULATED SENSING
REDS_train,nominal,256,448,4,64,area,neural_sensor,PEM_R9_TwinAudit,BasicVSRpp2022_causal_patch,augmented_pqv,20,20,99.48818385682253,99.09546629877391,99.71103439313808,5.904972714464273e-10,1.1537292821216754e-07,4.999750012499375e-05,True,percent_reduction,0.0022498875056247186,TwinAudit (ours),BasicVSR++ causal (CVPR 2022) + patch,NATURAL VIDEO WITH SIMULATED SENSING
REDS_train,nominal,256,448,4,64,area,neural_sensor,PEM_R9_TwinAudit,BasicVSRpp2022_causal_patch,augmented_squared_error,20,20,99.66059199721523,99.26741260786707,99.84604608681175,4.352812496841161e-10,1.2824719691720134e-07,4.999750012499375e-05,True,percent_reduction,0.0022498875056247186,TwinAudit (ours),BasicVSR++ causal (CVPR 2022) + patch,NATURAL VIDEO WITH SIMULATED SENSING
REDS_train,nominal,256,448,4,64,area,neural_sensor,PEM_R9_TwinAudit,BasicVSRpp2022_causal_patch,cs_final_width,20,20,89.32888362283371,88.35149062567577,90.14036916634409,0.007826107724379455,0.07333916572333059,4.999750012499375e-05,True,percent_reduction,0.0022498875056247186,TwinAudit (ours),BasicVSR++ causal (CVPR 2022) + patch,NATURAL VIDEO WITH SIMULATED SENSING
REDS_train,nominal,256,448,4,64,area,neural_sensor,PEM_R9_TwinAudit,BasicVSRpp2022_causal_patch,online_total_ms_mean,20,20,97.69420265457339,97.63261971822467,97.75709229243773,342.10010225049336,14836.520777900325,4.999750012499375e-05,True,percent_reduction,0.0021498925053747312,TwinAudit (ours),BasicVSR++ causal (CVPR 2022) + patch,NATURAL VIDEO WITH SIMULATED SENSING
REDS_train,nominal,256,448,4,64,area,neural_sensor,PEM_R9_TwinAudit,BasicVSRpp2022_causal_patch,psnr_db,20,20,2.510787574612588,2.0016575251048665,3.0582911349350614,26.069579286926597,23.558791712314004,4.999750012499375e-05,True,difference_dB,0.0022498875056247186,TwinAudit (ours),BasicVSR++ causal (CVPR 2022) + patch,NATURAL VIDEO WITH SIMULATED SENSING
REDS_train,nominal,256,448,4,64,area,neural_sensor,PEM_R9_TwinAudit,BasicVSRpp2022_offline_patch,mse,20,20,67.60266001029085,60.639670233227335,72.62942655135998,0.0027966285783371523,0.008632278388366103,4.999750012499375e-05,True,percent_reduction,0.0022498875056247186,TwinAudit (ours),"BasicVSR++ offline, non-causal (CVPR 2022) + patch",NATURAL VIDEO WITH SIMULATED SENSING
REDS_train,nominal,256,448,4,64,area,neural_sensor,PEM_R9_TwinAudit,BasicVSRpp2022_offline_patch,ssim,20,20,-12.848709888352804,-18.443730460871734,-8.033220029845499,0.7555868242177862,0.6695573436021806,4.999750012499375e-05,False,percent_reduction,0.0022498875056247186,TwinAudit (ours),"BasicVSR++ offline, non-causal (CVPR 2022) + patch",NATURAL VIDEO WITH SIMULATED SENSING
REDS_train,nominal,256,448,4,64,area,neural_sensor,PEM_R9_TwinAudit,BasicVSRpp2022_offline_patch,augmented_pqv,20,20,99.8324940024502,99.71067327287969,99.89890707222894,5.904972714464273e-10,3.5252306191058204e-07,4.999750012499375e-05,True,percent_reduction,0.0022498875056247186,TwinAudit (ours),"BasicVSR++ offline, non-causal (CVPR 2022) + patch",NATURAL VIDEO WITH SIMULATED SENSING
REDS_train,nominal,256,448,4,64,area,neural_sensor,PEM_R9_TwinAudit,BasicVSRpp2022_offline_patch,augmented_squared_error,20,20,99.88740339844804,99.7090027553487,99.9554539872932,4.352812496841161e-10,3.865847136454311e-07,4.999750012499375e-05,True,percent_reduction,0.0022498875056247186,TwinAudit (ours),"BasicVSR++ offline, non-causal (CVPR 2022) + patch",NATURAL VIDEO WITH SIMULATED SENSING
REDS_train,nominal,256,448,4,64,area,neural_sensor,PEM_R9_TwinAudit,BasicVSRpp2022_offline_patch,cs_final_width,20,20,92.0623123668883,91.47953439080025,92.55093947170003,0.007826107724379455,0.0985943020954013,4.999750012499375e-05,True,percent_reduction,0.0022498875056247186,TwinAudit (ours),"BasicVSR++ offline, non-causal (CVPR 2022) + patch",NATURAL VIDEO WITH SIMULATED SENSING
REDS_train,nominal,256,448,4,64,area,neural_sensor,PEM_R9_TwinAudit,BasicVSRpp2022_offline_patch,online_total_ms_mean,20,20,86.3833338597523,86.15579996859121,86.6087486086482,342.10010225049336,2512.363149150915,4.999750012499375e-05,True,percent_reduction,0.0021498925053747312,TwinAudit (ours),"BasicVSR++ offline, non-causal (CVPR 2022) + patch",NATURAL VIDEO WITH SIMULATED SENSING
REDS_train,nominal,256,448,4,64,area,neural_sensor,PEM_R9_TwinAudit,BasicVSRpp2022_offline_patch,psnr_db,20,20,4.657563479777908,3.948633561669762,5.339788717174143,26.069579286926597,21.412015807148684,4.999750012499375e-05,True,difference_dB,0.0022498875056247186,TwinAudit (ours),"BasicVSR++ offline, non-causal (CVPR 2022) + patch",NATURAL VIDEO WITH SIMULATED SENSING
REDS_train,nominal,256,448,4,64,area,neural_sensor,PEM_R9_TwinAudit,NanoSR2025_memory,mse,20,20,-1.6384926112922527,-4.553208251540242,1.3753260553560933,0.0027966285783371523,0.002751544721380924,0.30068496575171244,True,percent_reduction,1.0,TwinAudit (ours),NanoSR (NTIRE 2025) + patch + memory,NATURAL VIDEO WITH SIMULATED SENSING
REDS_train,nominal,256,448,4,64,area,neural_sensor,PEM_R9_TwinAudit,NanoSR2025_memory,ssim,20,20,3.0642888042031413,2.182102541971982,3.8785587989549075,0.7555868242177862,0.7794721005260944,4.999750012499375e-05,False,percent_reduction,0.0022498875056247186,TwinAudit (ours),NanoSR (NTIRE 2025) + patch + memory,NATURAL VIDEO WITH SIMULATED SENSING
REDS_train,nominal,256,448,4,64,area,neural_sensor,PEM_R9_TwinAudit,NanoSR2025_memory,augmented_pqv,20,20,90.0277523279415,85.41116205492054,93.5665380704619,5.904972714464273e-10,5.921405994567873e-09,4.999750012499375e-05,True,percent_reduction,0.0022498875056247186,TwinAudit (ours),NanoSR (NTIRE 2025) + patch + memory,NATURAL VIDEO WITH SIMULATED SENSING
REDS_train,nominal,256,448,4,64,area,neural_sensor,PEM_R9_TwinAudit,NanoSR2025_memory,augmented_squared_error,20,20,97.06608908348521,92.30083069520882,98.64268338510664,4.352812496841161e-10,1.483621221196413e-08,4.999750012499375e-05,True,percent_reduction,0.0022498875056247186,TwinAudit (ours),NanoSR (NTIRE 2025) + patch + memory,NATURAL VIDEO WITH SIMULATED SENSING
REDS_train,nominal,256,448,4,64,area,neural_sensor,PEM_R9_TwinAudit,NanoSR2025_memory,write_pqv,20,20,93.64551385710135,87.35495639234877,96.66310406304187,7.676309049993549e-11,1.2080141300759739e-09,4.999750012499375e-05,True,percent_reduction,0.00119994000299985,TwinAudit (ours),NanoSR (NTIRE 2025) + patch + memory,NATURAL VIDEO WITH SIMULATED SENSING
REDS_train,nominal,256,448,4,64,area,neural_sensor,PEM_R9_TwinAudit,NanoSR2025_memory,write_squared_error,20,20,99.13482447858516,80.86900710477207,99.77387322320267,4.907993669851045e-11,5.672830019306277e-09,0.000999950002499875,True,percent_reduction,0.00999950002499875,TwinAudit (ours),NanoSR (NTIRE 2025) + patch + memory,NATURAL VIDEO WITH SIMULATED SENSING
REDS_train,nominal,256,448,4,64,area,neural_sensor,PEM_R9_TwinAudit,NanoSR2025_memory,cs_final_width,20,20,74.14975024462518,71.54767279678651,76.50771991485149,0.007826107724379455,0.03027478573104401,4.999750012499375e-05,True,percent_reduction,0.0022498875056247186,TwinAudit (ours),NanoSR (NTIRE 2025) + patch + memory,NATURAL VIDEO WITH SIMULATED SENSING
REDS_train,nominal,256,448,4,64,area,neural_sensor,PEM_R9_TwinAudit,NanoSR2025_memory,write_cs_final_width,20,20,49.398074706486995,45.97227443289372,53.09034005524455,0.007298366360964946,0.014423100146153079,4.999750012499375e-05,True,percent_reduction,0.00119994000299985,TwinAudit (ours),NanoSR (NTIRE 2025) + patch + memory,NATURAL VIDEO WITH SIMULATED SENSING
REDS_train,nominal,256,448,4,64,area,neural_sensor,PEM_R9_TwinAudit,NanoSR2025_memory,online_total_ms_mean,20,20,25.885657805403206,24.8795253293208,26.858166190059283,342.10010225049336,461.58421180109144,9.99950002499875e-05,True,percent_reduction,0.0021498925053747312,TwinAudit (ours),NanoSR (NTIRE 2025) + patch + memory,NATURAL VIDEO WITH SIMULATED SENSING
REDS_train,nominal,256,448,4,64,area,neural_sensor,PEM_R9_TwinAudit,NanoSR2025_memory,psnr_db,20,20,-0.06901940955550057,-0.19294093987907743,0.05529408053157242,26.069579286926597,26.13859869648209,0.30538473076346184,True,difference_dB,1.0,TwinAudit (ours),NanoSR (NTIRE 2025) + patch + memory,NATURAL VIDEO WITH SIMULATED SENSING
REDS_train,nominal,256,448,4,64,area,neural_sensor,PEM_R9_TwinAudit,NanoSR2025_memory_R9,mse,20,20,-4.253518370262999,-7.384788748471921,-1.112582396160376,0.0027966285783371523,0.0026825268077809595,0.017249137543122843,True,percent_reduction,0.2759862006899655,TwinAudit (ours),NanoSR (NTIRE 2025) + TwinAudit gaze (ours),NATURAL VIDEO WITH SIMULATED SENSING
REDS_train,nominal,256,448,4,64,area,neural_sensor,PEM_R9_TwinAudit,NanoSR2025_memory_R9,ssim,20,20,3.2066879947899807,2.442733733499565,3.9357145596739533,0.7555868242177862,0.7806188346743583,4.999750012499375e-05,False,percent_reduction,0.0022498875056247186,TwinAudit (ours),NanoSR (NTIRE 2025) + TwinAudit gaze (ours),NATURAL VIDEO WITH SIMULATED SENSING
REDS_train,nominal,256,448,4,64,area,neural_sensor,PEM_R9_TwinAudit,NanoSR2025_memory_R9,augmented_pqv,20,20,95.00194543305409,92.45034834852287,96.89707476821341,5.904972714464273e-10,1.1814542309153986e-08,4.999750012499375e-05,True,percent_reduction,0.0022498875056247186,TwinAudit (ours),NanoSR (NTIRE 2025) + TwinAudit gaze (ours),NATURAL VIDEO WITH SIMULATED SENSING
REDS_train,nominal,256,448,4,64,area,neural_sensor,PEM_R9_TwinAudit,NanoSR2025_memory_R9,augmented_squared_error,20,20,92.91407591746872,74.30302835293213,97.3866615290936,4.352812496841161e-10,6.1429002712180045e-09,0.005499725013749313,True,percent_reduction,0.10999450027498625,TwinAudit (ours),NanoSR (NTIRE 2025) + TwinAudit gaze (ours),NATURAL VIDEO WITH SIMULATED SENSING
REDS_train,nominal,256,448,4,64,area,neural_sensor,PEM_R9_TwinAudit,NanoSR2025_memory_R9,write_pqv,20,20,96.90368554279912,94.5158081313828,98.26494689938697,7.676309049993549e-11,2.479176180617346e-09,4.999750012499375e-05,True,percent_reduction,0.00119994000299985,TwinAudit (ours),NanoSR (NTIRE 2025) + TwinAudit gaze (ours),NATURAL VIDEO WITH SIMULATED SENSING
REDS_train,nominal,256,448,4,64,area,neural_sensor,PEM_R9_TwinAudit,NanoSR2025_memory_R9,write_squared_error,20,20,97.49809501431457,91.11021063886824,99.22903171072166,4.907993669851045e-11,1.96170266174455e-09,4.999750012499375e-05,True,percent_reduction,0.00119994000299985,TwinAudit (ours),NanoSR (NTIRE 2025) + TwinAudit gaze (ours),NATURAL VIDEO WITH SIMULATED SENSING
REDS_train,nominal,256,448,4,64,area,neural_sensor,PEM_R9_TwinAudit,NanoSR2025_memory_R9,cs_final_width,20,20,76.54572002032961,74.32041872911614,78.43887861878618,0.007826107724379455,0.03336750363329396,4.999750012499375e-05,True,percent_reduction,0.0022498875056247186,TwinAudit (ours),NanoSR (NTIRE 2025) + TwinAudit gaze (ours),NATURAL VIDEO WITH SIMULATED SENSING
REDS_train,nominal,256,448,4,64,area,neural_sensor,PEM_R9_TwinAudit,NanoSR2025_memory_R9,write_cs_final_width,20,20,64.08839507816566,61.35807688089452,66.787584840551,0.007298366360964946,0.020323141716586224,4.999750012499375e-05,True,percent_reduction,0.00119994000299985,TwinAudit (ours),NanoSR (NTIRE 2025) + TwinAudit gaze (ours),NATURAL VIDEO WITH SIMULATED SENSING
REDS_train,nominal,256,448,4,64,area,neural_sensor,PEM_R9_TwinAudit,NanoSR2025_memory_R9,online_total_ms_mean,20,20,25.52028478320192,24.292388334767185,26.667710619357134,342.10010225049336,459.3198312516324,4.999750012499375e-05,True,percent_reduction,0.0021498925053747312,TwinAudit (ours),NanoSR (NTIRE 2025) + TwinAudit gaze (ours),NATURAL VIDEO WITH SIMULATED SENSING
REDS_train,nominal,256,448,4,64,area,neural_sensor,PEM_R9_TwinAudit,NanoSR2025_memory_R9,psnr_db,20,20,-0.1890334674132747,-0.3089369974733639,-0.06265646696472364,26.069579286926597,26.258612754339868,0.0103994800259987,True,difference_dB,0.1663916804159792,TwinAudit (ours),NanoSR (NTIRE 2025) + TwinAudit gaze (ours),NATURAL VIDEO WITH SIMULATED SENSING
REDS_train,nominal,256,448,4,64,area,neural_sensor,PEM_R9_TwinAudit,NanoSR2025_patch,mse,20,20,-0.43845462277181113,-3.669745513437,2.9262335563422086,0.0027966285783371523,0.002784420159430738,0.8036598170091496,True,percent_reduction,1.0,TwinAudit (ours),NanoSR (NTIRE 2025) + patch,NATURAL VIDEO WITH SIMULATED SENSING
REDS_train,nominal,256,448,4,64,area,neural_sensor,PEM_R9_TwinAudit,NanoSR2025_patch,ssim,20,20,2.7119181202831966,1.8170933082127276,3.542351122413297,0.7555868242177862,0.776648906648159,4.999750012499375e-05,False,percent_reduction,0.0022498875056247186,TwinAudit (ours),NanoSR (NTIRE 2025) + patch,NATURAL VIDEO WITH SIMULATED SENSING
REDS_train,nominal,256,448,4,64,area,neural_sensor,PEM_R9_TwinAudit,NanoSR2025_patch,augmented_pqv,20,20,89.29500802611197,84.23537631697953,93.25408151555645,5.904972714464273e-10,5.516092612556718e-09,4.999750012499375e-05,True,percent_reduction,0.0022498875056247186,TwinAudit (ours),NanoSR (NTIRE 2025) + patch,NATURAL VIDEO WITH SIMULATED SENSING
REDS_train,nominal,256,448,4,64,area,neural_sensor,PEM_R9_TwinAudit,NanoSR2025_patch,augmented_squared_error,20,20,94.4974268183135,85.53032439106661,97.45709680080172,4.352812496841161e-10,7.910503600984462e-09,0.0006499675016249188,True,percent_reduction,0.015599220038998052,TwinAudit (ours),NanoSR (NTIRE 2025) + patch,NATURAL VIDEO WITH SIMULATED SENSING
REDS_train,nominal,256,448,4,64,area,neural_sensor,PEM_R9_TwinAudit,NanoSR2025_patch,cs_final_width,20,20,72.88445110289429,70.00426754187212,75.37328044554899,0.007826107724379455,0.028862066388834217,4.999750012499375e-05,True,percent_reduction,0.0022498875056247186,TwinAudit (ours),NanoSR (NTIRE 2025) + patch,NATURAL VIDEO WITH SIMULATED SENSING
REDS_train,nominal,256,448,4,64,area,neural_sensor,PEM_R9_TwinAudit,NanoSR2025_patch,online_total_ms_mean,20,20,2.5908302087206847,1.8397743538166258,3.350657856825202,342.10010225049336,351.1990739511675,4.999750012499375e-05,True,percent_reduction,0.0021498925053747312,TwinAudit (ours),NanoSR (NTIRE 2025) + patch,NATURAL VIDEO WITH SIMULATED SENSING
REDS_train,nominal,256,448,4,64,area,neural_sensor,PEM_R9_TwinAudit,NanoSR2025_patch,psnr_db,20,20,-0.01775835041532865,-0.15514049679337552,0.12335675147952863,26.069579286926597,26.08733763734192,0.8155592220388981,True,difference_dB,1.0,TwinAudit (ours),NanoSR (NTIRE 2025) + patch,NATURAL VIDEO WITH SIMULATED SENSING
REDS_train,nominal,256,448,4,64,area,neural_sensor,PEM_R9_TwinAudit,PEM_R6_fixed,mse,20,20,-1.893491371708378,-2.440574054271305,-1.433372746598834,0.0027966285783371523,0.002744658702620196,4.999750012499375e-05,True,percent_reduction,0.0022498875056247186,TwinAudit (ours),"Joint gaze, fixed proxy (prior version)",NATURAL VIDEO WITH SIMULATED SENSING
REDS_train,nominal,256,448,4,64,area,neural_sensor,PEM_R9_TwinAudit,PEM_R6_fixed,ssim,20,20,0.3560381105174759,0.2557768013142975,0.4586224380594654,0.7555868242177862,0.758286613548973,4.999750012499375e-05,False,percent_reduction,0.0022498875056247186,TwinAudit (ours),"Joint gaze, fixed proxy (prior version)",NATURAL VIDEO WITH SIMULATED SENSING
REDS_train,nominal,256,448,4,64,area,neural_sensor,PEM_R9_TwinAudit,PEM_R6_fixed,augmented_pqv,20,20,76.80732612503918,74.10202416439577,78.888284825671,5.904972714464273e-10,2.5460508548086703e-09,9.99950002499875e-05,True,percent_reduction,0.0022498875056247186,TwinAudit (ours),"Joint gaze, fixed proxy (prior version)",NATURAL VIDEO WITH SIMULATED SENSING
REDS_train,nominal,256,448,4,64,area,neural_sensor,PEM_R9_TwinAudit,PEM_R6_fixed,augmented_squared_error,20,20,73.87666750150485,17.130801963947413,89.40989038462654,4.352812496841161e-10,1.666254677534694e-09,0.05879706014699265,True,percent_reduction,0.6467676616169191,TwinAudit (ours),"Joint gaze, fixed proxy (prior version)",NATURAL VIDEO WITH SIMULATED SENSING
REDS_train,nominal,256,448,4,64,area,neural_sensor,PEM_R9_TwinAudit,PEM_R6_fixed,cs_final_width,20,20,76.75212410416627,75.24934359764778,78.15446188126394,0.007826107724379455,0.033663753882056724,4.999750012499375e-05,True,percent_reduction,0.0022498875056247186,TwinAudit (ours),"Joint gaze, fixed proxy (prior version)",NATURAL VIDEO WITH SIMULATED SENSING
REDS_train,nominal,256,448,4,64,area,neural_sensor,PEM_R9_TwinAudit,PEM_R6_fixed,online_total_ms_mean,20,20,-51.489085924981914,-52.93811567214696,-49.962349902641186,342.10010225049336,225.82491679955274,4.999750012499375e-05,True,percent_reduction,0.0021498925053747312,TwinAudit (ours),"Joint gaze, fixed proxy (prior version)",NATURAL VIDEO WITH SIMULATED SENSING
REDS_train,nominal,256,448,4,64,area,neural_sensor,PEM_R9_TwinAudit,PEM_R6_fixed,psnr_db,20,20,-0.08425513603061674,-0.10334967282917147,-0.06732093225805982,26.069579286926597,26.15383442295721,4.999750012499375e-05,True,difference_dB,0.0022498875056247186,TwinAudit (ours),"Joint gaze, fixed proxy (prior version)",NATURAL VIDEO WITH SIMULATED SENSING
REDS_train,nominal,256,448,4,64,area,neural_sensor,PEM_R9_TwinAudit,PEM_uniform,mse,20,20,3.9764734086805587,3.0368769760806544,4.954993557003817,0.0027966285783371523,0.0029124410210840646,4.999750012499375e-05,True,percent_reduction,0.0022498875056247186,TwinAudit (ours),Uniform gaze,NATURAL VIDEO WITH SIMULATED SENSING
REDS_train,nominal,256,448,4,64,area,neural_sensor,PEM_R9_TwinAudit,PEM_uniform,ssim,20,20,-0.3419533168308231,-0.5369481898087658,-0.10351091544662643,0.7555868242177862,0.7530118751346333,0.00904954752262387,False,percent_reduction,0.1538423078846058,TwinAudit (ours),Uniform gaze,NATURAL VIDEO WITH SIMULATED SENSING
REDS_train,nominal,256,448,4,64,area,neural_sensor,PEM_R9_TwinAudit,PEM_uniform,augmented_pqv,20,20,-4.10656418829356,-23.68217112871215,16.356224387623325,5.904972714464273e-10,5.672046484777055e-10,0.8247587620618969,True,percent_reduction,1.0,TwinAudit (ours),Uniform gaze,NATURAL VIDEO WITH SIMULATED SENSING
REDS_train,nominal,256,448,4,64,area,neural_sensor,PEM_R9_TwinAudit,PEM_uniform,augmented_squared_error,20,20,-19.052224133362472,-187.74017555391072,48.2604258859572,4.352812496841161e-10,3.6562210647699736e-10,0.7047147642617869,True,percent_reduction,1.0,TwinAudit (ours),Uniform gaze,NATURAL VIDEO WITH SIMULATED SENSING
REDS_train,nominal,256,448,4,64,area,neural_sensor,PEM_R9_TwinAudit,PEM_uniform,cs_final_width,20,20,41.919632890561964,38.76969397025343,44.507332356584186,0.007826107724379455,0.01347461821243846,4.999750012499375e-05,True,percent_reduction,0.0022498875056247186,TwinAudit (ours),Uniform gaze,NATURAL VIDEO WITH SIMULATED SENSING
REDS_train,nominal,256,448,4,64,area,neural_sensor,PEM_R9_TwinAudit,PEM_uniform,online_total_ms_mean,20,20,-53.65810265864257,-54.903932054113085,-52.42161573677929,342.10010225049336,222.63720320072025,4.999750012499375e-05,True,percent_reduction,0.0021498925053747312,TwinAudit (ours),Uniform gaze,NATURAL VIDEO WITH SIMULATED SENSING
REDS_train,nominal,256,448,4,64,area,neural_sensor,PEM_R9_TwinAudit,PEM_uniform,psnr_db,20,20,0.1918661827459033,0.14610005751316166,0.2325670225444666,26.069579286926597,25.877713104180692,4.999750012499375e-05,True,difference_dB,0.0022498875056247186,TwinAudit (ours),Uniform gaze,NATURAL VIDEO WITH SIMULATED SENSING
REDS_train,nominal,256,448,4,64,area,neural_sensor,PEM_R9_TwinAudit,SCMSR2025_memory,mse,20,20,8.376391622663126,6.021698508749686,11.115747410915903,0.0027966285783371523,0.003052301287698356,4.999750012499375e-05,True,percent_reduction,0.0022498875056247186,TwinAudit (ours),SCMSR (NTIRE 2025) + patch + memory,NATURAL VIDEO WITH SIMULATED SENSING
REDS_train,nominal,256,448,4,64,area,neural_sensor,PEM_R9_TwinAudit,SCMSR2025_memory,ssim,20,20,2.226995371880247,1.5268355164499314,2.8920571105573853,0.7555868242177862,0.7727969771325588,4.999750012499375e-05,False,percent_reduction,0.0022498875056247186,TwinAudit (ours),SCMSR (NTIRE 2025) + patch + memory,NATURAL VIDEO WITH SIMULATED SENSING
REDS_train,nominal,256,448,4,64,area,neural_sensor,PEM_R9_TwinAudit,SCMSR2025_memory,augmented_pqv,20,20,93.02611091533122,89.02541099910464,95.80832280477101,5.904972714464273e-10,8.46725929072432e-09,4.999750012499375e-05,True,percent_reduction,0.0022498875056247186,TwinAudit (ours),SCMSR (NTIRE 2025) + patch + memory,NATURAL VIDEO WITH SIMULATED SENSING
REDS_train,nominal,256,448,4,64,area,neural_sensor,PEM_R9_TwinAudit,SCMSR2025_memory,augmented_squared_error,20,20,97.81408464700098,93.9162855342432,98.9580538555055,4.352812496841161e-10,1.9912996589136945e-08,4.999750012499375e-05,True,percent_reduction,0.0022498875056247186,TwinAudit (ours),SCMSR (NTIRE 2025) + patch + memory,NATURAL VIDEO WITH SIMULATED SENSING
REDS_train,nominal,256,448,4,64,area,neural_sensor,PEM_R9_TwinAudit,SCMSR2025_memory,write_pqv,20,20,94.45254327479905,89.5342709611098,96.9774162986004,7.676309049993549e-11,1.3837528493231286e-09,4.999750012499375e-05,True,percent_reduction,0.00119994000299985,TwinAudit (ours),SCMSR (NTIRE 2025) + patch + memory,NATURAL VIDEO WITH SIMULATED SENSING
REDS_train,nominal,256,448,4,64,area,neural_sensor,PEM_R9_TwinAudit,SCMSR2025_memory,write_squared_error,20,20,99.11196677631084,82.88386957094835,99.7721135825481,4.907993669851045e-11,5.526813117939138e-09,0.001799910004499775,True,percent_reduction,0.016199190040497975,TwinAudit (ours),SCMSR (NTIRE 2025) + patch + memory,NATURAL VIDEO WITH SIMULATED SENSING
REDS_train,nominal,256,448,4,64,area,neural_sensor,PEM_R9_TwinAudit,SCMSR2025_memory,cs_final_width,20,20,76.49581962602437,73.97547039519932,78.56174598152919,0.007826107724379455,0.03329666297593895,4.999750012499375e-05,True,percent_reduction,0.0022498875056247186,TwinAudit (ours),SCMSR (NTIRE 2025) + patch + memory,NATURAL VIDEO WITH SIMULATED SENSING
REDS_train,nominal,256,448,4,64,area,neural_sensor,PEM_R9_TwinAudit,SCMSR2025_memory,write_cs_final_width,20,20,50.864906585881506,47.59575024750667,54.31209466514326,0.007298366360964946,0.014853673523021799,4.999750012499375e-05,True,percent_reduction,0.00119994000299985,TwinAudit (ours),SCMSR (NTIRE 2025) + patch + memory,NATURAL VIDEO WITH SIMULATED SENSING
REDS_train,nominal,256,448,4,64,area,neural_sensor,PEM_R9_TwinAudit,SCMSR2025_memory,online_total_ms_mean,20,20,55.411913276893856,54.52377649241315,56.25990015002474,342.10010225049336,767.2455298989371,4.999750012499375e-05,True,percent_reduction,0.0021498925053747312,TwinAudit (ours),SCMSR (NTIRE 2025) + patch + memory,NATURAL VIDEO WITH SIMULATED SENSING
REDS_train,nominal,256,448,4,64,area,neural_sensor,PEM_R9_TwinAudit,SCMSR2025_memory,psnr_db,20,20,0.38370046197340957,0.26775331646063855,0.5151637370399043,26.069579286926597,25.685878824953186,4.999750012499375e-05,True,difference_dB,0.0022498875056247186,TwinAudit (ours),SCMSR (NTIRE 2025) + patch + memory,NATURAL VIDEO WITH SIMULATED SENSING
REDS_train,nominal,256,448,4,64,area,neural_sensor,PEM_R9_TwinAudit,SCMSR2025_memory_R9,mse,20,20,5.710300047107564,3.393843462161436,8.280117613635904,0.0027966285783371523,0.002965995840197138,4.999750012499375e-05,True,percent_reduction,0.0022498875056247186,TwinAudit (ours),SCMSR (NTIRE 2025) + TwinAudit gaze (ours),NATURAL VIDEO WITH SIMULATED SENSING
REDS_train,nominal,256,448,4,64,area,neural_sensor,PEM_R9_TwinAudit,SCMSR2025_memory_R9,ssim,20,20,2.391221513854891,1.7835598941792674,2.9975519196087093,0.7555868242177862,0.7740972030758858,4.999750012499375e-05,False,percent_reduction,0.0022498875056247186,TwinAudit (ours),SCMSR (NTIRE 2025) + TwinAudit gaze (ours),NATURAL VIDEO WITH SIMULATED SENSING
REDS_train,nominal,256,448,4,64,area,neural_sensor,PEM_R9_TwinAudit,SCMSR2025_memory_R9,augmented_pqv,20,20,97.0062926011689,95.27761816317626,98.16156460505786,5.904972714464273e-10,1.9724615427579422e-08,4.999750012499375e-05,True,percent_reduction,0.0022498875056247186,TwinAudit (ours),SCMSR (NTIRE 2025) + TwinAudit gaze (ours),NATURAL VIDEO WITH SIMULATED SENSING
REDS_train,nominal,256,448,4,64,area,neural_sensor,PEM_R9_TwinAudit,SCMSR2025_memory_R9,augmented_squared_error,20,20,97.81141149129778,95.42598149371788,98.9970743686556,4.352812496841161e-10,1.988867473046479e-08,4.999750012499375e-05,True,percent_reduction,0.0022498875056247186,TwinAudit (ours),SCMSR (NTIRE 2025) + TwinAudit gaze (ours),NATURAL VIDEO WITH SIMULATED SENSING
REDS_train,nominal,256,448,4,64,area,neural_sensor,PEM_R9_TwinAudit,SCMSR2025_memory_R9,write_pqv,20,20,97.53760329539685,95.87696323265,98.57282745431046,7.676309049993549e-11,3.1174136302422813e-09,4.999750012499375e-05,True,percent_reduction,0.00119994000299985,TwinAudit (ours),SCMSR (NTIRE 2025) + TwinAudit gaze (ours),NATURAL VIDEO WITH SIMULATED SENSING
REDS_train,nominal,256,448,4,64,area,neural_sensor,PEM_R9_TwinAudit,SCMSR2025_memory_R9,write_squared_error,20,20,96.44512781261875,93.12697483944773,98.45606063549329,4.907993669851045e-11,1.3806385746505797e-09,4.999750012499375e-05,True,percent_reduction,0.00119994000299985,TwinAudit (ours),SCMSR (NTIRE 2025) + TwinAudit gaze (ours),NATURAL VIDEO WITH SIMULATED SENSING
REDS_train,nominal,256,448,4,64,area,neural_sensor,PEM_R9_TwinAudit,SCMSR2025_memory_R9,cs_final_width,20,20,78.23128975069598,76.00149657110555,80.12803910428549,0.007826107724379455,0.035951177790285796,4.999750012499375e-05,True,percent_reduction,0.0022498875056247186,TwinAudit (ours),SCMSR (NTIRE 2025) + TwinAudit gaze (ours),NATURAL VIDEO WITH SIMULATED SENSING
REDS_train,nominal,256,448,4,64,area,neural_sensor,PEM_R9_TwinAudit,SCMSR2025_memory_R9,write_cs_final_width,20,20,66.38801161078067,63.54735954220411,68.91187368711941,0.007298366360964946,0.021713581108179298,4.999750012499375e-05,True,percent_reduction,0.00119994000299985,TwinAudit (ours),SCMSR (NTIRE 2025) + TwinAudit gaze (ours),NATURAL VIDEO WITH SIMULATED SENSING
REDS_train,nominal,256,448,4,64,area,neural_sensor,PEM_R9_TwinAudit,SCMSR2025_memory_R9,online_total_ms_mean,20,20,55.67829669403971,54.775939948446826,56.51118690742631,342.10010225049336,771.856848300522,4.999750012499375e-05,True,percent_reduction,0.0021498925053747312,TwinAudit (ours),SCMSR (NTIRE 2025) + TwinAudit gaze (ours),NATURAL VIDEO WITH SIMULATED SENSING
REDS_train,nominal,256,448,4,64,area,neural_sensor,PEM_R9_TwinAudit,SCMSR2025_memory_R9,psnr_db,20,20,0.2514600019101046,0.1416564026008623,0.37522548871852346,26.069579286926597,25.818119285016486,9.99950002499875e-05,True,difference_dB,0.0028998550072496373,TwinAudit (ours),SCMSR (NTIRE 2025) + TwinAudit gaze (ours),NATURAL VIDEO WITH SIMULATED SENSING
REDS_train,nominal,256,448,4,64,area,neural_sensor,PEM_R9_TwinAudit,SCMSR2025_patch,mse,20,20,9.608841065613415,6.6425081147121805,13.003080683241983,0.0027966285783371523,0.0030939182673464533,4.999750012499375e-05,True,percent_reduction,0.0022498875056247186,TwinAudit (ours),SCMSR (NTIRE 2025) + patch,NATURAL VIDEO WITH SIMULATED SENSING
REDS_train,nominal,256,448,4,64,area,neural_sensor,PEM_R9_TwinAudit,SCMSR2025_patch,ssim,20,20,1.8535517986720818,1.0668215113741535,2.566575174707589,0.7555868242177862,0.7698565134704112,0.00044997750112494374,False,percent_reduction,0.010349482525873706,TwinAudit (ours),SCMSR (NTIRE 2025) + patch,NATURAL VIDEO WITH SIMULATED SENSING
REDS_train,nominal,256,448,4,64,area,neural_sensor,PEM_R9_TwinAudit,SCMSR2025_patch,augmented_pqv,20,20,92.94159228032628,89.02166251721016,95.8674051251125,5.904972714464273e-10,8.365870815319293e-09,4.999750012499375e-05,True,percent_reduction,0.0022498875056247186,TwinAudit (ours),SCMSR (NTIRE 2025) + patch,NATURAL VIDEO WITH SIMULATED SENSING
REDS_train,nominal,256,448,4,64,area,neural_sensor,PEM_R9_TwinAudit,SCMSR2025_patch,augmented_squared_error,20,20,96.59024996699105,88.30244986120299,98.46745582781577,4.352812496841161e-10,1.2765781815976689e-08,0.00044997750112494374,True,percent_reduction,0.011699415029248537,TwinAudit (ours),SCMSR (NTIRE 2025) + patch,NATURAL VIDEO WITH SIMULATED SENSING
REDS_train,nominal,256,448,4,64,area,neural_sensor,PEM_R9_TwinAudit,SCMSR2025_patch,cs_final_width,20,20,75.65774902761162,72.83941747541883,77.94801402162122,0.007826107724379455,0.03215030414917944,4.999750012499375e-05,True,percent_reduction,0.0022498875056247186,TwinAudit (ours),SCMSR (NTIRE 2025) + patch,NATURAL VIDEO WITH SIMULATED SENSING
REDS_train,nominal,256,448,4,64,area,neural_sensor,PEM_R9_TwinAudit,SCMSR2025_patch,online_total_ms_mean,20,20,47.634983212111635,46.60222989581147,48.596578278312684,342.10010225049336,653.2989450499299,9.99950002499875e-05,True,percent_reduction,0.0021498925053747312,TwinAudit (ours),SCMSR (NTIRE 2025) + patch,NATURAL VIDEO WITH SIMULATED SENSING
REDS_train,nominal,256,448,4,64,area,neural_sensor,PEM_R9_TwinAudit,SCMSR2025_patch,psnr_db,20,20,0.4419413701391342,0.30412589503683407,0.5986203707691304,26.069579286926597,25.627637916787457,4.999750012499375e-05,True,difference_dB,0.0022498875056247186,TwinAudit (ours),SCMSR (NTIRE 2025) + patch,NATURAL VIDEO WITH SIMULATED SENSING
REDS_train,nominal,256,448,4,64,area,neural_sensor,PEM_R9_TwinAudit,SPANF2025_memory,mse,20,20,-4.009069076009597,-7.246354177242683,-0.7989283326351975,0.0027966285783371523,0.002688831467468844,0.02614869256537173,True,percent_reduction,0.39223038848057595,TwinAudit (ours),SPAN-F (NTIRE 2025) + patch + memory,NATURAL VIDEO WITH SIMULATED SENSING
REDS_train,nominal,256,448,4,64,area,neural_sensor,PEM_R9_TwinAudit,SPANF2025_memory,ssim,20,20,3.1562041352757753,2.3678136955369795,3.9116512891066826,0.7555868242177862,0.7802119046151639,4.999750012499375e-05,False,percent_reduction,0.0022498875056247186,TwinAudit (ours),SPAN-F (NTIRE 2025) + patch + memory,NATURAL VIDEO WITH SIMULATED SENSING
REDS_train,nominal,256,448,4,64,area,neural_sensor,PEM_R9_TwinAudit,SPANF2025_memory,augmented_pqv,20,20,88.25103614551625,82.96367731442976,92.34833962409758,5.904972714464273e-10,5.025951894652193e-09,4.999750012499375e-05,True,percent_reduction,0.0022498875056247186,TwinAudit (ours),SPAN-F (NTIRE 2025) + patch + memory,NATURAL VIDEO WITH SIMULATED SENSING
REDS_train,nominal,256,448,4,64,area,neural_sensor,PEM_R9_TwinAudit,SPANF2025_memory,augmented_squared_error,20,20,96.3782050188929,90.08490133029046,98.41596064946161,4.352812496841161e-10,1.2018384584294173e-08,0.00014999250037498125,True,percent_reduction,0.004499775011249437,TwinAudit (ours),SPAN-F (NTIRE 2025) + patch + memory,NATURAL VIDEO WITH SIMULATED SENSING
REDS_train,nominal,256,448,4,64,area,neural_sensor,PEM_R9_TwinAudit,SPANF2025_memory,write_pqv,20,20,93.51186626484308,87.15896275624246,96.57010007089676,7.676309049993549e-11,1.183130521554807e-09,4.999750012499375e-05,True,percent_reduction,0.00119994000299985,TwinAudit (ours),SPAN-F (NTIRE 2025) + patch + memory,NATURAL VIDEO WITH SIMULATED SENSING
REDS_train,nominal,256,448,4,64,area,neural_sensor,PEM_R9_TwinAudit,SPANF2025_memory,write_squared_error,20,20,99.08377831056026,80.56364003226884,99.75560349253608,4.907993669851045e-11,5.3567752503788544e-09,0.0002999850007499625,True,percent_reduction,0.0032998350082495873,TwinAudit (ours),SPAN-F (NTIRE 2025) + patch + memory,NATURAL VIDEO WITH SIMULATED SENSING
REDS_train,nominal,256,448,4,64,area,neural_sensor,PEM_R9_TwinAudit,SPANF2025_memory,cs_final_width,20,20,71.80547522840843,69.08628643149945,74.32748383676754,0.007826107724379455,0.02775754437352652,4.999750012499375e-05,True,percent_reduction,0.0022498875056247186,TwinAudit (ours),SPAN-F (NTIRE 2025) + patch + memory,NATURAL VIDEO WITH SIMULATED SENSING
REDS_train,nominal,256,448,4,64,area,neural_sensor,PEM_R9_TwinAudit,SPANF2025_memory,write_cs_final_width,20,20,49.053517962991975,45.56292401504391,52.88124141110799,0.007298366360964946,0.014325555110288758,4.999750012499375e-05,True,percent_reduction,0.00119994000299985,TwinAudit (ours),SPAN-F (NTIRE 2025) + patch + memory,NATURAL VIDEO WITH SIMULATED SENSING
REDS_train,nominal,256,448,4,64,area,neural_sensor,PEM_R9_TwinAudit,SPANF2025_memory,online_total_ms_mean,20,20,6.274990701178451,4.858185549159205,7.5757473607044945,342.10010225049336,365.00407394976355,4.999750012499375e-05,True,percent_reduction,0.0021498925053747312,TwinAudit (ours),SPAN-F (NTIRE 2025) + patch + memory,NATURAL VIDEO WITH SIMULATED SENSING
REDS_train,nominal,256,448,4,64,area,neural_sensor,PEM_R9_TwinAudit,SPANF2025_memory,psnr_db,20,20,-0.18614041714934118,-0.3231384384208883,-0.049436887500007756,26.069579286926597,26.255719704075933,0.016349182540872958,True,difference_dB,0.2288885555722214,TwinAudit (ours),SPAN-F (NTIRE 2025) + patch + memory,NATURAL VIDEO WITH SIMULATED SENSING
REDS_train,nominal,256,448,4,64,area,neural_sensor,PEM_R9_TwinAudit,SPANF2025_memory_R9,mse,20,20,-6.437355108801612,-9.749064616935549,-3.143140182549973,0.0027966285783371523,0.0026274878546901164,0.0013499325033748313,True,percent_reduction,0.035098245087745616,TwinAudit (ours),SPAN-F (NTIRE 2025) + TwinAudit gaze (ours),NATURAL VIDEO WITH SIMULATED SENSING
REDS_train,nominal,256,448,4,64,area,neural_sensor,PEM_R9_TwinAudit,SPANF2025_memory_R9,ssim,20,20,3.2942826744001175,2.6204682221107785,3.9590183468162774,0.7555868242177862,0.7813259082436563,4.999750012499375e-05,False,percent_reduction,0.0022498875056247186,TwinAudit (ours),SPAN-F (NTIRE 2025) + TwinAudit gaze (ours),NATURAL VIDEO WITH SIMULATED SENSING
REDS_train,nominal,256,448,4,64,area,neural_sensor,PEM_R9_TwinAudit,SPANF2025_memory_R9,augmented_pqv,20,20,93.51005777783406,90.51885232902798,95.83655654191787,5.904972714464273e-10,9.098652210332878e-09,4.999750012499375e-05,True,percent_reduction,0.0022498875056247186,TwinAudit (ours),SPAN-F (NTIRE 2025) + TwinAudit gaze (ours),NATURAL VIDEO WITH SIMULATED SENSING
REDS_train,nominal,256,448,4,64,area,neural_sensor,PEM_R9_TwinAudit,SPANF2025_memory_R9,augmented_squared_error,20,20,91.56790416723481,80.93578567585752,96.06683836327466,4.352812496841161e-10,5.162195239678297e-09,0.000199990000499975,True,percent_reduction,0.0055997200139993,TwinAudit (ours),SPAN-F (NTIRE 2025) + TwinAudit gaze (ours),NATURAL VIDEO WITH SIMULATED SENSING
REDS_train,nominal,256,448,4,64,area,neural_sensor,PEM_R9_TwinAudit,SPANF2025_memory_R9,write_pqv,20,20,96.88905670948536,95.39126453485203,98.06280998036989,7.676309049993549e-11,2.467518155473561e-09,4.999750012499375e-05,True,percent_reduction,0.00119994000299985,TwinAudit (ours),SPAN-F (NTIRE 2025) + TwinAudit gaze (ours),NATURAL VIDEO WITH SIMULATED SENSING
REDS_train,nominal,256,448,4,64,area,neural_sensor,PEM_R9_TwinAudit,SPANF2025_memory_R9,write_squared_error,20,20,95.03229929158239,90.24373459577829,97.83691411815889,4.907993669851045e-11,9.879809509326116e-10,4.999750012499375e-05,True,percent_reduction,0.00119994000299985,TwinAudit (ours),SPAN-F (NTIRE 2025) + TwinAudit gaze (ours),NATURAL VIDEO WITH SIMULATED SENSING
REDS_train,nominal,256,448,4,64,area,neural_sensor,PEM_R9_TwinAudit,SPANF2025_memory_R9,cs_final_width,20,20,74.50646421264273,72.23013381641722,76.6299828851815,0.007826107724379455,0.030698400526538862,4.999750012499375e-05,True,percent_reduction,0.0022498875056247186,TwinAudit (ours),SPAN-F (NTIRE 2025) + TwinAudit gaze (ours),NATURAL VIDEO WITH SIMULATED SENSING
REDS_train,nominal,256,448,4,64,area,neural_sensor,PEM_R9_TwinAudit,SPANF2025_memory_R9,write_cs_final_width,20,20,62.304176515498575,59.44535699133898,65.01456667840154,0.007298366360964946,0.01936120685615386,4.999750012499375e-05,True,percent_reduction,0.00119994000299985,TwinAudit (ours),SPAN-F (NTIRE 2025) + TwinAudit gaze (ours),NATURAL VIDEO WITH SIMULATED SENSING
REDS_train,nominal,256,448,4,64,area,neural_sensor,PEM_R9_TwinAudit,SPANF2025_memory_R9,online_total_ms_mean,20,20,6.345659027983219,5.02024457436413,7.655591524622223,342.10010225049336,365.27949340085615,4.999750012499375e-05,True,percent_reduction,0.0021498925053747312,TwinAudit (ours),SPAN-F (NTIRE 2025) + TwinAudit gaze (ours),NATURAL VIDEO WITH SIMULATED SENSING
REDS_train,nominal,256,448,4,64,area,neural_sensor,PEM_R9_TwinAudit,SPANF2025_memory_R9,psnr_db,20,20,-0.29416568484834293,-0.42361373275260195,-0.15847933181650473,26.069579286926597,26.363744971774935,0.0006999650017499125,True,difference_dB,0.018199090045497725,TwinAudit (ours),SPAN-F (NTIRE 2025) + TwinAudit gaze (ours),NATURAL VIDEO WITH SIMULATED SENSING
REDS_train,nominal,256,448,4,64,area,neural_sensor,PEM_R9_TwinAudit,SPANF2025_patch,mse,20,20,-2.8691961964017354,-6.258326331042588,0.5949931541418239,0.0027966285783371523,0.0027186258683286725,0.12384380780960952,True,percent_reduction,1.0,TwinAudit (ours),SPAN-F (NTIRE 2025) + patch,NATURAL VIDEO WITH SIMULATED SENSING
REDS_train,nominal,256,448,4,64,area,neural_sensor,PEM_R9_TwinAudit,SPANF2025_patch,ssim,20,20,2.756581123512658,1.9326472212405035,3.539946973076307,0.7555868242177862,0.7770056143105031,4.999750012499375e-05,False,percent_reduction,0.0022498875056247186,TwinAudit (ours),SPAN-F (NTIRE 2025) + patch,NATURAL VIDEO WITH SIMULATED SENSING
REDS_train,nominal,256,448,4,64,area,neural_sensor,PEM_R9_TwinAudit,SPANF2025_patch,augmented_pqv,20,20,86.45422300236363,80.77847455277424,90.99786737143184,5.904972714464273e-10,4.35927205615052e-09,4.999750012499375e-05,True,percent_reduction,0.0022498875056247186,TwinAudit (ours),SPAN-F (NTIRE 2025) + patch,NATURAL VIDEO WITH SIMULATED SENSING
REDS_train,nominal,256,448,4,64,area,neural_sensor,PEM_R9_TwinAudit,SPANF2025_patch,augmented_squared_error,20,20,91.09711728322097,81.5974435202396,95.51735430767607,4.352812496841161e-10,4.889216937158487e-09,0.00044997750112494374,True,percent_reduction,0.011699415029248537,TwinAudit (ours),SPAN-F (NTIRE 2025) + patch,NATURAL VIDEO WITH SIMULATED SENSING
REDS_train,nominal,256,448,4,64,area,neural_sensor,PEM_R9_TwinAudit,SPANF2025_patch,cs_final_width,20,20,69.59958250872451,66.24714011077016,72.56428846420091,0.007826107724379455,0.02574342186789192,4.999750012499375e-05,True,percent_reduction,0.0022498875056247186,TwinAudit (ours),SPAN-F (NTIRE 2025) + patch,NATURAL VIDEO WITH SIMULATED SENSING
REDS_train,nominal,256,448,4,64,area,neural_sensor,PEM_R9_TwinAudit,SPANF2025_patch,online_total_ms_mean,20,20,-34.31879077646851,-36.314134051221025,-32.33768256714342,342.10010225049336,254.69266085026902,4.999750012499375e-05,True,percent_reduction,0.0021498925053747312,TwinAudit (ours),SPAN-F (NTIRE 2025) + patch,NATURAL VIDEO WITH SIMULATED SENSING
REDS_train,nominal,256,448,4,64,area,neural_sensor,PEM_R9_TwinAudit,SPANF2025_patch,psnr_db,20,20,-0.1372600306297233,-0.2760438017725197,0.006442608050113903,26.069579286926597,26.206839317556312,0.08489575521223938,True,difference_dB,0.9338533073346332,TwinAudit (ours),SPAN-F (NTIRE 2025) + patch,NATURAL VIDEO WITH SIMULATED SENSING
REDS_train,nominal,256,448,4,64,area,reds_train_detail,PEM_R9_TwinAudit,PEM_R6_fixed,mse,60,60,-1.5260456666252864,-1.7840451411198532,-1.3023621219289057,0.003053237956076472,0.003007344505568747,4.999750012499375e-05,True,percent_reduction,0.00044997750112494374,TwinAudit (ours),"Joint gaze, fixed proxy (prior version)",NATURAL VIDEO WITH SIMULATED SENSING
REDS_train,nominal,256,448,4,64,area,reds_train_detail,PEM_R9_TwinAudit,PEM_R6_fixed,ssim,60,60,0.31715737224962126,0.2710712644285926,0.36382166238140085,0.7415448616426894,0.7439042086830028,4.999750012499375e-05,False,percent_reduction,0.00044997750112494374,TwinAudit (ours),"Joint gaze, fixed proxy (prior version)",NATURAL VIDEO WITH SIMULATED SENSING
REDS_train,nominal,256,448,4,64,area,reds_train_detail,PEM_R9_TwinAudit,PEM_R6_fixed,augmented_pqv,60,60,74.21728232512872,72.71328705991071,75.78270550504803,6.424919774911597e-10,2.491948232894604e-09,4.999750012499375e-05,True,percent_reduction,0.00044997750112494374,TwinAudit (ours),"Joint gaze, fixed proxy (prior version)",NATURAL VIDEO WITH SIMULATED SENSING
REDS_train,nominal,256,448,4,64,area,reds_train_detail,PEM_R9_TwinAudit,PEM_R6_fixed,augmented_squared_error,60,60,74.93735888310017,58.85175803806922,85.70317530764581,5.74789608954488e-10,2.2934119603496433e-09,4.999750012499375e-05,True,percent_reduction,0.00044997750112494374,TwinAudit (ours),"Joint gaze, fixed proxy (prior version)",NATURAL VIDEO WITH SIMULATED SENSING
REDS_train,nominal,256,448,4,64,area,reds_train_detail,PEM_R9_TwinAudit,PEM_R6_fixed,cs_final_width,60,60,76.79028850974024,76.06530789057142,77.50330453267944,0.007792051931493662,0.03357237738506009,4.999750012499375e-05,True,percent_reduction,0.00044997750112494374,TwinAudit (ours),"Joint gaze, fixed proxy (prior version)",NATURAL VIDEO WITH SIMULATED SENSING
REDS_train,nominal,256,448,4,64,area,reds_train_detail,PEM_R9_TwinAudit,PEM_R6_fixed,online_total_ms_mean,60,60,-53.36616257959863,-54.498948959773486,-52.23669512877897,521.45497733308,340.006536358657,4.999750012499375e-05,True,percent_reduction,0.00044997750112494374,TwinAudit (ours),"Joint gaze, fixed proxy (prior version)",NATURAL VIDEO WITH SIMULATED SENSING
REDS_train,nominal,256,448,4,64,area,reds_train_detail,PEM_R9_TwinAudit,PEM_R6_fixed,psnr_db,60,60,-0.07581901338206957,-0.08688900023210798,-0.06542521733890089,25.878840325134092,25.95465933851616,4.999750012499375e-05,True,difference_dB,0.00044997750112494374,TwinAudit (ours),"Joint gaze, fixed proxy (prior version)",NATURAL VIDEO WITH SIMULATED SENSING
REDS_train,nominal,256,448,4,64,area,reds_train_detail,PEM_R9_TwinAudit,PEM_R8_certified,mse,60,60,-0.11580614837662928,-0.23163546518454314,-0.0005430296041036863,0.003053237956076472,0.003049706208779282,0.043797810109494524,True,percent_reduction,0.08759562021898905,TwinAudit (ours),Ours w/o write-audit constraint,NATURAL VIDEO WITH SIMULATED SENSING
REDS_train,nominal,256,448,4,64,area,reds_train_detail,PEM_R9_TwinAudit,PEM_R8_certified,ssim,60,60,0.0345532454176678,0.010936409812240533,0.05814947121849794,0.7415448616426894,0.7418011780242433,0.005399730013499325,False,percent_reduction,0.005399730013499325,TwinAudit (ours),Ours w/o write-audit constraint,NATURAL VIDEO WITH SIMULATED SENSING
REDS_train,nominal,256,448,4,64,area,reds_train_detail,PEM_R9_TwinAudit,PEM_R8_certified,augmented_pqv,60,60,9.438906230676125,5.952393129610285,13.331077753853677,6.424919774911597e-10,7.094569541393874e-10,4.999750012499375e-05,True,percent_reduction,0.00044997750112494374,TwinAudit (ours),Ours w/o write-audit constraint,NATURAL VIDEO WITH SIMULATED SENSING
REDS_train,nominal,256,448,4,64,area,reds_train_detail,PEM_R9_TwinAudit,PEM_R8_certified,augmented_squared_error,60,60,31.36485085426277,-9.339607894401182,59.85208244085176,5.74789608954488e-10,8.37456632801951e-10,0.14904254787260637,True,percent_reduction,0.5961701914904255,TwinAudit (ours),Ours w/o write-audit constraint,NATURAL VIDEO WITH SIMULATED SENSING
REDS_train,nominal,256,448,4,64,area,reds_train_detail,PEM_R9_TwinAudit,PEM_R8_certified,write_pqv,60,60,13.81198778903322,5.833490274940375,20.00340012981549,9.733657947418227e-11,1.1293517158270987e-10,0.0010499475026248687,True,percent_reduction,0.0020998950052497373,TwinAudit (ours),Ours w/o write-audit constraint,NATURAL VIDEO WITH SIMULATED SENSING
REDS_train,nominal,256,448,4,64,area,reds_train_detail,PEM_R9_TwinAudit,PEM_R8_certified,write_squared_error,60,60,9.641688715784792,-38.329463654186256,41.62550560501761,8.906948243875064e-11,9.857364659969059e-11,0.6468676566171692,True,percent_reduction,1.0,TwinAudit (ours),Ours w/o write-audit constraint,NATURAL VIDEO WITH SIMULATED SENSING
REDS_train,nominal,256,448,4,64,area,reds_train_detail,PEM_R9_TwinAudit,PEM_R8_certified,cs_final_width,60,60,5.960863063276811,5.182549604480227,6.733200307616562,0.007792051931493662,0.008285967082765506,4.999750012499375e-05,True,percent_reduction,0.00044997750112494374,TwinAudit (ours),Ours w/o write-audit constraint,NATURAL VIDEO WITH SIMULATED SENSING
REDS_train,nominal,256,448,4,64,area,reds_train_detail,PEM_R9_TwinAudit,PEM_R8_certified,write_cs_final_width,60,60,3.578489574731769,2.9775967076286745,4.196254207703893,0.007288624346050566,0.007559126914631394,4.999750012499375e-05,True,percent_reduction,9.99950002499875e-05,TwinAudit (ours),Ours w/o write-audit constraint,NATURAL VIDEO WITH SIMULATED SENSING
REDS_train,nominal,256,448,4,64,area,reds_train_detail,PEM_R9_TwinAudit,PEM_R8_certified,online_total_ms_mean,60,60,0.15141408599844697,-0.5304943589726602,0.8511968593783955,521.45497733308,522.2457309332385,0.6772661366931654,True,percent_reduction,0.6772661366931654,TwinAudit (ours),Ours w/o write-audit constraint,NATURAL VIDEO WITH SIMULATED SENSING
REDS_train,nominal,256,448,4,64,area,reds_train_detail,PEM_R9_TwinAudit,PEM_R8_certified,psnr_db,60,60,-0.00792341650847348,-0.012242116325265725,-0.003120171853898222,25.878840325134092,25.88676374164256,0.001399930003499825,True,difference_dB,0.00279986000699965,TwinAudit (ours),Ours w/o write-audit constraint,NATURAL VIDEO WITH SIMULATED SENSING
REDS_train,nominal,256,448,4,64,area,reds_train_detail,PEM_R9_TwinAudit,PEM_R9_dual_fixed,mse,60,60,-0.45916981178337757,-0.5773509721410869,-0.35247679745642746,0.003053237956076472,0.0030392824883949438,4.999750012499375e-05,True,percent_reduction,0.00044997750112494374,TwinAudit (ours),Ours w/o online proxy mixture,NATURAL VIDEO WITH SIMULATED SENSING
REDS_train,nominal,256,448,4,64,area,reds_train_detail,PEM_R9_TwinAudit,PEM_R9_dual_fixed,ssim,60,60,0.06357939851737715,0.040041877378307056,0.08772074164635518,0.7415448616426894,0.742016631353803,4.999750012499375e-05,False,percent_reduction,0.00044997750112494374,TwinAudit (ours),Ours w/o online proxy mixture,NATURAL VIDEO WITH SIMULATED SENSING
REDS_train,nominal,256,448,4,64,area,reds_train_detail,PEM_R9_TwinAudit,PEM_R9_dual_fixed,augmented_pqv,60,60,18.800544595603654,15.600410990988676,21.41126254179454,6.424919774911597e-10,7.91251584498156e-10,4.999750012499375e-05,True,percent_reduction,0.00044997750112494374,TwinAudit (ours),Ours w/o online proxy mixture,NATURAL VIDEO WITH SIMULATED SENSING
REDS_train,nominal,256,448,4,64,area,reds_train_detail,PEM_R9_TwinAudit,PEM_R9_dual_fixed,augmented_squared_error,60,60,43.74916444319247,13.07283863779553,66.01555261067755,5.74789608954488e-10,1.0218330150385231e-09,0.016599170041497927,True,percent_reduction,0.08299585020748963,TwinAudit (ours),Ours w/o online proxy mixture,NATURAL VIDEO WITH SIMULATED SENSING
REDS_train,nominal,256,448,4,64,area,reds_train_detail,PEM_R9_TwinAudit,PEM_R9_dual_fixed,write_pqv,60,60,9.102996319897905,2.227337827812592,16.147487641584988,9.733657947418227e-11,1.0708447532191849e-10,0.014099295035248238,True,percent_reduction,0.014099295035248238,TwinAudit (ours),Ours w/o online proxy mixture,NATURAL VIDEO WITH SIMULATED SENSING
REDS_train,nominal,256,448,4,64,area,reds_train_detail,PEM_R9_TwinAudit,PEM_R9_dual_fixed,write_squared_error,60,60,-12.881542556252,-71.58387936606724,28.0968714827951,8.906948243875064e-11,7.890526690345753e-11,0.6038198090095496,True,percent_reduction,1.0,TwinAudit (ours),Ours w/o online proxy mixture,NATURAL VIDEO WITH SIMULATED SENSING
REDS_train,nominal,256,448,4,64,area,reds_train_detail,PEM_R9_TwinAudit,PEM_R9_dual_fixed,cs_final_width,60,60,7.7294553324209865,6.693025291303326,8.75428255309973,0.007792051931493662,0.008444788051881464,4.999750012499375e-05,True,percent_reduction,0.00044997750112494374,TwinAudit (ours),Ours w/o online proxy mixture,NATURAL VIDEO WITH SIMULATED SENSING
REDS_train,nominal,256,448,4,64,area,reds_train_detail,PEM_R9_TwinAudit,PEM_R9_dual_fixed,write_cs_final_width,60,60,4.222438058990496,3.479109688558892,4.961533485390557,0.007288624346050566,0.007609949761030369,4.999750012499375e-05,True,percent_reduction,9.99950002499875e-05,TwinAudit (ours),Ours w/o online proxy mixture,NATURAL VIDEO WITH SIMULATED SENSING
REDS_train,nominal,256,448,4,64,area,reds_train_detail,PEM_R9_TwinAudit,PEM_R9_dual_fixed,online_total_ms_mean,60,60,-0.35447480297723377,-0.8719111086053244,0.17238875384617539,521.45497733308,519.6130798918894,0.19414029298535074,True,percent_reduction,0.3882805859707015,TwinAudit (ours),Ours w/o online proxy mixture,NATURAL VIDEO WITH SIMULATED SENSING
REDS_train,nominal,256,448,4,64,area,reds_train_detail,PEM_R9_TwinAudit,PEM_R9_dual_fixed,psnr_db,60,60,-0.022150923581354103,-0.027562294255308775,-0.01649921822445019,25.878840325134092,25.900991248715446,4.999750012499375e-05,True,difference_dB,0.00044997750112494374,TwinAudit (ours),Ours w/o online proxy mixture,NATURAL VIDEO WITH SIMULATED SENSING
REDS_train,nominal,256,448,4,64,area,reds_train_detail,PEM_R9_TwinAudit,PEM_audit_only,mse,60,60,3.6820389494762074,3.201831912137299,4.203987561461418,0.003053237956076472,0.0031699570077847574,4.999750012499375e-05,True,percent_reduction,0.00044997750112494374,TwinAudit (ours),Audit-only gaze,NATURAL VIDEO WITH SIMULATED SENSING
REDS_train,nominal,256,448,4,64,area,reds_train_detail,PEM_R9_TwinAudit,PEM_audit_only,ssim,60,60,-0.7816654351753716,-0.891343613570062,-0.677812639917047,0.7415448616426894,0.7357934188135289,4.999750012499375e-05,False,percent_reduction,0.00044997750112494374,TwinAudit (ours),Audit-only gaze,NATURAL VIDEO WITH SIMULATED SENSING
REDS_train,nominal,256,448,4,64,area,reds_train_detail,PEM_R9_TwinAudit,PEM_audit_only,augmented_pqv,60,60,-303.307175399891,-328.90391028864445,-278.99760298731604,6.424919774911597e-10,1.5930586329244202e-10,4.999750012499375e-05,True,percent_reduction,0.00044997750112494374,TwinAudit (ours),Audit-only gaze,NATURAL VIDEO WITH SIMULATED SENSING
REDS_train,nominal,256,448,4,64,area,reds_train_detail,PEM_R9_TwinAudit,PEM_audit_only,augmented_squared_error,60,60,-244.50209348912662,-477.21889008086043,-107.35418960607052,5.74789608954488e-10,1.6684647780598463e-10,4.999750012499375e-05,True,percent_reduction,0.00044997750112494374,TwinAudit (ours),Audit-only gaze,NATURAL VIDEO WITH SIMULATED SENSING
REDS_train,nominal,256,448,4,64,area,reds_train_detail,PEM_R9_TwinAudit,PEM_audit_only,cs_final_width,60,60,-27.66183725431073,-30.759145807646366,-24.484034018475736,0.007792051931493662,0.006103665824557566,4.999750012499375e-05,True,percent_reduction,0.00044997750112494374,TwinAudit (ours),Audit-only gaze,NATURAL VIDEO WITH SIMULATED SENSING
REDS_train,nominal,256,448,4,64,area,reds_train_detail,PEM_R9_TwinAudit,PEM_audit_only,online_total_ms_mean,60,60,-54.840252450460206,-56.01873189615721,-53.68691648256173,521.45497733308,336.7696507081807,4.999750012499375e-05,True,percent_reduction,0.00044997750112494374,TwinAudit (ours),Audit-only gaze,NATURAL VIDEO WITH SIMULATED SENSING
REDS_train,nominal,256,448,4,64,area,reds_train_detail,PEM_R9_TwinAudit,PEM_audit_only,psnr_db,60,60,0.19946935471918106,0.17553309609190146,0.22609939028123077,25.878840325134092,25.679370970414915,4.999750012499375e-05,True,difference_dB,0.00044997750112494374,TwinAudit (ours),Audit-only gaze,NATURAL VIDEO WITH SIMULATED SENSING
REDS_train,nominal,256,448,4,64,area,reds_train_detail,PEM_R9_TwinAudit,PEM_greedy,mse,60,60,-1.8412909265209443,-2.14114996540164,-1.5829871114286171,0.003053237956076472,0.0029980354022411206,4.999750012499375e-05,True,percent_reduction,0.00044997750112494374,TwinAudit (ours),Greedy gaze,NATURAL VIDEO WITH SIMULATED SENSING
REDS_train,nominal,256,448,4,64,area,reds_train_detail,PEM_R9_TwinAudit,PEM_greedy,ssim,60,60,0.40481667005264343,0.35008389157407505,0.4619272675326935,0.7415448616426894,0.7445589604328924,4.999750012499375e-05,False,percent_reduction,0.00044997750112494374,TwinAudit (ours),Greedy gaze,NATURAL VIDEO WITH SIMULATED SENSING
REDS_train,nominal,256,448,4,64,area,reds_train_detail,PEM_R9_TwinAudit,PEM_greedy,augmented_pqv,60,60,97.53025558336532,97.3131176576535,97.74975970251826,6.424919774911597e-10,2.6014512803986017e-08,4.999750012499375e-05,True,percent_reduction,0.00044997750112494374,TwinAudit (ours),Greedy gaze,NATURAL VIDEO WITH SIMULATED SENSING
REDS_train,nominal,256,448,4,64,area,reds_train_detail,PEM_R9_TwinAudit,PEM_greedy,augmented_squared_error,60,60,98.3279255119822,93.55137488835172,99.25346955892712,5.74789608954488e-10,3.437583750445753e-08,4.999750012499375e-05,True,percent_reduction,0.00044997750112494374,TwinAudit (ours),Greedy gaze,NATURAL VIDEO WITH SIMULATED SENSING
REDS_train,nominal,256,448,4,64,area,reds_train_detail,PEM_R9_TwinAudit,PEM_greedy,cs_final_width,60,60,98.10825146751611,98.0457805387307,98.16594988739239,0.007792051931493662,0.41189681385731447,4.999750012499375e-05,True,percent_reduction,0.00044997750112494374,TwinAudit (ours),Greedy gaze,NATURAL VIDEO WITH SIMULATED SENSING
REDS_train,nominal,256,448,4,64,area,reds_train_detail,PEM_R9_TwinAudit,PEM_greedy,online_total_ms_mean,60,60,-56.889121952705814,-58.024766564466205,-55.76843023966927,521.45497733308,332.3716589415756,4.999750012499375e-05,True,percent_reduction,0.00044997750112494374,TwinAudit (ours),Greedy gaze,NATURAL VIDEO WITH SIMULATED SENSING
REDS_train,nominal,256,448,4,64,area,reds_train_detail,PEM_R9_TwinAudit,PEM_greedy,psnr_db,60,60,-0.09218787532176241,-0.10359364324561982,-0.08104288498263792,25.878840325134092,25.97102820045585,4.999750012499375e-05,True,difference_dB,0.00044997750112494374,TwinAudit (ours),Greedy gaze,NATURAL VIDEO WITH SIMULATED SENSING
REDS_train,nominal,256,448,4,64,area,reds_train_detail,PEM_R9_TwinAudit,PEM_risk_only,mse,60,60,2.6220594824896692,2.235826906490524,3.068416917951335,0.003053237956076472,0.0031354513556665787,4.999750012499375e-05,True,percent_reduction,0.00044997750112494374,TwinAudit (ours),Risk-only gaze,NATURAL VIDEO WITH SIMULATED SENSING
REDS_train,nominal,256,448,4,64,area,reds_train_detail,PEM_R9_TwinAudit,PEM_risk_only,ssim,60,60,-0.23503833298845755,-0.3156415652704997,-0.14247418532133405,0.7415448616426894,0.7398060338733256,4.999750012499375e-05,False,percent_reduction,0.00044997750112494374,TwinAudit (ours),Risk-only gaze,NATURAL VIDEO WITH SIMULATED SENSING
REDS_train,nominal,256,448,4,64,area,reds_train_detail,PEM_R9_TwinAudit,PEM_risk_only,augmented_pqv,60,60,0.6356470314366258,-6.617533527884102,8.120998604897444,6.424919774911597e-10,6.46602084446149e-10,0.8743062846857658,True,percent_reduction,1.0,TwinAudit (ours),Risk-only gaze,NATURAL VIDEO WITH SIMULATED SENSING
REDS_train,nominal,256,448,4,64,area,reds_train_detail,PEM_R9_TwinAudit,PEM_risk_only,augmented_squared_error,60,60,25.192311252390766,-22.057241559885036,56.30221994153349,5.74789608954488e-10,7.683563261708946e-10,0.30253487325633716,True,percent_reduction,0.7243137843107845,TwinAudit (ours),Risk-only gaze,NATURAL VIDEO WITH SIMULATED SENSING
REDS_train,nominal,256,448,4,64,area,reds_train_detail,PEM_R9_TwinAudit,PEM_risk_only,cs_final_width,60,60,38.438256185687315,35.98714377339196,40.669853286732945,0.007792051931493662,0.012657295665627429,4.999750012499375e-05,True,percent_reduction,0.00044997750112494374,TwinAudit (ours),Risk-only gaze,NATURAL VIDEO WITH SIMULATED SENSING
REDS_train,nominal,256,448,4,64,area,reds_train_detail,PEM_R9_TwinAudit,PEM_risk_only,online_total_ms_mean,60,60,-55.760262400059446,-56.695640895598736,-54.860999883529175,521.45497733308,334.7804949081037,4.999750012499375e-05,True,percent_reduction,0.00044997750112494374,TwinAudit (ours),Risk-only gaze,NATURAL VIDEO WITH SIMULATED SENSING
REDS_train,nominal,256,448,4,64,area,reds_train_detail,PEM_R9_TwinAudit,PEM_risk_only,psnr_db,60,60,0.14393718652760004,0.12201424413111957,0.16801792761606635,25.878840325134092,25.734903138606494,4.999750012499375e-05,True,difference_dB,0.00044997750112494374,TwinAudit (ours),Risk-only gaze,NATURAL VIDEO WITH SIMULATED SENSING
REDS_train,nominal,256,448,4,64,area,reds_train_detail,PEM_R9_TwinAudit,PEM_softmax,mse,60,60,0.21119784659182628,-0.008046213507568178,0.4186295594168176,0.003053237956076472,0.0030596999765390934,0.05179741012949352,True,percent_reduction,0.08759562021898905,TwinAudit (ours),Benefit-softmax gaze,NATURAL VIDEO WITH SIMULATED SENSING
REDS_train,nominal,256,448,4,64,area,reds_train_detail,PEM_R9_TwinAudit,PEM_softmax,ssim,60,60,0.184370728485872,0.12431616349956903,0.2541167992772014,0.7415448616426894,0.7429145786633988,4.999750012499375e-05,False,percent_reduction,0.00044997750112494374,TwinAudit (ours),Benefit-softmax gaze,NATURAL VIDEO WITH SIMULATED SENSING
REDS_train,nominal,256,448,4,64,area,reds_train_detail,PEM_R9_TwinAudit,PEM_softmax,augmented_pqv,60,60,79.4021299540552,77.6094211108392,80.77932781237075,6.424919774911597e-10,3.119215608497588e-09,4.999750012499375e-05,True,percent_reduction,0.00044997750112494374,TwinAudit (ours),Benefit-softmax gaze,NATURAL VIDEO WITH SIMULATED SENSING
REDS_train,nominal,256,448,4,64,area,reds_train_detail,PEM_R9_TwinAudit,PEM_softmax,augmented_squared_error,60,60,86.80998265192383,67.99760846387653,93.04885417190252,5.74789608954488e-10,4.3577623424303085e-09,9.99950002499875e-05,True,percent_reduction,0.000599970001499925,TwinAudit (ours),Benefit-softmax gaze,NATURAL VIDEO WITH SIMULATED SENSING
REDS_train,nominal,256,448,4,64,area,reds_train_detail,PEM_R9_TwinAudit,PEM_softmax,cs_final_width,60,60,91.17685524782317,90.47369791920187,91.76672560474164,0.007792051931493662,0.08831377190736014,4.999750012499375e-05,True,percent_reduction,0.00044997750112494374,TwinAudit (ours),Benefit-softmax gaze,NATURAL VIDEO WITH SIMULATED SENSING
REDS_train,nominal,256,448,4,64,area,reds_train_detail,PEM_R9_TwinAudit,PEM_softmax,online_total_ms_mean,60,60,-56.01610118469951,-57.20052788245289,-54.86670185053153,521.45497733308,334.2315141664488,4.999750012499375e-05,True,percent_reduction,0.00044997750112494374,TwinAudit (ours),Benefit-softmax gaze,NATURAL VIDEO WITH SIMULATED SENSING
REDS_train,nominal,256,448,4,64,area,reds_train_detail,PEM_R9_TwinAudit,PEM_softmax,psnr_db,60,60,0.012776002207020435,0.0020686277428081366,0.022028977378382383,25.878840325134092,25.866064322927066,0.014299285035748212,True,difference_dB,0.014299285035748212,TwinAudit (ours),Benefit-softmax gaze,NATURAL VIDEO WITH SIMULATED SENSING
REDS_train,nominal,256,448,4,64,area,reds_train_detail,PEM_R9_TwinAudit,PEM_uniform,mse,60,60,3.7526872124810873,3.201680254920827,4.357172528604806,0.003053237956076472,0.0031722838463209622,4.999750012499375e-05,True,percent_reduction,0.00044997750112494374,TwinAudit (ours),Uniform gaze,NATURAL VIDEO WITH SIMULATED SENSING
REDS_train,nominal,256,448,4,64,area,reds_train_detail,PEM_R9_TwinAudit,PEM_uniform,ssim,60,60,-0.4572771445576551,-0.5735969149414338,-0.33470281542815905,0.7415448616426894,0.7381693817717248,4.999750012499375e-05,False,percent_reduction,0.00044997750112494374,TwinAudit (ours),Uniform gaze,NATURAL VIDEO WITH SIMULATED SENSING
REDS_train,nominal,256,448,4,64,area,reds_train_detail,PEM_R9_TwinAudit,PEM_uniform,augmented_pqv,60,60,1.0632782022161336,-7.934632568167197,10.712668505017684,6.424919774911597e-10,6.493968728864344e-10,0.8390080495975202,True,percent_reduction,1.0,TwinAudit (ours),Uniform gaze,NATURAL VIDEO WITH SIMULATED SENSING
REDS_train,nominal,256,448,4,64,area,reds_train_detail,PEM_R9_TwinAudit,PEM_uniform,augmented_squared_error,60,60,23.59349903294098,-55.47612208311818,58.49284320628681,5.74789608954488e-10,7.522784078311555e-10,0.5183240837958102,True,percent_reduction,0.7243137843107845,TwinAudit (ours),Uniform gaze,NATURAL VIDEO WITH SIMULATED SENSING
REDS_train,nominal,256,448,4,64,area,reds_train_detail,PEM_R9_TwinAudit,PEM_uniform,cs_final_width,60,60,41.49127127293774,39.69830943961139,43.185423141114946,0.007792051931493662,0.013317759761697873,4.999750012499375e-05,True,percent_reduction,0.00044997750112494374,TwinAudit (ours),Uniform gaze,NATURAL VIDEO WITH SIMULATED SENSING
REDS_train,nominal,256,448,4,64,area,reds_train_detail,PEM_R9_TwinAudit,PEM_uniform,online_total_ms_mean,60,60,-56.05405442358631,-57.127360139538105,-54.92169984553108,521.45497733308,334.1502271499242,4.999750012499375e-05,True,percent_reduction,0.00044997750112494374,TwinAudit (ours),Uniform gaze,NATURAL VIDEO WITH SIMULATED SENSING
REDS_train,nominal,256,448,4,64,area,reds_train_detail,PEM_R9_TwinAudit,PEM_uniform,psnr_db,60,60,0.20600831512854434,0.17462224830797796,0.2404523144372784,25.878840325134092,25.672832010005546,4.999750012499375e-05,True,difference_dB,0.00044997750112494374,TwinAudit (ours),Uniform gaze,NATURAL VIDEO WITH SIMULATED SENSING
REDS_train,nominal,256,448,4,64,area,reds_train_detail,PEM_R9_TwinAudit,PPAT2026_M1,mse,60,60,3.6088913824009583,3.1354746321932865,4.112463384934918,0.003053237956076472,0.003167551447290869,4.999750012499375e-05,True,percent_reduction,0.00044997750112494374,TwinAudit (ours),"PPAT (2026), M=1",NATURAL VIDEO WITH SIMULATED SENSING
REDS_train,nominal,256,448,4,64,area,reds_train_detail,PEM_R9_TwinAudit,PPAT2026_M1,ssim,60,60,-0.5657962707244168,-0.6649063736817012,-0.45742670792338297,0.7415448616426894,0.7373728336485709,4.999750012499375e-05,False,percent_reduction,0.00044997750112494374,TwinAudit (ours),"PPAT (2026), M=1",NATURAL VIDEO WITH SIMULATED SENSING
REDS_train,nominal,256,448,4,64,area,reds_train_detail,PEM_R9_TwinAudit,PPAT2026_M1,augmented_pqv,60,60,-77.15505261316822,-91.75117585603722,-63.03952647509168,6.424919774911597e-10,3.626721157618297e-10,4.999750012499375e-05,True,percent_reduction,0.00044997750112494374,TwinAudit (ours),"PPAT (2026), M=1",NATURAL VIDEO WITH SIMULATED SENSING
REDS_train,nominal,256,448,4,64,area,reds_train_detail,PEM_R9_TwinAudit,PPAT2026_M1,augmented_squared_error,60,60,-47.758660515453634,-145.9040411178228,15.908110214435125,5.74789608954488e-10,3.8900569817656984e-10,0.24143792810359482,True,percent_reduction,0.7243137843107845,TwinAudit (ours),"PPAT (2026), M=1",NATURAL VIDEO WITH SIMULATED SENSING
REDS_train,nominal,256,448,4,64,area,reds_train_detail,PEM_R9_TwinAudit,PPAT2026_M1,cs_final_width,60,60,-20.167326430306964,-22.52765255335325,-17.906100092809435,0.007792051931493662,0.0064843349377609666,4.999750012499375e-05,True,percent_reduction,0.00044997750112494374,TwinAudit (ours),"PPAT (2026), M=1",NATURAL VIDEO WITH SIMULATED SENSING
REDS_train,nominal,256,448,4,64,area,reds_train_detail,PEM_R9_TwinAudit,PPAT2026_M1,online_total_ms_mean,60,60,-54.61948731984765,-55.80591810683512,-53.42575256450946,521.45497733308,337.2504891666031,4.999750012499375e-05,True,percent_reduction,0.00044997750112494374,TwinAudit (ours),"PPAT (2026), M=1",NATURAL VIDEO WITH SIMULATED SENSING
REDS_train,nominal,256,448,4,64,area,reds_train_detail,PEM_R9_TwinAudit,PPAT2026_M1,psnr_db,60,60,0.1974616191681763,0.1703011971551217,0.22683555602398972,25.878840325134092,25.681378705965912,4.999750012499375e-05,True,difference_dB,0.00044997750112494374,TwinAudit (ours),"PPAT (2026), M=1",NATURAL VIDEO WITH SIMULATED SENSING
REDS_train,nominal,256,448,4,64,area,reds_train_full,PEM_R9_TwinAudit,PEM_R6_fixed,mse,240,240,-1.7036061741958486,-1.8572373111169178,-1.558511702526163,0.0029365271248416036,0.0028873382521087602,4.999750012499375e-05,True,percent_reduction,0.00014999250037498125,TwinAudit (ours),"Joint gaze, fixed proxy (prior version)",NATURAL VIDEO WITH SIMULATED SENSING
REDS_train,nominal,256,448,4,64,area,reds_train_full,PEM_R9_TwinAudit,PEM_R6_fixed,ssim,240,240,0.34232509626693775,0.3122589234396922,0.3733645991206383,0.7443672032283123,0.746924111913461,4.999750012499375e-05,False,percent_reduction,0.00014999250037498125,TwinAudit (ours),"Joint gaze, fixed proxy (prior version)",NATURAL VIDEO WITH SIMULATED SENSING
REDS_train,nominal,256,448,4,64,area,reds_train_full,PEM_R9_TwinAudit,PEM_R6_fixed,augmented_pqv,240,240,75.7101587813926,73.92992358270016,77.5887507025468,7.180853488265215e-10,2.956319649699591e-09,4.999750012499375e-05,True,percent_reduction,0.00014999250037498125,TwinAudit (ours),"Joint gaze, fixed proxy (prior version)",NATURAL VIDEO WITH SIMULATED SENSING
REDS_train,nominal,256,448,4,64,area,reds_train_full,PEM_R9_TwinAudit,PEM_R6_fixed,augmented_squared_error,240,240,80.60105686047456,70.86610588424305,86.32164860949597,6.610260303202172e-10,3.4075363052813605e-09,4.999750012499375e-05,True,percent_reduction,0.00014999250037498125,TwinAudit (ours),"Joint gaze, fixed proxy (prior version)",NATURAL VIDEO WITH SIMULATED SENSING
REDS_train,nominal,256,448,4,64,area,reds_train_full,PEM_R9_TwinAudit,PEM_R6_fixed,cs_final_width,240,240,77.36847293388286,76.88316167939331,77.83798936909356,0.007742143435883771,0.03420954941867332,4.999750012499375e-05,True,percent_reduction,0.00014999250037498125,TwinAudit (ours),"Joint gaze, fixed proxy (prior version)",NATURAL VIDEO WITH SIMULATED SENSING
REDS_train,nominal,256,448,4,64,area,reds_train_full,PEM_R9_TwinAudit,PEM_R6_fixed,online_total_ms_mean,240,240,-53.004952147385254,-53.90812312511872,-52.08388765898968,495.04204999153444,323.5464231998679,4.999750012499375e-05,True,percent_reduction,0.00014999250037498125,TwinAudit (ours),"Joint gaze, fixed proxy (prior version)",NATURAL VIDEO WITH SIMULATED SENSING
REDS_train,nominal,256,448,4,64,area,reds_train_full,PEM_R9_TwinAudit,PEM_R6_fixed,psnr_db,240,240,-0.08185212558728755,-0.08828968718535822,-0.07581878711640162,26.087688326562233,26.169540452149523,4.999750012499375e-05,True,difference_dB,0.00014999250037498125,TwinAudit (ours),"Joint gaze, fixed proxy (prior version)",NATURAL VIDEO WITH SIMULATED SENSING
REDS_train,nominal,256,448,4,64,area,reds_train_full,PEM_R9_TwinAudit,PEM_greedy,mse,240,240,-2.0088264914000176,-2.1832608504509237,-1.8404232566023693,0.0029365271248416036,0.0028786990556049297,4.999750012499375e-05,True,percent_reduction,0.00014999250037498125,TwinAudit (ours),Greedy gaze,NATURAL VIDEO WITH SIMULATED SENSING
REDS_train,nominal,256,448,4,64,area,reds_train_full,PEM_R9_TwinAudit,PEM_greedy,ssim,240,240,0.4292697835287518,0.3940549668604715,0.46577486549081226,0.7443672032283123,0.7475763224895755,4.999750012499375e-05,False,percent_reduction,0.00014999250037498125,TwinAudit (ours),Greedy gaze,NATURAL VIDEO WITH SIMULATED SENSING
REDS_train,nominal,256,448,4,64,area,reds_train_full,PEM_R9_TwinAudit,PEM_greedy,augmented_pqv,240,240,97.80735152857919,97.55753984321099,98.04402264933567,7.180853488265215e-10,3.274967958549279e-08,4.999750012499375e-05,True,percent_reduction,0.00014999250037498125,TwinAudit (ours),Greedy gaze,NATURAL VIDEO WITH SIMULATED SENSING
REDS_train,nominal,256,448,4,64,area,reds_train_full,PEM_R9_TwinAudit,PEM_greedy,augmented_squared_error,240,240,97.33617806981856,94.15309004700845,98.67777204279082,6.610260303202172e-10,2.4814948132632595e-08,4.999750012499375e-05,True,percent_reduction,0.00014999250037498125,TwinAudit (ours),Greedy gaze,NATURAL VIDEO WITH SIMULATED SENSING
REDS_train,nominal,256,448,4,64,area,reds_train_full,PEM_R9_TwinAudit,PEM_greedy,cs_final_width,240,240,98.14700612117446,98.11105200128834,98.182030303222,0.007742143435883771,0.41781807939866983,4.999750012499375e-05,True,percent_reduction,0.00014999250037498125,TwinAudit (ours),Greedy gaze,NATURAL VIDEO WITH SIMULATED SENSING
REDS_train,nominal,256,448,4,64,area,reds_train_full,PEM_R9_TwinAudit,PEM_greedy,online_total_ms_mean,240,240,-57.46843187046109,-58.521058290022985,-56.378915136259295,495.04204999153444,314.3754237666969,4.999750012499375e-05,True,percent_reduction,0.00014999250037498125,TwinAudit (ours),Greedy gaze,NATURAL VIDEO WITH SIMULATED SENSING
REDS_train,nominal,256,448,4,64,area,reds_train_full,PEM_R9_TwinAudit,PEM_greedy,psnr_db,240,240,-0.09608399242207866,-0.10291624493248783,-0.08960263841511448,26.087688326562233,26.18377231898431,4.999750012499375e-05,True,difference_dB,0.00014999250037498125,TwinAudit (ours),Greedy gaze,NATURAL VIDEO WITH SIMULATED SENSING
REDS_train,nominal,256,448,4,64,area,reds_train_full,PEM_R9_TwinAudit,PPAT2026_M1,mse,240,240,3.9448596084837195,3.6584227494339063,4.24555892733374,0.0029365271248416036,0.0030571264722246572,4.999750012499375e-05,True,percent_reduction,0.00014999250037498125,TwinAudit (ours),"PPAT (2026), M=1",NATURAL VIDEO WITH SIMULATED SENSING
REDS_train,nominal,256,448,4,64,area,reds_train_full,PEM_R9_TwinAudit,PPAT2026_M1,ssim,240,240,-0.6172042341987094,-0.6695903794032088,-0.5668501697907602,0.7443672032283123,0.7398011193947583,4.999750012499375e-05,False,percent_reduction,0.00014999250037498125,TwinAudit (ours),"PPAT (2026), M=1",NATURAL VIDEO WITH SIMULATED SENSING
REDS_train,nominal,256,448,4,64,area,reds_train_full,PEM_R9_TwinAudit,PPAT2026_M1,augmented_pqv,240,240,-83.62005346092315,-95.36401745235477,-71.25906597332595,7.180853488265215e-10,3.910713101820003e-10,4.999750012499375e-05,True,percent_reduction,0.00014999250037498125,TwinAudit (ours),"PPAT (2026), M=1",NATURAL VIDEO WITH SIMULATED SENSING
REDS_train,nominal,256,448,4,64,area,reds_train_full,PEM_R9_TwinAudit,PPAT2026_M1,augmented_squared_error,240,240,-80.88977579243613,-152.38521669139595,-31.1274244825065,6.610260303202172e-10,3.654302889283905e-10,0.00034998250087495624,True,percent_reduction,0.00034998250087495624,TwinAudit (ours),"PPAT (2026), M=1",NATURAL VIDEO WITH SIMULATED SENSING
REDS_train,nominal,256,448,4,64,area,reds_train_full,PEM_R9_TwinAudit,PPAT2026_M1,cs_final_width,240,240,-20.08919289862272,-21.3559500176629,-18.834082875347356,0.007742143435883771,0.00644699431231881,4.999750012499375e-05,True,percent_reduction,0.00014999250037498125,TwinAudit (ours),"PPAT (2026), M=1",NATURAL VIDEO WITH SIMULATED SENSING
REDS_train,nominal,256,448,4,64,area,reds_train_full,PEM_R9_TwinAudit,PPAT2026_M1,online_total_ms_mean,240,240,-53.678859478884064,-54.29943803947791,-53.049016901631916,495.04204999153444,322.12761837912694,4.999750012499375e-05,True,percent_reduction,0.00014999250037498125,TwinAudit (ours),"PPAT (2026), M=1",NATURAL VIDEO WITH SIMULATED SENSING
REDS_train,nominal,256,448,4,64,area,reds_train_full,PEM_R9_TwinAudit,PPAT2026_M1,psnr_db,240,240,0.21517583403298698,0.20015976913283565,0.2308011621660942,26.087688326562233,25.87251249252925,4.999750012499375e-05,True,difference_dB,0.00014999250037498125,TwinAudit (ours),"PPAT (2026), M=1",NATURAL VIDEO WITH SIMULATED SENSING
REDS_train,nominal,256,448,4,64,bicubic,bicubic,PEM_R9_TwinAudit,PEM_R6_fixed,mse,15,15,-1.60470498165719,-2.3484586809717314,-1.0059004797829163,0.0025941324308961077,0.002553161717623637,9.99950002499875e-05,True,percent_reduction,0.0008999550022498875,TwinAudit (ours),"Joint gaze, fixed proxy (prior version)",NATURAL VIDEO WITH SIMULATED SENSING
REDS_train,nominal,256,448,4,64,bicubic,bicubic,PEM_R9_TwinAudit,PEM_R6_fixed,ssim,15,15,0.319786014218415,0.19702903093613416,0.45233820950383025,0.7607907350426427,0.7632314424517208,9.99950002499875e-05,False,percent_reduction,0.00119994000299985,TwinAudit (ours),"Joint gaze, fixed proxy (prior version)",NATURAL VIDEO WITH SIMULATED SENSING
REDS_train,nominal,256,448,4,64,bicubic,bicubic,PEM_R9_TwinAudit,PEM_R6_fixed,augmented_pqv,15,15,75.14673902867872,72.6465521258474,77.55907377620817,3.760034117964894e-10,1.5128936690857912e-09,9.99950002499875e-05,True,percent_reduction,0.000999950002499875,TwinAudit (ours),"Joint gaze, fixed proxy (prior version)",NATURAL VIDEO WITH SIMULATED SENSING
REDS_train,nominal,256,448,4,64,bicubic,bicubic,PEM_R9_TwinAudit,PEM_R6_fixed,augmented_squared_error,15,15,85.35985189141628,66.32418763857348,96.72750004839138,4.1035709691979645e-10,2.802957278001844e-09,0.0019499025048747563,True,percent_reduction,0.021448927553622318,TwinAudit (ours),"Joint gaze, fixed proxy (prior version)",NATURAL VIDEO WITH SIMULATED SENSING
REDS_train,nominal,256,448,4,64,bicubic,bicubic,PEM_R9_TwinAudit,PEM_R6_fixed,cs_final_width,15,15,77.00490675456277,75.39301301887265,78.47081534765182,0.007480031916318749,0.03252881750241635,4.999750012499375e-05,True,percent_reduction,0.000599970001499925,TwinAudit (ours),"Joint gaze, fixed proxy (prior version)",NATURAL VIDEO WITH SIMULATED SENSING
REDS_train,nominal,256,448,4,64,bicubic,bicubic,PEM_R9_TwinAudit,PEM_R6_fixed,online_total_ms_mean,15,15,-50.44119762452408,-52.69319074172498,-48.265246150673846,520.5525566677485,346.01729106608155,0.00014999250037498125,True,percent_reduction,0.0008999550022498875,TwinAudit (ours),"Joint gaze, fixed proxy (prior version)",NATURAL VIDEO WITH SIMULATED SENSING
REDS_train,nominal,256,448,4,64,bicubic,bicubic,PEM_R9_TwinAudit,PEM_R6_fixed,psnr_db,15,15,-0.07743994034106952,-0.10008915338292368,-0.05635339181602493,26.516524975801822,26.59396491614289,9.99950002499875e-05,True,difference_dB,0.0007999600019999,TwinAudit (ours),"Joint gaze, fixed proxy (prior version)",NATURAL VIDEO WITH SIMULATED SENSING
REDS_train,nominal,256,448,4,64,bicubic,bicubic,PEM_R9_TwinAudit,PEM_R8_certified,mse,15,15,-0.1354074208858247,-0.5111278655782969,0.21383530212722182,0.0025941324308961077,0.002590624533031095,0.5644717764111794,True,percent_reduction,1.0,TwinAudit (ours),Ours w/o write-audit constraint,NATURAL VIDEO WITH SIMULATED SENSING
REDS_train,nominal,256,448,4,64,bicubic,bicubic,PEM_R9_TwinAudit,PEM_R8_certified,ssim,15,15,-0.02365100068264514,-0.08684615588706812,0.05054450956435636,0.7607907350426427,0.7606108429669803,0.5249237538123094,False,percent_reduction,1.0,TwinAudit (ours),Ours w/o write-audit constraint,NATURAL VIDEO WITH SIMULATED SENSING
REDS_train,nominal,256,448,4,64,bicubic,bicubic,PEM_R9_TwinAudit,PEM_R8_certified,augmented_pqv,15,15,10.670174086808748,5.01953096541256,15.6487710021083,3.760034117964894e-10,4.209158676318044e-10,0.008349582520873956,True,percent_reduction,0.05009749512524374,TwinAudit (ours),Ours w/o write-audit constraint,NATURAL VIDEO WITH SIMULATED SENSING
REDS_train,nominal,256,448,4,64,bicubic,bicubic,PEM_R9_TwinAudit,PEM_R8_certified,augmented_squared_error,15,15,0.10115437374089709,-163.1124372876209,78.89438051295599,4.1035709691979645e-10,4.107726113823394e-10,0.99930003499825,True,percent_reduction,1.0,TwinAudit (ours),Ours w/o write-audit constraint,NATURAL VIDEO WITH SIMULATED SENSING
REDS_train,nominal,256,448,4,64,bicubic,bicubic,PEM_R9_TwinAudit,PEM_R8_certified,write_pqv,15,15,12.384176736991758,6.093572708817965,16.780172422300083,4.5681270179898865e-11,5.2138150939666725e-11,0.0073996300184990755,True,percent_reduction,0.022198890055497227,TwinAudit (ours),Ours w/o write-audit constraint,NATURAL VIDEO WITH SIMULATED SENSING
REDS_train,nominal,256,448,4,64,bicubic,bicubic,PEM_R9_TwinAudit,PEM_R8_certified,write_squared_error,15,15,37.251959385006,-331.24606787296995,77.8331167285734,3.799331053259867e-11,6.054899907666591e-11,0.8422578871056448,True,percent_reduction,1.0,TwinAudit (ours),Ours w/o write-audit constraint,NATURAL VIDEO WITH SIMULATED SENSING
REDS_train,nominal,256,448,4,64,bicubic,bicubic,PEM_R9_TwinAudit,PEM_R8_certified,cs_final_width,15,15,4.806400168661174,2.953919242751199,6.873581180890232,0.007480031916318749,0.007857704645660681,0.00034998250087495624,True,percent_reduction,0.000999950002499875,TwinAudit (ours),Ours w/o write-audit constraint,NATURAL VIDEO WITH SIMULATED SENSING
REDS_train,nominal,256,448,4,64,bicubic,bicubic,PEM_R9_TwinAudit,PEM_R8_certified,write_cs_final_width,15,15,2.483258312090242,0.9253932767413411,4.356260362749991,0.006962927858907677,0.007140238423051156,0.005449727513624319,True,percent_reduction,0.005449727513624319,TwinAudit (ours),Ours w/o write-audit constraint,NATURAL VIDEO WITH SIMULATED SENSING
REDS_train,nominal,256,448,4,64,bicubic,bicubic,PEM_R9_TwinAudit,PEM_R8_certified,online_total_ms_mean,15,15,0.22043062698399174,-0.9709169403944928,1.4670691178463933,520.5525566677485,521.702548867208,0.752162391880406,True,percent_reduction,0.752162391880406,TwinAudit (ours),Ours w/o write-audit constraint,NATURAL VIDEO WITH SIMULATED SENSING
REDS_train,nominal,256,448,4,64,bicubic,bicubic,PEM_R9_TwinAudit,PEM_R8_certified,psnr_db,15,15,-0.0008276464603180026,-0.018663250888252176,0.014034246542245691,26.516524975801822,26.51735262226214,0.9372031398430078,True,difference_dB,1.0,TwinAudit (ours),Ours w/o write-audit constraint,NATURAL VIDEO WITH SIMULATED SENSING
REDS_train,nominal,256,448,4,64,bicubic,bicubic,PEM_R9_TwinAudit,PEM_greedy,mse,15,15,-2.2437072025837113,-3.0717025577848225,-1.5796419898034393,0.0025941324308961077,0.002537204980015194,4.999750012499375e-05,True,percent_reduction,0.000599970001499925,TwinAudit (ours),Greedy gaze,NATURAL VIDEO WITH SIMULATED SENSING
REDS_train,nominal,256,448,4,64,bicubic,bicubic,PEM_R9_TwinAudit,PEM_greedy,ssim,15,15,0.4191917386203836,0.2772512939516836,0.5786834289155293,0.7607907350426427,0.7639933319738879,0.00014999250037498125,False,percent_reduction,0.0014999250037498126,TwinAudit (ours),Greedy gaze,NATURAL VIDEO WITH SIMULATED SENSING
REDS_train,nominal,256,448,4,64,bicubic,bicubic,PEM_R9_TwinAudit,PEM_greedy,augmented_pqv,15,15,97.55544078513297,97.19353784874939,97.82750083139862,3.760034117964894e-10,1.5381235582666896e-08,4.999750012499375e-05,True,percent_reduction,0.000599970001499925,TwinAudit (ours),Greedy gaze,NATURAL VIDEO WITH SIMULATED SENSING
REDS_train,nominal,256,448,4,64,bicubic,bicubic,PEM_R9_TwinAudit,PEM_greedy,augmented_squared_error,15,15,96.4261433895184,79.12415444649822,99.43537382585812,4.1035709691979645e-10,1.1482192534425666e-08,0.006899655017249137,True,percent_reduction,0.06899655017249137,TwinAudit (ours),Greedy gaze,NATURAL VIDEO WITH SIMULATED SENSING
REDS_train,nominal,256,448,4,64,bicubic,bicubic,PEM_R9_TwinAudit,PEM_greedy,cs_final_width,15,15,98.07230401771176,97.91131508167993,98.18762266009855,0.007480031916318749,0.38802964705252285,4.999750012499375e-05,True,percent_reduction,0.000599970001499925,TwinAudit (ours),Greedy gaze,NATURAL VIDEO WITH SIMULATED SENSING
REDS_train,nominal,256,448,4,64,bicubic,bicubic,PEM_R9_TwinAudit,PEM_greedy,online_total_ms_mean,15,15,-53.43104024762098,-56.298657852816255,-50.74636255798131,520.5525566677485,339.27460559977527,0.00034998250087495624,True,percent_reduction,0.001399930003499825,TwinAudit (ours),Greedy gaze,NATURAL VIDEO WITH SIMULATED SENSING
REDS_train,nominal,256,448,4,64,bicubic,bicubic,PEM_R9_TwinAudit,PEM_greedy,psnr_db,15,15,-0.10525769600287897,-0.13066120167446688,-0.08144841358291348,26.516524975801822,26.6217826718047,4.999750012499375e-05,True,difference_dB,0.000599970001499925,TwinAudit (ours),Greedy gaze,NATURAL VIDEO WITH SIMULATED SENSING
REDS_train,nominal,256,448,4,64,bicubic,bicubic,PEM_R9_TwinAudit,PEM_uniform,mse,15,15,4.080078703804668,3.0398606500067267,5.302772468260002,0.0025941324308961077,0.0027044772304238786,4.999750012499375e-05,True,percent_reduction,0.000599970001499925,TwinAudit (ours),Uniform gaze,NATURAL VIDEO WITH SIMULATED SENSING
REDS_train,nominal,256,448,4,64,bicubic,bicubic,PEM_R9_TwinAudit,PEM_uniform,ssim,15,15,-0.43661303043633914,-0.6037986803909534,-0.2260584977960313,0.7607907350426427,0.7574834635374378,0.0021498925053747312,False,percent_reduction,0.012899355032248387,TwinAudit (ours),Uniform gaze,NATURAL VIDEO WITH SIMULATED SENSING
REDS_train,nominal,256,448,4,64,bicubic,bicubic,PEM_R9_TwinAudit,PEM_uniform,augmented_pqv,15,15,-4.340663207706763,-20.20164183814882,7.04103379350678,3.760034117964894e-10,3.6036133970894405e-10,0.5314234288285585,True,percent_reduction,1.0,TwinAudit (ours),Uniform gaze,NATURAL VIDEO WITH SIMULATED SENSING
REDS_train,nominal,256,448,4,64,bicubic,bicubic,PEM_R9_TwinAudit,PEM_uniform,augmented_squared_error,15,15,-27.297151603799552,-468.8322928160228,76.69940475427839,4.1035709691979645e-10,3.223615703491893e-10,0.823458827058647,True,percent_reduction,1.0,TwinAudit (ours),Uniform gaze,NATURAL VIDEO WITH SIMULATED SENSING
REDS_train,nominal,256,448,4,64,bicubic,bicubic,PEM_R9_TwinAudit,PEM_uniform,cs_final_width,15,15,41.76040822342863,37.41700194451816,44.9678586001697,0.007480031916318749,0.012843551419479241,9.99950002499875e-05,True,percent_reduction,0.000999950002499875,TwinAudit (ours),Uniform gaze,NATURAL VIDEO WITH SIMULATED SENSING
REDS_train,nominal,256,448,4,64,bicubic,bicubic,PEM_R9_TwinAudit,PEM_uniform,online_total_ms_mean,15,15,-53.413263204372875,-54.92914647862597,-51.924181760776335,520.5525566677485,339.31391966696054,9.99950002499875e-05,True,percent_reduction,0.0007999600019999,TwinAudit (ours),Uniform gaze,NATURAL VIDEO WITH SIMULATED SENSING
REDS_train,nominal,256,448,4,64,bicubic,bicubic,PEM_R9_TwinAudit,PEM_uniform,psnr_db,15,15,0.21397855308251626,0.16626709898159128,0.26155284906713894,26.516524975801822,26.302546422719306,4.999750012499375e-05,True,difference_dB,0.000599970001499925,TwinAudit (ours),Uniform gaze,NATURAL VIDEO WITH SIMULATED SENSING
REDS_train,nominal,256,448,8,64,area,scale8,PEM_R9_TwinAudit,PEM_R6_fixed,mse,15,15,-0.8295318224639914,-1.3756110311691117,-0.3643410800772357,0.005848823855011499,0.0058007051597837814,0.0038498075096245186,True,percent_reduction,0.034648267586620665,TwinAudit (ours),"Joint gaze, fixed proxy (prior version)",NATURAL VIDEO WITH SIMULATED SENSING
REDS_train,nominal,256,448,8,64,area,scale8,PEM_R9_TwinAudit,PEM_R6_fixed,ssim,15,15,0.28818326809233463,0.11596590258878242,0.43989305681932156,0.598227177684419,0.5999561509272823,0.008249587520623968,False,percent_reduction,0.05774711264436778,TwinAudit (ours),"Joint gaze, fixed proxy (prior version)",NATURAL VIDEO WITH SIMULATED SENSING
REDS_train,nominal,256,448,8,64,area,scale8,PEM_R9_TwinAudit,PEM_R6_fixed,augmented_pqv,15,15,71.91397935576987,70.08182608259546,74.64275775974212,7.444042280516141e-09,2.650443925400094e-08,0.00014999250037498125,True,percent_reduction,0.0013499325033748313,TwinAudit (ours),"Joint gaze, fixed proxy (prior version)",NATURAL VIDEO WITH SIMULATED SENSING
REDS_train,nominal,256,448,8,64,area,scale8,PEM_R9_TwinAudit,PEM_R6_fixed,augmented_squared_error,15,15,70.69795608225866,-13.464988828223238,80.8506276601449,1.225010290120727e-08,4.180630858242032e-08,0.18759062046897654,True,percent_reduction,1.0,TwinAudit (ours),"Joint gaze, fixed proxy (prior version)",NATURAL VIDEO WITH SIMULATED SENSING
REDS_train,nominal,256,448,8,64,area,scale8,PEM_R9_TwinAudit,PEM_R6_fixed,cs_final_width,15,15,78.53995725142921,77.13718489438706,80.12963091485518,0.01187179039120934,0.05532044148420902,4.999750012499375e-05,True,percent_reduction,0.000599970001499925,TwinAudit (ours),"Joint gaze, fixed proxy (prior version)",NATURAL VIDEO WITH SIMULATED SENSING
REDS_train,nominal,256,448,8,64,area,scale8,PEM_R9_TwinAudit,PEM_R6_fixed,online_total_ms_mean,15,15,-50.94450493263301,-52.78187250549467,-49.10391146467548,487.4982096675473,322.9651916677055,9.99950002499875e-05,True,percent_reduction,0.0010999450027498626,TwinAudit (ours),"Joint gaze, fixed proxy (prior version)",NATURAL VIDEO WITH SIMULATED SENSING
REDS_train,nominal,256,448,8,64,area,scale8,PEM_R9_TwinAudit,PEM_R6_fixed,psnr_db,15,15,-0.042457887058436936,-0.06086429089459356,-0.022904318302448778,22.93797057521747,22.980428462275913,0.0014999250037498126,True,difference_dB,0.0119994000299985,TwinAudit (ours),"Joint gaze, fixed proxy (prior version)",NATURAL VIDEO WITH SIMULATED SENSING
REDS_train,nominal,256,448,8,64,area,scale8,PEM_R9_TwinAudit,PEM_R8_certified,mse,15,15,-0.007163101121743232,-0.49817174507726325,0.370004445555626,0.005848823855011499,0.005848404927852507,0.9740512974351282,True,percent_reduction,0.9740512974351282,TwinAudit (ours),Ours w/o write-audit constraint,NATURAL VIDEO WITH SIMULATED SENSING
REDS_train,nominal,256,448,8,64,area,scale8,PEM_R9_TwinAudit,PEM_R8_certified,ssim,15,15,-0.015999238788744208,-0.2198376565622734,0.19914009424298684,0.598227177684419,0.5981314812004711,0.8825058747062647,False,percent_reduction,1.0,TwinAudit (ours),Ours w/o write-audit constraint,NATURAL VIDEO WITH SIMULATED SENSING
REDS_train,nominal,256,448,8,64,area,scale8,PEM_R9_TwinAudit,PEM_R8_certified,augmented_pqv,15,15,16.00901840358391,5.867918368575903,23.214896238034747,7.444042280516141e-09,8.862906634768725e-09,0.024298785060746963,True,percent_reduction,0.12149392530373482,TwinAudit (ours),Ours w/o write-audit constraint,NATURAL VIDEO WITH SIMULATED SENSING
REDS_train,nominal,256,448,8,64,area,scale8,PEM_R9_TwinAudit,PEM_R8_certified,augmented_squared_error,15,15,-1.9715829158311715,-968.7756487743616,64.53072358290241,1.225010290120727e-08,1.2013251683381912e-08,0.9792010399480026,True,percent_reduction,1.0,TwinAudit (ours),Ours w/o write-audit constraint,NATURAL VIDEO WITH SIMULATED SENSING
REDS_train,nominal,256,448,8,64,area,scale8,PEM_R9_TwinAudit,PEM_R8_certified,write_pqv,15,15,-1.1411876051296677,-9.532964868223829,6.41555913187364,1.28214629144293e-09,1.2676796879710579e-09,0.76061196940153,True,percent_reduction,1.0,TwinAudit (ours),Ours w/o write-audit constraint,NATURAL VIDEO WITH SIMULATED SENSING
REDS_train,nominal,256,448,8,64,area,scale8,PEM_R9_TwinAudit,PEM_R8_certified,write_squared_error,15,15,-284.9582254988935,-1241.0819015885147,23.8333197087404,3.1845820907020193e-09,8.272539407554944e-10,0.23343832808359583,True,percent_reduction,0.6260686965651717,TwinAudit (ours),Ours w/o write-audit constraint,NATURAL VIDEO WITH SIMULATED SENSING
REDS_train,nominal,256,448,8,64,area,scale8,PEM_R9_TwinAudit,PEM_R8_certified,cs_final_width,15,15,14.414997606173108,10.394672932811744,17.575573098283478,0.01187179039120934,0.013871344346735256,0.000199990000499975,True,percent_reduction,0.0007499625018749063,TwinAudit (ours),Ours w/o write-audit constraint,NATURAL VIDEO WITH SIMULATED SENSING
REDS_train,nominal,256,448,8,64,area,scale8,PEM_R9_TwinAudit,PEM_R8_certified,write_cs_final_width,15,15,11.264256601824197,7.049132133759703,14.476207207533875,0.011278301083709785,0.012709986586917623,0.00034998250087495624,True,percent_reduction,0.0006999650017499125,TwinAudit (ours),Ours w/o write-audit constraint,NATURAL VIDEO WITH SIMULATED SENSING
REDS_train,nominal,256,448,8,64,area,scale8,PEM_R9_TwinAudit,PEM_R8_certified,online_total_ms_mean,15,15,0.5175150927762329,-0.532688790920644,1.4693407994294185,487.4982096675473,490.0342106675186,0.3510824458777061,True,percent_reduction,0.7021648917554122,TwinAudit (ours),Ours w/o write-audit constraint,NATURAL VIDEO WITH SIMULATED SENSING
REDS_train,nominal,256,448,8,64,area,scale8,PEM_R9_TwinAudit,PEM_R8_certified,psnr_db,15,15,-0.006463814855821681,-0.027745032966254152,0.011435002549062441,22.93797057521747,22.94443439007329,0.5939703014849258,True,difference_dB,0.5939703014849258,TwinAudit (ours),Ours w/o write-audit constraint,NATURAL VIDEO WITH SIMULATED SENSING
REDS_train,nominal,256,448,8,64,area,scale8,PEM_R9_TwinAudit,PEM_greedy,mse,15,15,-1.0818344462125928,-1.7259163806183415,-0.5326735366658496,0.005848823855011499,0.005786226463988205,0.0006999650017499125,True,percent_reduction,0.006999650017499125,TwinAudit (ours),Greedy gaze,NATURAL VIDEO WITH SIMULATED SENSING
REDS_train,nominal,256,448,8,64,area,scale8,PEM_R9_TwinAudit,PEM_greedy,ssim,15,15,0.35986369654695816,0.17298551873625806,0.5584959969948302,0.598227177684419,0.6003877552540917,0.00199990000499975,False,percent_reduction,0.015999200039998,TwinAudit (ours),Greedy gaze,NATURAL VIDEO WITH SIMULATED SENSING
REDS_train,nominal,256,448,8,64,area,scale8,PEM_R9_TwinAudit,PEM_greedy,augmented_pqv,15,15,97.58243184136644,97.35614820057263,97.83150256224616,7.444042280516141e-09,3.0791447405245594e-07,0.0002999850007499625,True,percent_reduction,0.0020998950052497373,TwinAudit (ours),Greedy gaze,NATURAL VIDEO WITH SIMULATED SENSING
REDS_train,nominal,256,448,8,64,area,scale8,PEM_R9_TwinAudit,PEM_greedy,augmented_squared_error,15,15,95.53765643775225,89.80066174927605,98.37996112631946,1.225010290120727e-08,2.745217334865336e-07,0.0010499475026248687,True,percent_reduction,0.010499475026248687,TwinAudit (ours),Greedy gaze,NATURAL VIDEO WITH SIMULATED SENSING
REDS_train,nominal,256,448,8,64,area,scale8,PEM_R9_TwinAudit,PEM_greedy,cs_final_width,15,15,98.19756288366055,98.05170199524989,98.33548732187118,0.01187179039120934,0.6586521262566765,9.99950002499875e-05,True,percent_reduction,0.0006999650017499125,TwinAudit (ours),Greedy gaze,NATURAL VIDEO WITH SIMULATED SENSING
REDS_train,nominal,256,448,8,64,area,scale8,PEM_R9_TwinAudit,PEM_greedy,online_total_ms_mean,15,15,-54.15812573776626,-56.143487803257855,-52.17276220026111,487.4982096675473,316.23257440014277,9.99950002499875e-05,True,percent_reduction,0.0010999450027498626,TwinAudit (ours),Greedy gaze,NATURAL VIDEO WITH SIMULATED SENSING
REDS_train,nominal,256,448,8,64,area,scale8,PEM_R9_TwinAudit,PEM_greedy,psnr_db,15,15,-0.055402254947837314,-0.07757328793766904,-0.03402359160378026,22.93797057521747,22.993372830165306,0.00024998750062496874,True,difference_dB,0.0024998750062496873,TwinAudit (ours),Greedy gaze,NATURAL VIDEO WITH SIMULATED SENSING
REDS_train,nominal,256,448,8,64,area,scale8,PEM_R9_TwinAudit,PEM_uniform,mse,15,15,3.173333550696622,2.674898191279697,3.7965658007888616,0.005848823855011499,0.006040509365334634,9.99950002499875e-05,True,percent_reduction,0.00119994000299985,TwinAudit (ours),Uniform gaze,NATURAL VIDEO WITH SIMULATED SENSING
REDS_train,nominal,256,448,8,64,area,scale8,PEM_R9_TwinAudit,PEM_uniform,ssim,15,15,-1.1594257847108436,-1.323758958951905,-0.9981168804397678,0.598227177684419,0.5913706736113509,0.000199990000499975,False,percent_reduction,0.0023998800059997,TwinAudit (ours),Uniform gaze,NATURAL VIDEO WITH SIMULATED SENSING
REDS_train,nominal,256,448,8,64,area,scale8,PEM_R9_TwinAudit,PEM_uniform,augmented_pqv,15,15,13.2151043550921,0.18616446685260096,25.98597250531135,7.444042280516141e-09,8.577578189382682e-09,0.10114494275286236,True,percent_reduction,0.23203839808009602,TwinAudit (ours),Uniform gaze,NATURAL VIDEO WITH SIMULATED SENSING
REDS_train,nominal,256,448,8,64,area,scale8,PEM_R9_TwinAudit,PEM_uniform,augmented_squared_error,15,15,-33.58087202334259,-479.9205459333865,31.209785148487438,1.225010290120727e-08,9.170551678287162e-09,0.5023748812559372,True,percent_reduction,1.0,TwinAudit (ours),Uniform gaze,NATURAL VIDEO WITH SIMULATED SENSING
REDS_train,nominal,256,448,8,64,area,scale8,PEM_R9_TwinAudit,PEM_uniform,cs_final_width,15,15,43.743536731218136,40.787897991798204,46.46893588235657,0.01187179039120934,0.0211029803535433,4.999750012499375e-05,True,percent_reduction,0.000599970001499925,TwinAudit (ours),Uniform gaze,NATURAL VIDEO WITH SIMULATED SENSING
REDS_train,nominal,256,448,8,64,area,scale8,PEM_R9_TwinAudit,PEM_uniform,online_total_ms_mean,15,15,-55.68433657629834,-57.88882557802462,-53.6144878267815,487.4982096675473,313.13247073422343,0.00014999250037498125,True,percent_reduction,0.0010999450027498626,TwinAudit (ours),Uniform gaze,NATURAL VIDEO WITH SIMULATED SENSING
REDS_train,nominal,256,448,8,64,area,scale8,PEM_R9_TwinAudit,PEM_uniform,psnr_db,15,15,0.15846636225570165,0.13074826318526211,0.18779130822846773,22.93797057521747,22.779504212961772,9.99950002499875e-05,True,difference_dB,0.00119994000299985,TwinAudit (ours),Uniform gaze,NATURAL VIDEO WITH SIMULATED SENSING
