dataset,regime,height,width,factor,fovea,preview_kernel,study,method,acquisition_fraction,audit_true,augmented_error,augmented_estimate,augmented_mean_conditional_bias,augmented_pqv,augmented_squared_error,certificate_gamma_max,certificate_kappa,certified_importance_actual_max,controller_ms_mean,cs_empty_frames,cs_final_covered,cs_final_width,cs_simultaneous_covered,cs_valid_assumptions,dual_reference_mix_mean,effective_actions_mean,energy_pqv,frames,hindsight_best_fixed_pqv,hindsight_weight_energy,hindsight_weight_learned,hindsight_weight_zero,ipw_error,ipw_estimate,ipw_pqv,ipw_squared_error,kappa,learned_pqv,max_predicted_moment_ratio,max_write_predicted_moment_ratio,min_propensity,mse,naive_error,naive_estimate,naive_mean_conditional_bias,naive_squared_error,online_mixture_regret_pqv,online_total_ms_mean,online_total_ms_p95,past_fovea_mse,plugin_error,plugin_estimate,plugin_squared_error,ppat_m1_error,ppat_m1_estimate,ppat_m1_squared_error,ppat_pqv,pre_mse,preview_mse,psnr_frame_mean,psnr_from_mean_mse,ssim,temporal_residual_mse,write_cs_final_width,write_cs_simultaneous_covered,write_error,write_estimate,write_frames,write_kappa,write_pqv,write_squared_error,write_true,source_clusters,clips,display_name,evidence_scope
DAVIS,biased_stress,256,448,4,64,area,bias_negative_control,PEM_R9_TwinAudit,0.09821428571428571,0.0002042148633636055,8.688234755902537e-06,0.00021290309811950803,-2.2163671532484414e-08,9.108097268880256e-10,9.916451434496774e-10,0.014970724904351985,2.5,0.014542697911025792,380.5287391034655,0.0,1.0,0.009459164553083661,1.0,0.0,0.21871166905119885,3.881556525618003,7.022806136622231e-10,72.66666666666667,6.773046606482868e-10,0.735389129747693,0.19794420358564038,0.06666666666666667,2.64457907582134e-05,0.0002306606541218189,3.064289990699804e-09,8.456942200822134e-09,2.0,9.978085527541637e-10,2.00000000002,1.883584477049841,0.0022471239051912147,0.002155558288359556,0.0002977962382457676,0.0005020111016093732,0.00026857638791840413,1.8841184048261794e-07,2.3350506623973885e-10,501.330650173052,596.4666406769538,0.0024588270138109583,-2.5712264146264737e-05,0.00017850259921734076,5.474672632223646e-09,2.928155271312256e-05,0.00023349641607672803,4.195126577103213e-09,5.069809117294091e-09,0.0021672246616459,0.002371439531463831,27.869558600224845,27.31343968315482,0.7438923800519185,0.0034110835608201196,0.009061699051250411,1.0,3.706181526663982e-06,4.057668945943956e-05,71.66666666666667,2.0,9.880938946681263e-11,5.473052749771304e-11,3.687050793277557e-05,15,15,TwinAudit (ours),NATURAL VIDEO WITH SIMULATED SENSING
DAVIS,clean,256,448,4,64,bicubic,neural_native,BasicVSRpp2022_causal_memory,0.09821428571428571,0.0011513622461669498,3.7078731292790185e-05,0.0011884409774597401,0.0,6.790307040013565e-09,1.3567397073690474e-08,,2.5,0.06416542074460992,244.52488675727673,0.0,1.0,0.028895955907650612,1.0,1.0,,27.999999999999993,1.3186844598861703e-09,74.6,1.2289721423707604e-09,0.8689088902759285,0.09449196112245166,0.03659914860161973,2.4614775038741015e-05,0.001175977021205691,1.7190314035376448e-08,1.908608931861539e-08,2.0,6.790307040013565e-09,1.0,1.0,0.03571428571428571,0.0010139834669693295,2.4614775038741015e-05,0.001175977021205691,-5.274281777291493e-20,1.908608931861539e-08,5.561334897642804e-09,15094.940873435346,16541.839162998513,0.000953264381809938,-0.00023105768542094587,0.000920304560746004,1.0439588734553518e-07,3.7078731292790185e-05,0.0011884409774597401,1.3567397073690474e-08,6.790307040013565e-09,0.001049250498126646,0.002200612744640425,31.225734252288163,31.01120739462713,0.8861855222543985,0.0012304836564843685,0.011408199050694182,1.0,7.324359856226406e-07,1.3301118425391789e-05,73.6,2.0,1.3648696737762113e-10,1.0519894132232965e-10,1.2568682439769148e-05,10,10,BasicVSR++ causal (CVPR 2022) + patch + memory,NATURAL VIDEO WITH SIMULATED SENSING
DAVIS,clean,256,448,4,64,bicubic,neural_native,BasicVSRpp2022_causal_memory_R9,0.09821428571428571,0.0011466927102955107,-6.668616180797684e-06,0.001140024094114713,0.0,5.674632243114356e-09,3.497545855869498e-09,0.0656763519520824,2.5,0.060336043453668074,242.0203287969626,0.0,1.0,0.030893805449526378,1.0,1.0,0.1253449103502538,3.208784247685176,2.505856494176863e-09,74.6,2.2139479206432086e-09,0.736187897206387,0.22468982973241824,0.039122273061194715,-8.858582484054606e-05,0.0010581068854549648,3.072059204053592e-08,3.341329800159309e-08,2.0,6.890581315252277e-09,2.00000000002,2.00000000002,0.003081682413777701,0.0009956790680098744,0.0011807634882514653,0.002327456198546976,0.0011480874758717837,1.7605905729866174e-06,3.460684322471146e-09,15092.436315475032,16534.263462498056,0.0011783646161086566,-0.00020336309638722142,0.0009433296139082896,8.340040130217729e-08,2.0094809852264047e-05,0.001166787520147775,1.935238478699469e-08,3.1024721418239546e-08,0.0010539200391704224,0.002200612744640425,31.395023112087863,31.161772022453885,0.8858181314568642,0.00119718225562388,0.014710919163675206,1.0,-6.340150310037017e-06,9.540397112614595e-06,73.6,2.0,3.644170481990287e-10,8.397828473435171e-10,1.5880547422651612e-05,10,10,BasicVSR++ causal (CVPR 2022) + TwinAudit gaze (ours),NATURAL VIDEO WITH SIMULATED SENSING
DAVIS,clean,256,448,4,64,bicubic,neural_native,BasicVSRpp2022_causal_patch,0.09821428571428571,0.001066732707729673,3.0437272658845548e-05,0.0010971699803885185,0.0,5.9615878654349065e-09,1.232996249650806e-08,,2.5,0.05950105816259131,135.05018613378996,0.0,1.0,0.02726991092382709,1.0,1.0,,27.999999999999993,5.525580270882338e-10,74.6,5.398449663728358e-10,0.9678796251043031,0.02764597436545687,0.004474400530239903,1.87731059949458e-05,0.0010855058137246188,1.4927934393985413e-08,1.8445868111441792e-08,2.0,5.9615878654349065e-09,1.0,0.0,0.03571428571428571,0.0010953818923372283,1.87731059949458e-05,0.0010855058137246188,-4.5429575749525923e-20,1.8445868111441792e-08,5.4217428990620694e-09,14985.46617281186,16431.238319502154,0.0010956880819904112,-0.00014924670726136212,0.000917486000468311,4.648262594523166e-08,3.0437272658845548e-05,0.0010971699803885185,1.232996249650806e-08,5.9615878654349065e-09,0.001133880037425816,0.002200612744640425,31.086137086931444,30.86657218772722,0.8801437822243509,0.0012459037180188193,0.0,1.0,0.0,0.0,0.0,2.0,0.0,0.0,0.0,10,10,BasicVSR++ causal (CVPR 2022) + patch,NATURAL VIDEO WITH SIMULATED SENSING
DAVIS,clean,256,448,4,64,bicubic,neural_native,BasicVSRpp2022_offline_patch,0.09821428571428571,0.001182155634417146,3.5514269588981726e-05,0.0012176699040061278,0.0,7.196645862405578e-09,1.3279872366683686e-08,,2.5,0.06094717329888767,135.4877378993047,0.0,1.0,0.02827297135879368,1.0,1.0,,27.999999999999993,8.695463095487137e-10,74.6,7.695447446379798e-10,0.969340954217091,0.009465084881839066,0.02119396090107003,1.9422925911611608e-05,0.0012015785603287578,1.6916312211469843e-08,1.777047424367333e-08,2.0,7.196645862405578e-09,1.0,0.0,0.03571428571428571,0.0009841044193671532,1.9422925911611608e-05,0.0012015785603287578,-5.704357587915369e-20,1.777047424367333e-08,6.427101117767598e-09,2549.4629250567014,2590.025164725157,0.0009906359332278463,-0.0002180546803409253,0.0009641009540762207,8.020019273150162e-08,3.551426958898173e-05,0.0012176699040061278,1.3279872366683686e-08,7.19664586240558e-09,0.0010184571084931094,0.002200612744640425,31.63911356486745,31.429985076881668,0.8901472109063271,0.0010945205502376864,0.0,1.0,0.0,0.0,0.0,2.0,0.0,0.0,0.0,10,10,"BasicVSR++ offline, non-causal (CVPR 2022) + patch",NATURAL VIDEO WITH SIMULATED SENSING
DAVIS,clean,256,448,4,64,bicubic,neural_native,NanoSR2025_memory,0.09821428571428571,0.0008418640930849208,2.249090598494221e-05,0.0008643549990698631,0.0,4.199825645733363e-09,8.142423537958061e-09,,2.5,0.06091489664307004,240.7545216769312,0.0,1.0,0.025537249626984993,1.0,1.0,,27.999999999999993,2.0353018206671497e-09,74.6,1.664019706384834e-09,0.711060721765658,0.19080513235250812,0.0981341458818338,1.7943274378844017e-05,0.0008598073674637649,1.1701306017069085e-08,1.0426166705962502e-08,2.0,4.199825645733363e-09,1.0,1.0,0.03571428571428571,0.0013121898421529093,1.7943274378844017e-05,0.0008598073674637649,-3.668668890731765e-20,1.0426166705962502e-08,2.535805939348529e-09,462.78803962120236,535.0986854991061,0.0012389122670689878,-4.500394172785143e-05,0.0007968601513570695,1.9385055054112795e-08,2.249090598494221e-05,0.0008643549990698631,8.142423537958061e-09,4.199825645733364e-09,0.0013587486458158608,0.002200612744640425,29.817717034785687,29.587263536347013,0.854254950165737,0.0016926275694132092,0.012777014681184409,1.0,2.4453949653651247e-06,1.995994114024872e-05,73.6,2.0,2.067970457314785e-10,1.0685075296141509e-10,1.7514546174883598e-05,10,10,NanoSR (NTIRE 2025) + patch + memory,NATURAL VIDEO WITH SIMULATED SENSING
DAVIS,clean,256,448,4,64,bicubic,neural_native,NanoSR2025_memory_R9,0.09821428571428571,0.0008397720722893047,-4.029715470805687e-07,0.000839369100742224,0.0,4.669898369684824e-09,5.398563624045513e-09,0.05240455864170569,2.5,0.049019908586910965,234.7623861651165,0.0,1.0,0.026501631053832443,1.0,1.0,0.10265685037762266,3.047577681517557,3.755318076737643e-09,74.6,2.9544837336144155e-09,0.5494258452690304,0.27544624233530096,0.1751279123956686,-1.6159973077231706e-05,0.0008236120992120728,2.1800746364062658e-08,3.3963230366480026e-08,2.0,5.277045877894096e-09,2.00000000002,2.00000000002,0.002902586605548114,0.0012836953342520974,0.0008670519502543283,0.0017068240225436328,0.000836615776453789,1.018261615283685e-06,1.7154146360704086e-09,456.7959041093876,530.4718155102455,0.0015024428858699105,-4.898149921354256e-05,0.0007907905730757621,2.087151018128467e-08,4.227146355530898e-05,0.0008820435358446137,3.984983160572411e-08,2.412625663882236e-08,0.001360840673013119,0.002200612744640425,29.973899534047995,29.723432356592827,0.8537654461161092,0.0016459676779421264,0.015354750085511445,1.0,-9.238546166930952e-06,1.0727793958690062e-05,73.6,2.0,5.428887492925375e-10,2.1799516562612678e-09,1.9966340125621012e-05,10,10,NanoSR (NTIRE 2025) + TwinAudit gaze (ours),NATURAL VIDEO WITH SIMULATED SENSING
DAVIS,clean,256,448,4,64,bicubic,neural_native,NanoSR2025_patch,0.09821428571428571,0.0007342753560066677,1.2300632764783488e-05,0.0007465759887714512,0.0,3.5040770756221917e-09,7.996547465979866e-09,,2.5,0.050169175710158095,134.3285389227446,0.0,1.0,0.022903048645719227,1.0,1.0,,27.999999999999993,1.0787489985153455e-09,74.6,8.752616269129521e-10,0.8804731357202484,0.07278720370140426,0.04673966057834722,9.495969580564633e-06,0.0007437713255872324,8.820357857038223e-09,9.697656112509743e-09,2.0,3.5040770756221917e-09,1.0,0.0,0.03571428571428571,0.0014156344339210135,9.495969580564633e-06,0.0007437713255872324,-3.659553815505278e-20,9.697656112509743e-09,2.62881544870924e-09,356.3620568670157,416.69976300370763,0.0014399766658563812,2.6641571190803597e-05,0.0007609169271974713,1.2270100001976635e-08,1.2300632764783488e-05,0.0007465759887714512,7.996547465979866e-09,3.5040770756221933e-09,0.0014663373855795703,0.002200612744640425,29.63813108452107,29.395748085294663,0.8461568442747401,0.001731016691485989,0.0,1.0,0.0,0.0,0.0,2.0,0.0,0.0,0.0,10,10,NanoSR (NTIRE 2025) + patch,NATURAL VIDEO WITH SIMULATED SENSING
DAVIS,clean,256,448,4,64,bicubic,neural_native,PEM_R6_fixed,0.09821428571428571,0.0003336343938612736,-2.6622439682569823e-05,0.00030701195417870376,0.0,4.125914168186671e-09,2.5201881770521487e-09,,2.5,0.09878680955504479,139.41446087620437,0.0,1.0,0.03642290581862212,1.0,1.0,,1.5993399954756669,1.7604768038016513e-09,74.6,1.6012715510679066e-09,0.46484332843681087,0.5222680827064933,0.012888588856695896,-1.1986024128806145e-05,0.0003216483697324674,2.195820358440418e-08,7.765920638135046e-09,2.0,4.125914168186671e-09,1.9999999999999012,0.0,0.0017857142857142852,0.0017384526015650798,5.691268795375373e-05,0.0003905470818150273,6.681102157652681e-05,9.1090882277613e-08,2.5246426171187647e-09,223.44976280631482,262.9202665045159,0.0022721629211843314,-2.297660543822749e-05,0.0003106577884230461,2.907060854693013e-09,8.120931222229976e-05,0.00041484370608357336,6.785889795751802e-08,3.161845255321943e-08,0.0018669783495706982,0.002200612744640425,28.64673174547683,28.397749130552086,0.8179880521388041,0.0023754065249593703,0.0,1.0,0.0,0.0,0.0,2.0,0.0,0.0,0.0,10,10,"Joint gaze, fixed proxy (prior version)",NATURAL VIDEO WITH SIMULATED SENSING
DAVIS,clean,256,448,4,64,bicubic,neural_native,PEM_R9_TwinAudit,0.09821428571428571,0.00031256379182183143,1.1036893599179244e-05,0.0003236006854210107,0.0,1.213664965229687e-09,1.7158364216085626e-09,0.019335042715912725,2.5,0.01862704722653764,250.0748351799165,0.0,1.0,0.01059831591562527,1.0,1.0,0.1856961177559161,3.6603430900743943,5.336152443429231e-10,74.6,5.04221392459029e-10,0.6862118488367583,0.3136733913690265,0.00011475979421513732,1.3505262286766691e-05,0.00032606905410859815,5.990910077914482e-09,1.9284334755419774e-09,2.0,1.6073727360983466e-09,2.00000000002,1.965044945407302,0.0017857142857142859,0.001773275875140469,0.0003861574726030819,0.0006987212644249134,0.00036597981036133977,2.1341444843302822e-07,7.094435727706579e-10,334.110137110027,390.78238499874715,0.0021207004943896548,-3.0663086788907964e-05,0.0002819007050329235,4.2279001663257506e-09,-3.726081162722907e-06,0.0003088377106591085,3.110687488846025e-09,9.946471886114935e-09,0.00188804895161014,0.002200612744640425,28.549570957869122,28.305571985449337,0.8158175802471238,0.0024201291677579907,0.009634977039650184,1.0,6.07386821546807e-08,4.4854280805204076e-05,73.6,2.0,4.021799466651153e-11,2.6917626433942493e-11,4.47935421230494e-05,10,10,TwinAudit (ours),NATURAL VIDEO WITH SIMULATED SENSING
DAVIS,clean,256,448,4,64,bicubic,neural_native,PEM_uniform,0.09821428571428571,0.00026738728354238045,-3.087477441448169e-06,0.00026429980610093233,0.0,1.724824110211808e-09,3.9180388889383136e-10,,2.5,0.043347724079607235,141.12013207616684,0.0,1.0,0.016247527096190442,1.0,1.0,,27.999999999999993,4.951368497972498e-10,74.6,4.4090781246080865e-10,0.5393714892235276,0.4606285107764724,2.49366499671666e-19,7.675180189656736e-06,0.0002750624637320372,7.983799688002309e-09,1.6617152679584967e-09,2.0,1.724824110211808e-09,1.0,0.0,0.03571428571428571,0.0018657829067266825,7.675180189656736e-06,0.0002750624637320372,-5.420142381662548e-21,1.6617152679584967e-09,1.2839162977509994e-09,225.1554340062773,265.13841150022927,0.00172874645938591,-7.558769192264058e-06,0.0002598285143501164,3.2577810391406253e-10,-3.087477441448169e-06,0.00026429980610093233,3.9180388889383136e-10,1.7248241102118084e-09,0.0019332254598895913,0.002200612744640425,28.23810835380027,28.019182527240183,0.8142533150912022,0.002570138279382942,0.0,1.0,0.0,0.0,0.0,2.0,0.0,0.0,0.0,10,10,Uniform gaze,NATURAL VIDEO WITH SIMULATED SENSING
DAVIS,clean,256,448,4,64,bicubic,neural_native,SCMSR2025_memory,0.09821428571428571,0.0008263180402939697,2.6590149500919197e-05,0.000852908189794889,0.0,3.981657178821275e-09,7.577303350472475e-09,,2.5,0.05970702240807378,235.03743376385395,0.0,1.0,0.025023395690499117,1.0,1.0,,27.999999999999993,1.881127719863791e-09,74.6,1.6914396342191583e-09,0.7226239420606055,0.20704198550164268,0.07033407243775182,2.10045965247999e-05,0.0008473226368187696,1.1388196478720938e-08,1.1880910599989889e-08,2.0,3.981657178821275e-09,1.0,1.0,0.03571428571428571,0.001327290010610903,2.10045965247999e-05,0.0008473226368187696,-3.565259422536671e-20,1.1880910599989889e-08,2.2902175446021175e-09,774.6460402798682,867.3741070048709,0.0012524059797977723,-4.33015890045022e-05,0.0007830164512894675,1.517559283906214e-08,2.6590149500919197e-05,0.000852908189794889,7.577303350472475e-09,3.981657178821276e-09,0.001374294699406381,0.002200612744640425,29.776770338397387,29.540659578887226,0.8535379805971747,0.0017066298663426915,0.012831518220358284,1.0,2.536039654208753e-06,2.052532001424849e-05,73.6,2.0,2.0248317702724953e-10,9.76576752206004e-11,1.7989280360039736e-05,10,10,SCMSR (NTIRE 2025) + patch + memory,NATURAL VIDEO WITH SIMULATED SENSING
DAVIS,clean,256,448,4,64,bicubic,neural_native,SCMSR2025_memory_R9,0.09821428571428571,0.000824014982401472,1.5869663999523396e-07,0.0008241736790414672,0.0,4.426000483696907e-09,6.239025289393071e-09,0.052005274686157246,2.5,0.0489251493429533,243.60710275292644,0.0,1.0,0.02618846077749564,1.0,1.0,0.10266053352958407,3.0529326757988744,3.4779785451799367e-09,74.6,2.874946651168666e-09,0.5794892157693756,0.27495210147617566,0.1455586827544487,-9.29196988697283e-05,0.0007310952835317437,2.095289824194791e-08,4.527354817511218e-08,2.0,4.916814927038647e-09,1.9996382693751862,2.00000000002,0.002905725261168897,0.0012979897659149042,0.0008514433092058689,0.0016754582916073408,0.0008223948863352442,1.019042557803152e-06,1.5510538325282404e-09,783.2157092689406,878.4459769951354,0.0015041897524502028,-3.6158766750208425e-05,0.0007878562156512636,1.4828588237847958e-08,2.3682507871790238e-05,0.0008476974902732623,3.420088434946419e-08,2.2835372698281863e-08,0.001376597759143203,0.002200612744640425,29.940952787368424,29.68848662948765,0.8531434569917076,0.0016548138881462469,0.015431308001713568,1.0,-8.760854269042633e-07,2.155680298501565e-05,73.6,2.0,4.92573392859755e-10,1.2784704264643777e-09,2.2432888411919915e-05,10,10,SCMSR (NTIRE 2025) + TwinAudit gaze (ours),NATURAL VIDEO WITH SIMULATED SENSING
DAVIS,clean,256,448,4,64,bicubic,neural_native,SCMSR2025_patch,0.09821428571428571,0.0007160760743605852,1.952251127214006e-05,0.0007355985856327253,0.0,3.2014495051954327e-09,6.760652232143687e-09,,2.5,0.04867830731847508,128.31534118504473,0.0,1.0,0.02233310868067534,1.0,1.0,,27.999999999999993,8.361227654730575e-10,74.6,8.15464819226729e-10,0.9142786200011853,0.06599714964472186,0.019724230354092747,1.367264475017773e-05,0.000729748719110763,8.410021180434185e-09,1.0384839865206069e-08,2.0,3.2014495051954327e-09,1.0,0.0,0.03571428571428571,0.001433332913575243,1.367264475017773e-05,0.000729748719110763,-2.9914726852437525e-20,1.0384839865206069e-08,2.385984685968704e-09,667.923947701059,751.8988465006987,0.0014599578667171989,2.7105475937336747e-05,0.000743181550297922,1.2866769679173915e-08,1.952251127214006e-05,0.0007355985856327253,6.760652232143687e-09,3.201449505195434e-09,0.0014845366642490863,0.002200612744640425,29.593422661232346,29.344561270690928,0.8452689108805798,0.0017470922443426728,0.0,1.0,0.0,0.0,0.0,2.0,0.0,0.0,0.0,10,10,SCMSR (NTIRE 2025) + patch,NATURAL VIDEO WITH SIMULATED SENSING
DAVIS,clean,256,448,4,64,bicubic,neural_native,SPANF2025_memory,0.09821428571428571,0.000779506774820391,2.1437852601628565e-05,0.0008009446274220196,0.0,3.750241710484181e-09,8.73438878558845e-09,,2.5,0.06130479457040383,238.83618769385203,0.0,1.0,0.024858364110659333,1.0,1.0,,27.999999999999993,2.263872538554648e-09,74.6,1.866227009105009e-09,0.6789047996002255,0.2171054116996521,0.1039897887001224,1.6820682259269135e-05,0.0007963274570796602,1.0830294227270104e-08,1.1300086774847615e-08,2.0,3.750241710484181e-09,1.0,1.0,0.03571428571428571,0.0013722800250357313,1.6820682259269135e-05,0.0007963274570796602,-3.4992586669623246e-20,1.1300086774847615e-08,1.8840147013791713e-09,363.71184178965143,419.6958440031449,0.0012958367785959987,-1.4058577527077888e-05,0.0007654481972933132,1.2937134357802402e-08,2.1437852601628565e-05,0.0008009446274220196,8.73438878558845e-09,3.7502417104841815e-09,0.001421105970486174,0.002200612744640425,29.627473069646737,29.401661349322033,0.8500075220349792,0.0017718662422378244,0.01303040946197484,1.0,2.682399831264592e-06,2.139293894293388e-05,73.6,2.0,2.2440898951908454e-10,1.0254649477838969e-10,1.8710539111669283e-05,10,10,SPAN-F (NTIRE 2025) + patch + memory,NATURAL VIDEO WITH SIMULATED SENSING
DAVIS,clean,256,448,4,64,bicubic,neural_native,SPANF2025_memory_R9,0.09821428571428571,0.000780477156113457,2.4129978832566176e-06,0.0007828901539967137,0.0,4.335422496943336e-09,4.863539798040674e-09,0.05003024144561996,2.5,0.04699988706242742,237.58972728523608,0.0,1.0,0.025563903200245812,1.0,1.0,0.1031300452426511,3.047216275861203,3.85006221818437e-09,74.6,3.0289902581934026e-09,0.5343321630844338,0.2867707539126397,0.17889708300292656,-5.898563641630033e-05,0.0007214915196971567,1.9709206952566232e-08,3.993820124184413e-08,2.0,4.76766686017802e-09,1.9932898615293513,2.00000000002,0.0027894962040096575,0.0013379735327387848,0.0008165733917113466,0.0015970505478248038,0.0007782904498636764,9.096210328209165e-07,1.3064322387499333e-09,362.46538138103546,419.4246189920523,0.00158732953603117,-1.8911935742312302e-05,0.0007615652203711448,1.4180566199887732e-08,2.477136725889874e-05,0.0008052485233723558,1.5220558243943814e-08,2.2392342053215112e-08,0.0014201355902983153,0.002200612744640425,29.79870803983573,29.5549996389285,0.8495858836972093,0.0017143472861020522,0.015398636680096172,1.0,2.1205393064910906e-06,2.5364977308917763e-05,73.6,2.0,5.171575607439704e-10,7.124296762835584e-10,2.3244438002426673e-05,10,10,SPAN-F (NTIRE 2025) + TwinAudit gaze (ours),NATURAL VIDEO WITH SIMULATED SENSING
DAVIS,clean,256,448,4,64,bicubic,neural_native,SPANF2025_patch,0.09821428571428571,0.0006657231512451208,1.2333406070753015e-05,0.0006780565573158737,0.0,3.007007946355278e-09,8.99010589334654e-09,,2.5,0.04927067951978496,132.52802929219916,0.0,1.0,0.021877152630908753,1.0,1.0,,27.999999999999993,1.1904696697834237e-09,74.6,1.004754466482697e-09,0.889071943003753,0.06087708021908831,0.05005097677715866,8.660444797263178e-06,0.0006743835960423839,7.681613344142791e-09,1.0416956981143982e-08,2.0,3.007007946355278e-09,1.0,0.0,0.03571428571428571,0.0014817085102745672,8.660444797263178e-06,0.0006743835960423839,-2.5754779669207678e-20,1.0416956981143982e-08,2.002253479872581e-09,257.4036833879985,298.36379399348516,0.0015100012320877075,5.3830303408048385e-05,0.0007195534546531691,1.6699756554845907e-08,1.2333406070753015e-05,0.0006780565573158737,8.99010589334654e-09,3.007007946355279e-09,0.001534889590090208,0.002200612744640425,29.44221907716969,29.20432256647471,0.8414695886161117,0.0018142921829629912,0.0,1.0,0.0,0.0,0.0,2.0,0.0,0.0,0.0,10,10,SPAN-F (NTIRE 2025) + patch,NATURAL VIDEO WITH SIMULATED SENSING
DAVIS,drift,256,448,4,64,area,main,PEM_R6_fixed,0.09821428571428571,0.0001989280891956924,-5.513967432227709e-06,0.0001934141217634647,0.0,4.4808839556724506e-09,4.325256957645796e-09,,2.5,0.09288847075095849,158.11178559480194,0.0,1.0,0.03597525781418934,1.0,1.0,,1.5683711253685693,2.869485100114091e-09,67.175,2.775374231437049e-09,0.5829369392858235,0.22516313835936205,0.19189992235481446,1.031463760735429e-05,0.00020924272680304673,1.3576386170767294e-08,1.1119777953293824e-08,2.0,4.4808839556724506e-09,1.9999999999998432,0.0,0.0017857142857142852,0.0024169297245418666,4.514210869272982e-05,0.00024407019788842224,3.578994702354122e-05,1.852775006778547e-08,1.7055097242354018e-09,245.59568514227772,287.8497499367222,0.003100068345171728,5.221044226179103e-06,0.00020414913342187152,4.375546875495559e-09,-1.967026996527745e-05,0.00017925781923041495,1.495285523672641e-08,1.7221701188096174e-08,0.0025184990225839525,0.0027174271099591877,27.361291358839644,26.93363213562584,0.7415151443859177,0.00423536970626605,0.0,1.0,0.0,0.0,0.0,2.0,0.0,0.0,0.0,40,40,"Joint gaze, fixed proxy (prior version)",NATURAL VIDEO WITH SIMULATED SENSING
DAVIS,drift,256,448,4,64,area,main,PEM_R8_certified,0.09821428571428571,0.000177160624352361,-5.788417411496949e-06,0.00017137220694086406,0.0,9.777038874921234e-10,1.485906380385045e-09,0.015193340169087518,2.5,0.015193340169087521,287.44038966468935,0.0,1.0,0.010609288727967247,1.0,1.0,,3.778229461889257,8.385319399045483e-10,67.175,7.822044458093661e-10,0.6256772282348692,0.2149355245770294,0.15938724718810132,-9.255451874353862e-06,0.00016790517247800715,2.790154495377881e-09,3.411462397054759e-09,2.0,1.024356323583339e-09,1.9999999999999734,2.6931051588551376,0.0019573226122718656,0.002452616469884571,0.00022915980634669316,0.00040632043069905417,0.0002517994500688225,1.0468416036547424e-07,1.9549944168275734e-10,374.92428921216515,435.41995874784334,0.003055779108180963,-9.125143814435072e-07,0.00017624810997091751,3.2328968929199652e-09,-1.1594341822430256e-06,0.00017600119017011797,6.681802677606036e-09,4.924342442705983e-09,0.002540266487427284,0.0027174271099591877,27.300902665335684,26.878374964995864,0.7397040435522686,0.004280526449024481,0.010210785532630221,1.0,-2.1814851160155257e-06,3.652824829005807e-05,66.175,2.0,1.7333362915385942e-10,2.6494130916642514e-10,3.8709733406073595e-05,40,40,Ours w/o write-audit constraint,NATURAL VIDEO WITH SIMULATED SENSING
DAVIS,drift,256,448,4,64,area,main,PEM_R9_TwinAudit,0.09821428571428571,0.00017449574805623283,-2.5740903184877727e-06,0.00017192165773774506,0.0,8.9681043388341e-10,1.0451845933829694e-09,0.014974740081708413,2.5,0.014600607577058066,284.63463013605303,0.0,1.0,0.010155599197574446,1.0,1.0,0.21151361961144066,3.887032889826993,7.392694634876767e-10,67.175,7.013043004373182e-10,0.617875196683812,0.20893355118402385,0.1731912521321642,-8.411343451619617e-06,0.0001660844046046132,2.473374275579703e-09,2.4651991729199686e-09,2.0,9.424851786454067e-10,2.00000000002,1.8124950710015129,0.002230862826869192,0.0024535618704634803,0.00025747335330206857,0.00043196910135830135,0.0002705060056918232,1.452017506578933e-07,1.9550613344609177e-10,372.1185296835288,432.5703365012305,0.003048671922585454,-1.3542802176956044e-06,0.0001731414678385372,3.0531435118361844e-09,-1.5748938531519162e-06,0.0001729208542030809,5.189388474015607e-09,4.833045956698603e-09,0.002542931363723412,0.0027174271099591877,27.298353750806662,26.8784106401233,0.7397445038868021,0.004277915076729775,0.009936276731484565,1.0,-1.5969555002787e-06,3.718997126413508e-05,66.175,2.0,1.557265561980322e-10,2.1872930347047e-10,3.878692676441377e-05,40,40,TwinAudit (ours),NATURAL VIDEO WITH SIMULATED SENSING
DAVIS,drift,256,448,4,64,area,main,PEM_R9_TwinAudit_strict,0.09821428571428571,0.00012295451752876132,-3.1418083615927675e-06,0.00011981270916716852,0.0,3.9410235287010666e-10,3.7446844302859177e-10,0.012390289702308911,2.5,0.010302208762745542,283.2619111835131,0.0,1.0,0.008994689322855614,1.0,1.0,0.9787075661512878,16.33717010593203,2.9212009064228497e-10,67.175,2.8000957800534793e-10,0.651367642699542,0.15440327321160546,0.19422908408885256,-4.131833803337033e-06,0.00011882268372542427,9.57755191461871e-10,9.507987310951325e-10,2.0,4.1611427297871644e-10,2.00000000002,1.00000000001,0.007882782826880244,0.002546744396071213,0.00021666072518349645,0.00033961524271225777,0.00024189755237656526,9.926125889350909e-08,1.1409277486475865e-10,371.08214387567557,430.53612830532074,0.0024941804833217966,7.058721825845776e-06,0.00013001323935460707,1.4349645873768812e-09,-3.66279763565671e-06,0.00011929171989310458,4.431510532412643e-10,5.535642686204173e-10,0.0025944725942508838,0.0027174271099591877,27.120461826246583,26.71176335900312,0.7360470315748666,0.004408135144798542,0.008921875275791144,1.0,-9.800896116752954e-07,2.4347657022106404e-05,66.175,1.0,8.180544020219102e-11,8.616622494639222e-11,2.53277466337817e-05,40,40,TwinAudit-strict (κw = 1),NATURAL VIDEO WITH SIMULATED SENSING
DAVIS,drift,256,448,4,64,area,main,PEM_R9_dual_fixed,0.09821428571428571,0.00018377437895684558,2.2059036562388786e-06,0.00018598028261308444,0.0,1.175023535948116e-09,1.2930062408387732e-09,0.01569000673775268,2.5,0.01567997224192695,282.762902093508,0.0,1.0,0.010774796981820104,1.0,1.0,0.06830479675677693,2.9621067113626216,8.964855869418026e-10,67.175,8.547570645771667e-10,0.6123942902852109,0.22800847989737738,0.1595972298174117,1.5126442091480028e-06,0.00018528702316599358,3.0377199403227277e-09,2.0561680499183884e-09,2.0,1.175023535948116e-09,2.00000000002,1.8344391832917701,0.0019301741038264728,0.0024380869974247386,0.00026761135462818636,0.0004513857335850319,0.00027572707090775186,1.4101210174084012e-07,3.202664713709492e-10,370.2468016409838,430.99189768880024,0.003114266912320885,2.8964191769345145e-06,0.00018667079813378007,3.886736813617345e-09,-6.552616839212092e-06,0.00017722176211763346,1.0926488001456668e-08,1.1007210303927172e-08,0.0025336527328227994,0.0027174271099591877,27.325811996825973,26.90429365536759,0.7402513191385293,0.004257742838591902,0.01023584552968356,1.0,-7.351415794738148e-07,3.991356716785843e-05,66.175,2.0,1.6350905951169513e-10,1.5253140441050143e-10,4.064870874733225e-05,40,40,Ours w/o online proxy mixture,NATURAL VIDEO WITH SIMULATED SENSING
DAVIS,drift,256,448,4,64,area,main,PEM_audit_only,0.09821428571428571,0.00011276226185369682,-2.364722120505037e-06,0.0001103975397331918,0.0,1.9981115252152517e-10,2.105397123047029e-10,,2.5,0.008786089069986137,156.12965643918636,0.0,1.0,0.008675484867322817,1.0,1.0,,8.97052340001574,1.1926151431306624e-10,67.175,1.1721290695171323e-10,0.743973498583246,0.106026501416754,0.15,-3.107835912195068e-06,0.00010965442594150176,3.167258166687525e-10,3.782852727381977e-10,2.0,1.9981115252152517e-10,0.8759692057362167,0.0,0.007698162106668583,0.0025518023992024347,0.0006042120518372872,0.000716974313690984,0.0006263670201646761,9.275108332906704e-07,8.259824556981197e-11,243.6135559866621,285.2533119972941,0.002551202526625442,1.6864675725816719e-06,0.00011444872942627849,2.568006290518554e-09,-6.237032088263283e-06,0.00010652522976543353,7.111264246244018e-10,1.2599751994561765e-09,0.0026046648499259482,0.0027174271099591877,27.09679283831116,26.698896048723014,0.7344048965550295,0.004391202993613856,0.0,1.0,0.0,0.0,0.0,2.0,0.0,0.0,0.0,40,40,Audit-only gaze,NATURAL VIDEO WITH SIMULATED SENSING
DAVIS,drift,256,448,4,64,area,main,PEM_greedy,0.09821428571428571,0.00020591278350799895,2.955586850148741e-05,0.00023546865200948635,0.0,4.901647088077777e-08,7.787782266994019e-08,,2.5,1.0080886667061886,155.92704704464535,0.0,1.0,0.45413605054569095,1.0,1.0,,1.1037745146348674,3.05403457273009e-08,67.175,2.928232197069893e-08,0.7082078601956578,0.12099953652319077,0.1707926032811514,6.338977656987308e-05,0.000269302560077872,1.6676976748905846e-07,2.774273943962177e-07,2.0,4.901647088077777e-08,19.993652169189936,0.0,0.0017857142857142859,0.002407452598425306,-2.9699872321138536e-05,0.00017621291118686042,-3.220182398414179e-05,3.71745007011996e-08,1.9734148910078838e-08,243.41094659212112,284.1096387529251,0.00312242845245463,5.4246150132393315e-06,0.00021133739852123825,3.9707549910226544e-09,2.623954988392606e-05,0.00023215233339192502,1.0643780962498374e-07,7.709122416073701e-08,0.0025115143282716463,0.0027174271099591877,27.37828203167952,26.950198624956563,0.7421826870810524,0.004222741109730423,0.0,1.0,0.0,0.0,0.0,2.0,0.0,0.0,0.0,40,40,Greedy gaze,NATURAL VIDEO WITH SIMULATED SENSING
DAVIS,drift,256,448,4,64,area,main,PEM_risk_only,0.09821428571428571,0.00014171553895373846,-2.4090983411525466e-06,0.00013930644061258592,0.0,1.5219574291006556e-09,9.42398461533694e-10,,2.5,0.04156760327818825,156.12194520647284,0.0,1.0,0.01603737234894459,1.0,1.0,,26.402352764317612,8.671639896268862e-10,67.175,8.435862814382092e-10,0.6990625956070302,0.11249897200919776,0.1884384323837721,-7.748688113968898e-06,0.00013396685083976958,4.546121595770752e-09,2.434246730709058e-09,2.0,1.5219574291006556e-09,1.234941086586232,0.0,0.014951652702084086,0.002523015818385322,2.7553323767145102e-06,0.000144470871330453,1.127893244416884e-05,3.797238513983725e-09,6.783711476624465e-10,243.60584475394862,285.02877255483327,0.002538965040923165,7.955194469829679e-06,0.00014967073342356816,2.1701387205970976e-09,-1.6565343372831564e-06,0.0001400590046164553,1.046589747222126e-09,1.6043357421333392e-09,0.002575711572825907,0.0027174271099591877,27.14642646696067,26.74417141171792,0.7375057766237844,0.00438964928148584,0.0,1.0,0.0,0.0,0.0,2.0,0.0,0.0,0.0,40,40,Risk-only gaze,NATURAL VIDEO WITH SIMULATED SENSING
DAVIS,drift,256,448,4,64,area,main,PEM_softmax,0.09821428571428571,0.0001827704149734183,-6.880587665596833e-06,0.00017588982730782146,0.0,7.99053250341626e-09,4.845426482023169e-09,,2.5,0.3265456210412905,156.04034718169993,0.0,1.0,0.10270871080054471,1.0,1.0,,11.338768040402964,4.188290184450954e-09,67.175,3.942018670727374e-09,0.6476185324634026,0.13525785921958697,0.21712360831701044,-2.2259379587931774e-05,0.00016051103538548651,2.69930097760474e-08,1.7062986396665477e-08,2.0,7.99053250341626e-09,6.769538271193677,0.0,0.003798039453395226,0.0024549467812698335,-4.152785959725656e-05,0.00014124255537616175,-4.267962491628665e-05,2.4729376793006668e-08,4.048513832688885e-09,243.52424672917567,285.33751005907106,0.0028745248907916967,7.543529861562634e-06,0.00019031394483498093,3.3774779993429497e-09,-1.6397908217089543e-05,0.00016637250675632874,6.022852929266651e-09,9.926168597836299e-09,0.0025346566968062266,0.0027174271099591877,27.281702741632934,26.860507817504224,0.7404580613775835,0.004298414350914726,0.0,1.0,0.0,0.0,0.0,2.0,0.0,0.0,0.0,40,40,Benefit-softmax gaze,NATURAL VIDEO WITH SIMULATED SENSING
DAVIS,drift,256,448,4,64,area,main,PEM_uniform,0.09821428571428571,0.0001269728651876605,-2.399506801090015e-06,0.00012457335838657048,0.0,1.3463936698207658e-09,6.720400311667865e-10,,2.5,0.045111280717428606,156.0117015813522,0.0,1.0,0.016349559004365313,1.0,1.0,,27.999999999999993,8.132079721000523e-10,67.175,7.681014545309374e-10,0.6519808084059273,0.1513815891557323,0.1966376024383404,-5.330879215075383e-06,0.00012164198597258511,3.8458186428194745e-09,1.7727065628834062e-09,2.0,1.3463936698207658e-09,1.0,0.0,0.03571428571428571,0.0025490527378655937,-5.330879215075383e-06,0.00012164198597258511,-6.319019335471344e-21,1.7727065628834062e-09,5.782922152898285e-10,243.495601128828,284.4261915051902,0.0024021034359204326,8.988467901006808e-06,0.0001359613330886673,1.9773337108201368e-09,-2.399506801090012e-06,0.00012457335838657048,6.720400311667864e-10,1.3463936698207658e-09,0.0025904542465919845,0.0027174271099591877,27.092722776405772,26.697285947263502,0.736163045491917,0.0044296214669017515,0.0,1.0,0.0,0.0,0.0,2.0,0.0,0.0,0.0,40,40,Uniform gaze,NATURAL VIDEO WITH SIMULATED SENSING
DAVIS,drift,256,448,4,64,area,main,PPAT2026_M1,0.09821428571428571,0.00012315469951368967,-3.7405791006793287e-06,0.00011941412041301035,0.0,5.71565353757991e-10,4.265634857879417e-10,,2.5,0.011868109951916566,155.4617278721566,0.0,1.0,0.00931184835258063,1.0,1.0,,15.719926273123187,3.1924780455456004e-10,67.175,3.0094322201121715e-10,0.7057947160503282,0.1600498380112647,0.13415544593840714,-5.81396663714355e-06,0.00011734073287654612,1.2212580277730862e-09,9.254808817518985e-10,2.0,4.96004611006033e-10,0.886450537073794,0.0,0.018232716402168232,0.0025483859467022446,0.00020143859639344718,0.0003245932959071369,0.00022390008973084864,8.839180681662906e-08,2.7062213174677386e-10,242.94562741963236,283.62168393679895,0.002419489374354002,-0.00012315469951368967,-8.785135867950046e-22,4.080099579290981e-08,-3.7405791006793274e-06,0.00011941412041301035,4.2656348578794174e-10,5.71565353757991e-10,0.002594272412265955,0.0027174271099591877,27.09257426846088,26.694467992276962,0.7354396374354001,0.004414029780610992,0.0,1.0,0.0,0.0,0.0,2.0,0.0,0.0,0.0,40,40,"PPAT (2026), M=1",NATURAL VIDEO WITH SIMULATED SENSING
DAVIS,nominal,256,448,4,64,area,certificate,PEM_R9_cert1.05,0.09821428571428571,0.0001246142079114389,1.3970846278104265e-06,0.00012601129253924935,0.0,1.0784521221834969e-10,5.489971360901976e-11,0.004364986516358748,1.05,0.004364986516358748,384.95978870044047,0.0,1.0,0.0074203699854447636,1.0,1.0,0.0,4.212061336810968,6.40725217560833e-11,72.66666666666667,6.334350890170334e-11,0.7521066841776712,0.2034488713778843,0.044444444444444446,8.146325343640974e-07,0.000125428840445803,1.665410624464072e-10,8.830069958839125e-11,2.0,1.2026360565485267e-10,1.8552414140532738,1.0448163325630235,0.0017857142857142859,0.0017936053799446497,0.001011372006841743,0.0011359862147531819,0.00100222208040597,2.481794508777133e-06,4.450170331664635e-11,505.2732641222319,602.9273296677275,0.0021468559535294178,-6.661739588984511e-06,0.00011795246832245441,2.115940634154529e-09,1.2452037697416593e-05,0.00013706624560885552,2.3280940553711104e-09,4.911661615308271e-09,0.0018783178025175268,0.002002932008608515,29.179105528370595,28.942470781597724,0.8077332702911105,0.002542742695355529,0.007408634315180094,1.0,2.2868636899351777e-06,3.334144270589262e-05,71.66666666666667,2.0,1.135179473290624e-11,1.9111567519182983e-11,3.105457901595744e-05,15,15,"Ours, certificate kappa=1.05",NATURAL VIDEO WITH SIMULATED SENSING
DAVIS,nominal,256,448,4,64,area,certificate,PEM_R9_cert1.25,0.09821428571428571,0.0001933931972315696,-2.13983231611129e-06,0.00019125336491545832,0.0,2.705772326723414e-10,2.344776292267754e-10,0.007151270002805277,1.25,0.007118543543737555,383.5445612618616,0.0,1.0,0.007900963840795572,1.0,1.0,0.1998549486348953,5.924364510824544,1.8167377557540983e-10,72.66666666666667,1.7331370885907981e-10,0.7568170316155568,0.1987385239399987,0.04444444444444444,-1.7316565865651558e-06,0.00019166154064500444,7.566652169082864e-10,2.0390992233349595e-10,2.0,3.110317578643392e-10,2.00000000002,1.3079113946804533,0.0020144867464393767,0.001716719703736454,0.0007208250352770649,0.0009142182325086345,0.0007619075309530373,1.0471763018043251e-06,9.726352381326159e-11,503.2016841556311,600.2744329897299,0.0021118280594820725,-2.1572339521107615e-05,0.000171820857710462,4.965700825868887e-09,-1.4327466988721888e-05,0.00017906573024284772,1.1006488029960625e-08,6.778135028426549e-09,0.0018095388131973964,0.002002932008608515,29.33603840341409,29.10237974653742,0.8122564997203942,0.0025084123236598374,0.007679336735281278,1.0,1.0238702017775695e-06,3.8634828963123164e-05,71.66666666666667,2.0,2.0524540144755093e-11,2.6893415156186703e-11,3.761095876134559e-05,15,15,"Ours, certificate kappa=1.25",NATURAL VIDEO WITH SIMULATED SENSING
DAVIS,nominal,256,448,4,64,area,certificate,PEM_R9_cert1.5,0.09821428571428571,0.00019742572505491993,1.3057994101778105e-05,0.00021048371915669806,0.0,3.877099069796406e-10,5.226613899829765e-10,0.008658150245387346,1.5,0.008583936619571665,384.60782848163933,0.0,1.0,0.008173417089592313,1.0,1.0,0.21180808626307135,5.711340965645148,2.432627908826819e-10,72.66666666666667,2.2732688299137573e-10,0.8649368421707737,0.11284093560700409,0.02222222222222222,1.478275204365218e-05,0.00021220847709857213,1.2659918678885317e-09,1.014181037889204e-09,2.0,4.754838814204599e-10,2.00000000002,1.5822918167443116,0.001978824852634059,0.0017102528470449617,0.0006341601953250194,0.0008315859203799394,0.0006030701873101715,8.508634696195458e-07,1.6038302398826477e-10,501.40702789601835,594.4003756668341,0.0020917217280773223,-1.77503296164769e-05,0.00017967539543844302,4.121744913736889e-09,-1.4701579378819554e-06,0.00019595556711703797,4.319390323863623e-09,5.277954132439816e-09,0.0018055062853740461,0.002002932008608515,29.344028867473167,29.114921164217773,0.813165762218122,0.002502295798717325,0.007892539206859358,1.0,3.0929692191721113e-06,4.1377583056860375e-05,71.66666666666667,2.0,2.5732914451050427e-11,3.1450819512414647e-11,3.828461383768826e-05,15,15,"Ours, certificate kappa=1.5",NATURAL VIDEO WITH SIMULATED SENSING
DAVIS,nominal,256,448,4,64,area,certificate,PEM_R9_cert2,0.09821428571428571,0.0002363597639010031,-8.194482191608214e-06,0.0002281652817093949,0.0,9.4265392765635e-10,3.5492147726450873e-10,0.013233327781003732,2.0,0.012933946711800344,384.5266172379576,0.0,1.0,0.009179738803633776,1.0,1.0,0.21833324196080958,4.608893225794572,5.507029752606833e-10,72.66666666666667,5.453956600248312e-10,0.8297370303255508,0.17026296967444926,1.8503717077085942e-18,-6.890510739896675e-06,0.00022946925316110644,3.2752221786093923e-09,6.752937356654277e-10,2.0,1.066299977616331e-09,2.00000000002,1.8216093771503603,0.0021796524826424705,0.0016629961425540416,0.000392706300541244,0.0006290660644422471,0.0004056128143983911,2.6564715533600506e-07,3.9725826763151853e-10,503.79493758540656,596.0122159957731,0.002108854408303904,-2.4030232563548547e-05,0.00021232953133745456,7.09908016277416e-09,-4.964504830001734e-06,0.00023139525907100138,8.090057575767865e-09,6.768844469799384e-09,0.0017665722465279629,0.002002932008608515,29.406998677021328,29.17634502839485,0.8155255194792178,0.002477188584185917,0.008705610073914793,1.0,-2.247709423485574e-07,4.162313163903413e-05,71.66666666666667,2.0,4.085805937452112e-11,4.351850114467032e-11,4.184790258138269e-05,15,15,"Ours, certificate kappa=2",NATURAL VIDEO WITH SIMULATED SENSING
DAVIS,nominal,256,448,4,64,area,certificate,PEM_R9_cert4,0.09821428571428571,0.00025531029706181484,5.259294380875671e-06,0.0002605695914426905,0.0,1.8527399692606954e-09,6.328202177392886e-10,0.027915518511372802,4.0,0.02514785019823882,386.11498661746793,0.0,1.0,0.01263956673923896,1.0,1.0,0.22631370191751726,2.943319791858037,1.1631337286361582e-09,72.66666666666667,1.1412619327740163e-09,0.6883271961457068,0.2530409145905072,0.05863188926378602,2.4550327848748255e-05,0.00027986062491056307,8.385299822971562e-09,4.662478670532891e-09,2.0,1.992359291573074e-09,2.00000000002,1.9892879653863076,0.0023870405355112373,0.001638980476463643,0.00015334515710730684,0.00040865545416912165,0.00012598934778465927,6.559455469195794e-08,7.114780364866791e-10,506.66132820368307,600.4023343351824,0.0021557543545137406,-1.8185223808191567e-05,0.00023712507325362325,6.132167729900027e-09,1.4708281516511868e-05,0.0002700185785783267,4.97440965363377e-09,7.1034702110466804e-09,0.0017476217133671511,0.002002932008608515,29.436868976714003,29.20875806379416,0.8171577272831054,0.0024688050030851902,0.01158325225389044,1.0,-3.0190759455317075e-06,4.092142783876826e-05,71.66666666666667,2.0,9.172891502911755e-11,2.243816450470364e-10,4.394050378429997e-05,15,15,"Ours, certificate kappa=4",NATURAL VIDEO WITH SIMULATED SENSING
DAVIS,nominal,256,448,4,64,area,kappa,PEM_R9_k1,0.09821428571428571,0.00017968817266983416,5.311604486471543e-06,0.0001849997771563057,0.0,4.43646158291989e-10,2.3051572780855498e-10,0.013270261426618859,2.5,0.01061473171297225,388.7073281710338,0.0,1.0,0.008520097034115652,1.0,1.0,0.9878888740193419,16.701178629809196,2.087085063928906e-10,72.66666666666667,2.036867976857261e-10,0.6415654855858254,0.31399006996973017,0.04444444444444444,1.100179232710767e-05,0.00019068996499694183,1.7761271567414586e-09,2.078897004770632e-09,1.0,5.451682435483012e-10,1.00000000001,1.0402407672830163,0.01784215911305766,0.001760715967552439,0.0002982345318091512,0.0004779227044789854,0.00028892605063945775,2.5558057299180324e-07,2.3995936060626286e-10,509.0269015927639,604.5213883366281,0.0015942820848242588,-1.6094285322217586e-05,0.00016359388734761657,3.55866956596183e-09,3.4793178371705968e-06,0.00018316749050700478,2.378615303392581e-10,5.443056207831838e-10,0.0018232438377591318,0.002002932008608515,29.148996677216367,28.921024451358377,0.8121798548148256,0.002586259598194388,0.008102292842290755,1.0,2.00753927399403e-07,2.694611033231848e-05,71.66666666666667,2.0,1.7221193014482857e-11,9.419407933649445e-12,2.6745356404919075e-05,15,15,"Ours, kappa=1",NATURAL VIDEO WITH SIMULATED SENSING
DAVIS,nominal,256,448,4,64,area,kappa,PEM_R9_k2,0.09821428571428571,0.0002503437086030386,6.958220521294084e-07,0.000251039530655168,0.0,1.0703467997640556e-09,2.1897373877645465e-09,0.017143367510109416,2.5,0.016508262006948837,383.0544907000824,0.0,1.0,0.010146411144647004,1.0,1.0,0.20535723842008605,3.7706538958955473,6.782436582603296e-10,72.66666666666667,6.567033194255146e-10,0.693570133224579,0.2579681264720905,0.04846174030333044,2.4717106120549876e-06,0.00025281541921509356,4.7623985221642304e-09,3.6674706653380157e-09,2.0,1.1968668429653457e-09,2.00000000002,1.9114698688567102,0.0021875265045356346,0.0016465304008236252,0.0002800882595771616,0.0005304319681802002,0.00029035714907837604,1.3113941319982607e-07,4.136434803385411e-10,502.48137678378293,599.0658343265144,0.0021116846496716025,-2.4297729910918224e-05,0.00022604597869212037,7.523137306343117e-09,1.0460366366291168e-05,0.0002608040749693298,5.560717871196778e-09,7.85451035957291e-09,0.0017525883018259273,0.002002932008608515,29.44205311033247,29.21477650481505,0.816490503612401,0.0024643863550315895,0.00949983117869652,1.0,8.476476080024442e-07,4.493797792650686e-05,71.66666666666667,2.0,5.823226395072227e-11,1.9118056577609236e-11,4.4090330318504414e-05,15,15,"Ours, kappa=2",NATURAL VIDEO WITH SIMULATED SENSING
DAVIS,nominal,256,448,4,64,area,kappa,PEM_R9_k4,0.09821428571428571,0.00025216600419026794,-9.351226245937601e-07,0.0002512308815656742,0.0,1.3105084161168158e-09,1.1094202067548081e-09,0.017364998250438066,2.5,0.017333262488107643,378.46652608026045,0.0,1.0,0.010718896309161629,1.0,1.0,0.048161165840078395,2.7654177923359726,8.377433558589657e-10,72.66666666666667,8.153530762611275e-10,0.7306336767403612,0.22492187881519435,0.044444444444444446,-3.5948219910412854e-06,0.0002485711821992267,5.580880237612603e-09,2.9294626934019235e-09,4.0,1.5532687932668704e-09,4.00000000004,1.9793543769723947,0.0017857142857142859,0.0016399312459734875,0.0002700309420422566,0.0005221969462325245,0.00028862513922654,1.4741650191571712e-07,4.951553398556884e-10,497.4669514652557,586.4557053305907,0.00217897308068424,-2.1731491718347703e-05,0.00023043451247192027,6.7875071201186035e-09,7.456321868650183e-05,0.00032672922287676977,3.7574032130388956e-08,1.51940192659661e-08,0.0017507660062386979,0.002002932008608515,29.466663517208552,29.23473410223748,0.8167340891820589,0.0024558781055660805,0.009819107887246785,1.0,-1.3109054386960682e-06,4.3380656185923985e-05,71.66666666666667,2.0,6.828591891937533e-11,3.548141894230408e-11,4.4691561624620063e-05,15,15,"Ours, kappa=4",NATURAL VIDEO WITH SIMULATED SENSING
DAVIS,nominal,256,448,4,64,area,kappa,PEM_R9_k8,0.09821428571428571,0.0002563720230865057,-5.746652394310991e-06,0.0002506253706921947,0.0,1.3164951780579954e-09,9.906240429488524e-10,0.01730367283933894,2.5,0.017302398104795443,387.73515715417324,0.0,1.0,0.01087144576880367,1.0,1.0,0.007870017493414283,2.5725504400260504,8.503157512359353e-10,72.66666666666667,8.267572290692514e-10,0.7306954384338755,0.22486011712168,0.04444444444444444,-6.233283304201368e-06,0.0002501387397823043,5.699166916699211e-09,2.7591921922918295e-09,8.0,1.5571275931638e-09,7.872014204797208,1.9457178908697048,0.0017857142857142859,0.0016333218711073298,0.00027609947499078696,0.0005324714980772926,0.0002930452845089383,1.483419238288547e-07,4.897379489887441e-10,508.9267213338643,603.3164156612474,0.002196427491165319,-2.5049075772361205e-05,0.0002313229473141445,7.231903176961919e-09,7.005671729805038e-05,0.00032642874038455604,4.049366761757258e-08,1.7010639085135242e-08,0.0017465599873424601,0.002002932008608515,29.4856544964377,29.255184524252172,0.8170095490174187,0.0024485243626678364,0.009890104181027308,1.0,-4.387870792899814e-07,4.571224403212921e-05,71.66666666666667,2.0,6.885226038284744e-11,5.705061635375987e-11,4.61510311114192e-05,15,15,"Ours, kappa=8",NATURAL VIDEO WITH SIMULATED SENSING
DAVIS,nominal,256,448,4,64,area,main,PEM_R6_fixed,0.09821428571428571,0.00021882895295859806,1.0453351492550483e-06,0.0002198742881078531,0.0,4.868284572814738e-09,6.7835053182582295e-09,,2.5,0.09374177716271975,160.32918972991672,0.0,1.0,0.036775862424802644,1.0,1.0,,1.6195254303032889,2.6978887048407987e-09,67.175,2.6440641195332673e-09,0.658430574199152,0.2944539043352016,0.04711552146564647,-4.4466351351977557e-07,0.00021838428944507827,1.597389138363733e-08,1.8033157764282587e-08,2.0,4.868284572814738e-09,1.9999999999998592,0.0,0.001855544376187901,0.0019914913039219156,5.1622469808937076e-05,0.0002704514227675351,5.622568340155153e-05,3.044786826373802e-08,2.2242204532814703e-09,248.1282812069925,289.8506638780964,0.0026862853198350036,7.030358061706926e-07,0.00021953198876476873,3.929751196153809e-09,1.391434845968165e-05,0.0002327433014182797,2.5736680316579042e-08,2.0631469920744807e-08,0.0021290725008310902,0.00234790145377038,28.53452074753202,28.347180401257145,0.8076942587688676,0.0033993983581535924,0.0,1.0,0.0,0.0,0.0,2.0,0.0,0.0,0.0,40,40,"Joint gaze, fixed proxy (prior version)",NATURAL VIDEO WITH SIMULATED SENSING
DAVIS,nominal,256,448,4,64,area,main,PEM_R8_certified,0.09821428571428571,0.00019999685564710523,2.6713521961685576e-06,0.0002026682078432738,0.0,1.0623519036733314e-09,1.2604316208024617e-09,0.015367578546966843,2.5,0.015367578546966843,290.6633594273252,0.0,1.0,0.010702332446487484,1.0,1.0,,3.6580468287791326,7.390227678960461e-10,67.175,7.225104302663957e-10,0.7316849743008045,0.2386941958267116,0.029620829872483934,2.2846984125261897e-06,0.00020228155405963146,3.553398777040077e-09,3.2989202628368754e-09,2.0,1.1414990137959926e-09,1.99999999999998,2.927912347241736,0.00210344746340027,0.002022767465826644,0.0002889017198528875,0.0004888985754999928,0.00029029100884838375,1.4424589617163752e-07,3.398414734069358e-10,378.46245090440095,437.6142200614413,0.002649635745215582,-8.663757534010969e-06,0.00019133309811309427,3.5880204523773654e-09,4.8512128277580685e-06,0.00020484806847486333,7.80903939285038e-09,6.691193308907776e-09,0.002147904598142583,0.00234790145377038,28.463070577317126,28.278157450519398,0.8060244969805126,0.003439209816911583,0.010167210711753739,1.0,-1.6200019143319727e-07,4.560974397339613e-05,66.175,2.0,9.312052816012581e-11,4.903847434564462e-11,4.5771744164829326e-05,40,40,Ours w/o write-audit constraint,NATURAL VIDEO WITH SIMULATED SENSING
DAVIS,nominal,256,448,4,64,area,main,PEM_R9_TwinAudit,0.09821428571428571,0.00019581480716305178,-2.351196521790802e-06,0.00019346361064126097,0.0,9.187092188154299e-10,1.2461163887996562e-09,0.015030659508301866,2.5,0.014579010295917147,286.64606742341266,0.0,1.0,0.01022525103377577,1.0,1.0,0.19926172607424958,3.781072087470765,6.235312378728851e-10,67.175,6.098555669025556e-10,0.7004754663220429,0.25844208224002563,0.041082451437931315,-1.0562880817321005e-07,0.00019570917835487855,3.0632443644436894e-09,3.6837092880122526e-09,2.0,1.0035852394967335e-09,2.00000000002,1.8520571820218965,0.002357872795194103,0.002028989423283803,0.0002995815471437479,0.0004953963543067997,0.00030000375142156486,1.5029296961167029e-07,3.088536519128742e-10,374.4451589004884,433.36983769233484,0.0026131311635767757,-1.0023937411869236e-05,0.00018579086975118253,3.567418409804388e-09,-2.477765349569683e-06,0.0001933370418134821,8.137032172120776e-09,6.0995901370746e-09,0.002152086646626637,0.00234790145377038,28.448043952679722,28.26242423968901,0.805679667979825,0.003444641488129452,0.009864168638425371,1.0,2.731962191986791e-07,4.558872470804949e-05,66.175,2.0,9.084828173711298e-11,6.165772744752694e-11,4.531552848885081e-05,40,40,TwinAudit (ours),NATURAL VIDEO WITH SIMULATED SENSING
DAVIS,nominal,256,448,4,64,area,main,PEM_R9_TwinAudit_strict,0.09821428571428571,0.0001433652980189232,3.1462955798629898e-06,0.0001465115935987862,0.0,3.806043248045897e-10,5.082474415556765e-10,0.01213214247890417,2.5,0.010034867795095374,287.65672410989407,0.0,1.0,0.009017374039723535,1.0,1.0,0.9805168720353679,16.466809271795235,2.319965688128857e-10,67.175,2.2740428663506566e-10,0.7401667495297247,0.22649991713694195,0.03333333333333333,6.518267507321322e-06,0.00014988356552624456,1.2467382277942273e-09,2.3844957903455516e-09,2.0,4.354076157101258e-10,2.00000000002,1.00000000001,0.007969289995316575,0.002123348434229284,0.00028944488000497555,0.0004328101780238988,0.0002828316728742282,1.9079885205115693e-07,1.5320003816952403e-10,374.62725845072464,433.31444756644487,0.0020768029875621674,-3.6442441607677387e-06,0.0001397210538581555,2.0052491276561733e-09,9.8676903321724e-07,0.00014435206705214047,4.2067652148165475e-10,4.858181296971347e-10,0.002204536155770765,0.00234790145377038,28.203893855173853,28.023492997965985,0.8023878767803788,0.0035808850757428736,0.008821074405468997,1.0,-3.659158454488028e-07,3.0183453598968982e-05,66.175,1.0,4.313816342428584e-11,3.24358633833914e-11,3.054936944441778e-05,40,40,TwinAudit-strict (κw = 1),NATURAL VIDEO WITH SIMULATED SENSING
DAVIS,nominal,256,448,4,64,area,main,PEM_R9_dual_fixed,0.09821428571428571,0.0002013091411003513,7.097429939676285e-06,0.00020840657104002758,0.0,1.26267569895854e-09,1.6546350162573834e-09,0.015549034294529609,2.5,0.01553414498593004,287.8303983111176,0.0,1.0,0.01077988386593766,1.0,1.0,0.08694366116937075,3.0762938988775432,7.578097809170285e-10,67.175,7.439133765217056e-10,0.7125527257946436,0.24128215673977155,0.04616511746558487,1.2297533450492866e-05,0.00021360667455084417,3.640502865233307e-09,4.282509120942754e-09,2.0,1.26267569895854e-09,2.00000000002,1.8749849323665397,0.0021949207948130925,0.002018139027002273,0.00033040069562585684,0.0005317098367262081,0.00030792048537041876,1.8580376477427756e-07,5.187623224368345e-10,375.6294897881934,433.20292512722517,0.0026761942790121764,-4.748377320856162e-06,0.00019656076377949514,4.6351393333179446e-09,3.1250591274011754e-05,0.00023255973237436305,2.3060993071359705e-08,1.2376894086747569e-08,0.002146592312689337,0.00234790145377038,28.468832554168994,28.282337002505635,0.8059466986431364,0.003427752600401397,0.01012705485300536,1.0,2.0430734972423152e-06,4.943286033355081e-05,66.175,2.0,1.0149785967678272e-10,1.5390695307593046e-10,4.73897868363085e-05,40,40,Ours w/o online proxy mixture,NATURAL VIDEO WITH SIMULATED SENSING
DAVIS,nominal,256,448,4,64,area,main,PEM_audit_only,0.09821428571428571,0.00012660557031687788,-1.437474058952674e-06,0.0001251680962579252,0.0,2.0644661467437225e-10,2.087895486033239e-10,,2.5,0.008607441236935373,157.55741051409439,0.0,1.0,0.008709936605346396,1.0,1.0,,9.876748316316666,1.1818912074623876e-10,67.175,1.1745412245374223e-10,0.791333934761319,0.16699939857201435,0.041666666666666664,-2.9502687177203412e-06,0.00012365530159915756,3.424439757551058e-10,4.2271737599452737e-10,2.0,2.0644661467437225e-10,0.8916539431863292,0.0,0.008458348010354406,0.0021371024460072564,0.000686334993393076,0.0008129405637099539,0.000707379601912844,1.0492854085259442e-06,8.899249222063002e-11,245.35650199117018,284.94066793919046,0.002064585277747122,-5.603294063847614e-06,0.00012100227625303026,2.1248990187350015e-09,1.050919059115646e-06,0.00012765648937599353,1.2543694488794374e-09,1.6513596721152563e-09,0.002221295883472811,0.00234790145377038,28.179021666378873,27.997422407346846,0.8002131765727812,0.0035640386403227127,0.0,1.0,0.0,0.0,0.0,2.0,0.0,0.0,0.0,40,40,Audit-only gaze,NATURAL VIDEO WITH SIMULATED SENSING
DAVIS,nominal,256,448,4,64,area,main,PEM_greedy,0.09821428571428571,0.0002248967580292857,-1.582803345325379e-05,0.00020906872457603188,0.0,5.3145883101862525e-08,6.370095103053344e-08,,2.5,0.9822906519853032,156.90617849831438,0.0,1.0,0.4426203687882834,1.0,1.0,,1.1037745146348674,2.8232279724864572e-08,67.175,2.7499422075079997e-08,0.697277692970917,0.2513230568108833,0.051399250218199743,-1.0124888025957296e-06,0.00022388426922668992,1.9871432259539028e-07,1.6610353954798528e-07,2.0,5.3145883101862525e-08,19.98899497160047,0.0,0.0017857142857142859,0.0019826928288952644,-2.5183780216042228e-05,0.0001997129778132434,-2.116448571652029e-05,5.578036895431341e-08,2.5646461026782535e-08,244.70526997539014,284.1071142485089,0.0027036797594104296,2.4138219782360808e-06,0.00022731058000752176,3.5727580179909473e-09,-8.973239265004172e-06,0.0002159235187642815,6.951440423558389e-08,8.8597028257047e-08,0.002123004695760403,0.00234790145377038,28.55753767133087,28.369887090884976,0.8083472813804524,0.0033861648260450606,0.0,1.0,0.0,0.0,0.0,2.0,0.0,0.0,0.0,40,40,Greedy gaze,NATURAL VIDEO WITH SIMULATED SENSING
DAVIS,nominal,256,448,4,64,area,main,PEM_risk_only,0.09821428571428571,0.0001699103904413513,1.1061934924164414e-07,0.00017002100979059294,0.0,1.2917625879769497e-09,1.4706700875747468e-09,,2.5,0.03832798886944407,157.1187964098221,0.0,1.0,0.01540893815345302,1.0,1.0,,25.54985649149554,6.883048672254391e-10,67.175,6.681864336140932e-10,0.689504867031203,0.2604822929574724,0.05001284001132463,4.533591795603685e-06,0.00017444398223695498,5.43174710625319e-09,5.541406406633325e-09,2.0,1.2917625879769497e-09,1.248809977382216,0.0,0.014053729050052043,0.0020903931316156167,1.7873392733771546e-05,0.00018778378317512286,1.7336383718772798e-05,5.319565786577405e-09,6.235761543628567e-10,244.91788788689786,285.62627356404846,0.0021139204118258226,-1.8917881020823656e-06,0.00016801860233926893,2.5578285593623937e-09,1.200570200224531e-06,0.00017111096064157581,1.6896870967564446e-09,1.453178668785067e-09,0.0021779910633483368,0.00234790145377038,28.26621386878633,28.083913620685404,0.8046943722643765,0.003551124891132733,0.0,1.0,0.0,0.0,0.0,2.0,0.0,0.0,0.0,40,40,Risk-only gaze,NATURAL VIDEO WITH SIMULATED SENSING
DAVIS,nominal,256,448,4,64,area,main,PEM_softmax,0.09821428571428571,0.00020523282393152535,1.0376443943416608e-05,0.00021560926787494197,0.0,7.31196047520174e-09,4.893405497199846e-09,,2.5,0.2791284546052458,157.03464093205486,0.0,1.0,0.0845486287105969,1.0,1.0,,10.255089566020512,2.7523068669043906e-09,67.175,2.693508737691366e-09,0.7385564763952203,0.21983368431202965,0.0416098392927501,-1.3123917496005486e-06,0.0002039204321819248,3.079122178868231e-08,3.7330338402828395e-08,2.0,7.31196047520174e-09,5.793438082530011,0.0,0.004095214878345994,0.002026690540630435,-4.036634986447978e-05,0.00016486647406704558,-3.6258756703993334e-05,2.8073985170336515e-08,4.618451737510375e-09,244.83373240913065,285.4936113745498,0.002427023575520735,1.5686280220311915e-06,0.00020680145195355656,2.8921997985353915e-09,1.7589752612366993e-05,0.00022282257654389234,9.700906504367373e-09,1.0862651453909863e-08,0.0021426686298581634,0.00234790145377038,28.434101642361913,28.250041640035704,0.8071230554357195,0.0034666033133954207,0.0,1.0,0.0,0.0,0.0,2.0,0.0,0.0,0.0,40,40,Benefit-softmax gaze,NATURAL VIDEO WITH SIMULATED SENSING
DAVIS,nominal,256,448,4,64,area,main,PEM_uniform,0.09821428571428571,0.0001516687123185959,-1.5590141806316335e-06,0.0001501096981379643,0.0,1.2104376249239224e-09,7.930330889857787e-10,,2.5,0.04318798317389523,157.4835329441194,0.0,1.0,0.015782554809262238,1.0,1.0,,27.999999999999993,6.322174532462152e-10,67.175,6.069678119192051e-10,0.6503055865128733,0.3117094626850456,0.03798495080208112,-5.59215678715237e-06,0.00014607655553144355,4.6518059848118665e-09,2.507586084190055e-09,2.0,1.2104376249239224e-09,1.0,0.0,0.03571428571428571,0.0021218712482256085,-5.59215678715237e-06,0.00014607655553144355,-7.672121727179112e-21,2.507586084190055e-09,6.034698130047172e-10,245.28262442119518,285.07363936947513,0.0019811337829118915,-5.467191919465194e-07,0.00015112199312664938,2.2496305862628784e-09,-1.5590141806316312e-06,0.0001501096981379643,7.930330889857784e-10,1.2104376249239224e-09,0.0021962327414710926,0.00234790145377038,28.19216323474443,28.012344507746214,0.803191817828967,0.0036042370683721284,0.0,1.0,0.0,0.0,0.0,2.0,0.0,0.0,0.0,40,40,Uniform gaze,NATURAL VIDEO WITH SIMULATED SENSING
DAVIS,nominal,256,448,4,64,area,main,PPAT2026_M1,0.09821428571428571,0.00015038212336135792,3.890901450134462e-06,0.00015427302481149237,0.0,5.694395692746536e-10,8.639641277832896e-10,,2.5,0.012223568619478032,157.11945751639786,0.0,1.0,0.009460966638086023,1.0,1.0,,17.14809609877068,2.735913081592665e-10,67.175,2.694482136293117e-10,0.7597931830721014,0.20270681692789866,0.0375,6.201760943083333e-06,0.00015658388430444127,1.7083746968771676e-09,2.0866932525178685e-09,2.0,5.542281901648766e-10,0.9019156187891351,0.0,0.019726033386021066,0.0021167818692997492,0.00025468350332749276,0.0004050656266888507,0.00026008808581559157,1.3110288705170235e-07,2.9999135564534186e-10,244.91854899347362,285.6505245639346,0.0019748105071178243,-0.00015038212336135792,9.974963981945175e-23,7.105834455213789e-08,3.8909014501344625e-06,0.00015427302481149237,8.639641277832905e-10,5.694395692746536e-10,0.0021975193304283303,0.00234790145377038,28.19858219872191,28.017437198007094,0.8026506273973668,0.003578906021203969,0.0,1.0,0.0,0.0,0.0,2.0,0.0,0.0,0.0,40,40,"PPAT (2026), M=1",NATURAL VIDEO WITH SIMULATED SENSING
DAVIS,nominal,256,448,4,64,area,neural_sensor,BasicVSRpp2022_causal_memory,0.09821428571428571,-0.00044385794308818207,5.852006872872134e-05,-0.00038533787435946073,0.0,9.56060895154634e-08,2.7619977764547523e-08,,2.5,0.15250637713792006,241.16900174123276,0.0,1.0,0.06233486159619006,1.0,1.0,,27.999999999999993,6.703122523149742e-07,74.6,7.644594620625597e-08,0.01618831859849653,0.18381168140150347,0.8,5.879139514772126e-05,-0.0003850665479404608,7.90637660120399e-08,2.242107211470296e-08,2.0,9.56060895154634e-08,1.0,1.0,0.03571428571428571,0.00259963077845709,5.879139514772126e-05,-0.0003850665479404608,1.2614376809090806e-20,2.242107211470296e-08,1.916014330920745e-08,14665.317852417129,16214.767590499832,0.0025436812694291768,0.0017476546123608918,0.0013037966692727096,3.925023067114826e-06,5.852006872872136e-05,-0.00038533787435946073,2.7619977764547537e-08,9.56060895154634e-08,0.0026904413088460082,0.002246583367318091,26.92725186123736,26.501678938919287,0.8066313325212118,0.004031611687172011,0.01818484076482464,1.0,-1.3939258516312987e-06,3.170302519797518e-05,73.6,2.0,6.88634071371017e-10,5.201730925583003e-10,3.3096951049606475e-05,10,10,BasicVSR++ causal (CVPR 2022) + patch + memory,NATURAL VIDEO WITH SIMULATED SENSING
DAVIS,nominal,256,448,4,64,area,neural_sensor,BasicVSRpp2022_causal_memory_R9,0.09821428571428571,-0.0003748052043545148,0.00011905833504017935,-0.00025574686931433547,0.0,6.306975940843738e-08,6.959290816907288e-08,0.13766946180996964,2.5,0.11784231008281884,241.7563359244813,0.0,1.0,0.05126790299358155,1.0,1.0,0.22099876954493394,3.81084215036459,3.478969990854994e-07,74.6,3.849130025662036e-08,0.02546344287976136,0.08151432536814396,0.8930222317520947,0.00011266259253645056,-0.00026214261181806424,4.1989442263158454e-08,3.494031566480785e-08,2.0,6.579230673170149e-08,2.00000000002,2.00000000002,0.004248099689986977,0.002440207910646012,-0.0010844263734270461,-0.001459231577781561,-0.0011555277384023913,2.8684452223720193e-06,2.4578459151817025e-08,14665.905186600377,16228.556594507245,0.0032200238450311334,0.0015713607614685353,0.0011965555571140203,3.2287541079845585e-06,9.261511435574398e-05,-0.0002821900899987708,4.833714437079307e-08,6.484712146607137e-08,0.0026213885701365162,0.002246583367318091,27.222334550699962,26.81365504177981,0.8098826899468408,0.003687528007101399,0.027599471659816792,1.0,1.238183083215211e-05,7.955021838689434e-05,73.6,2.0,1.7124125139093055e-09,8.051157445741475e-10,6.716838755474222e-05,10,10,BasicVSR++ causal (CVPR 2022) + TwinAudit gaze (ours),NATURAL VIDEO WITH SIMULATED SENSING
DAVIS,nominal,256,448,4,64,area,neural_sensor,BasicVSRpp2022_causal_patch,0.09821428571428571,-0.0006027547991817919,8.759850940777887e-05,-0.0005151562897740131,0.0,1.0232990628587679e-07,2.8785986435113625e-08,,2.5,0.1534775981569409,133.83928704624057,0.0,1.0,0.0630086653666995,1.0,1.0,,27.999999999999993,7.254212103447956e-07,74.6,8.239357422832672e-08,0.019469382239673004,0.02706051381463407,0.953470103945693,8.806423990756474e-05,-0.0005146905592742271,8.253519270265195e-08,2.4009669010731208e-08,2.0,1.0232990628587679e-07,1.0,0.0,0.03571428571428571,0.002753903056930921,8.806423990756474e-05,-0.0005146905592742271,3.666296370933199e-20,2.4009669010731208e-08,1.9936332057550066e-08,14557.988137722137,16108.757227495953,0.002857262459146175,0.001880981416236419,0.0012782266170546272,4.3567964685748176e-06,8.759850940777887e-05,-0.0005151562897740131,2.8785986435113625e-08,1.0232990628587679e-07,0.0028493381499417867,0.002246583367318091,26.787803923814483,26.336290404814378,0.8034232871188604,0.004129556108882396,0.0,1.0,0.0,0.0,0.0,2.0,0.0,0.0,0.0,10,10,BasicVSR++ causal (CVPR 2022) + patch,NATURAL VIDEO WITH SIMULATED SENSING
DAVIS,nominal,256,448,4,64,area,neural_sensor,BasicVSRpp2022_offline_patch,0.09821428571428571,-0.0014134861569568475,0.0001394510442783511,-0.0012740351126784965,0.0,2.728411355708505e-07,9.69349123512703e-08,,2.5,0.1763579621125947,133.78799865191593,0.0,1.0,0.07825302018871268,1.0,1.0,,27.999999999999993,1.7565818415951653e-06,74.6,2.387302201958233e-07,3.4694469519536144e-19,0.022775845866109715,0.9772241541338904,0.00013515182024137305,-0.0012783343367154746,2.387464743765827e-07,7.247299874450859e-08,2.0,2.728411355708505e-07,1.0,0.0,0.03571428571428571,0.003537348233521487,0.00013515182024137305,-0.0012783343367154746,8.665786794819352e-20,7.247299874450859e-08,3.411091537502719e-08,2467.346590224353,2511.5891705271274,0.0037729060976507667,0.002762621423800984,0.0013491352668441362,1.0227328852263536e-05,0.00013945104427835113,-0.0012740351126784965,9.69349123512703e-08,2.728411355708505e-07,0.00366006952384544,0.002246583367318091,25.970871640854064,25.45500494979273,0.7962590501447802,0.0052418171916021345,0.0,1.0,0.0,0.0,0.0,2.0,0.0,0.0,0.0,10,10,"BasicVSR++ offline, non-causal (CVPR 2022) + patch",NATURAL VIDEO WITH SIMULATED SENSING
DAVIS,nominal,256,448,4,64,area,neural_sensor,NanoSR2025_memory,0.09821428571428571,0.0003846067695408366,-1.3048079113954823e-05,0.0003715586904268818,0.0,5.879492241297839e-09,3.862261977336754e-09,,2.5,0.07019415384455233,248.35726988304168,0.0,1.0,0.029588300031845576,1.0,1.0,,27.999999999999993,1.9264846424839994e-08,74.6,4.00456096378191e-09,0.10227229206447866,0.3070205456301092,0.5907071623054122,-1.9002940196657195e-05,0.0003656038293441795,7.708385376726818e-09,4.412026039124896e-09,2.0,5.879492241297839e-09,1.0,1.0,0.03571428571428571,0.0017979921450274182,-1.9002940196657195e-05,0.0003656038293441795,-1.4648587565475218e-20,4.412026039124896e-09,1.8749312775159292e-09,461.1329935858472,539.7843090008246,0.001727404872074598,0.000559238286848816,0.0009438450563896526,3.630955085478837e-07,-1.3048079113954823e-05,0.0003715586904268818,3.862261977336754e-09,5.879492241297839e-09,0.0018619766027113474,0.002246583367318091,28.365631862675894,28.155612728939058,0.8252080923403765,0.0024353397607767857,0.015478886271821729,1.0,1.42342547483756e-07,1.4398165709430456e-05,73.6,2.0,7.678929032071896e-10,6.543476875394535e-10,1.4255823161946697e-05,10,10,NanoSR (NTIRE 2025) + patch + memory,NATURAL VIDEO WITH SIMULATED SENSING
DAVIS,nominal,256,448,4,64,area,neural_sensor,NanoSR2025_memory_R9,0.09821428571428571,0.0003802365785269256,1.7529076518336885e-05,0.0003977656550452625,0.0,1.1448823516544867e-08,1.693420194534785e-08,0.06453762313314912,2.5,0.05947958873487367,250.2522598319932,0.0,1.0,0.03053787374015148,1.0,1.0,0.14391717334636966,3.25238999518459,2.31217325459755e-08,74.6,7.301830214410544e-09,0.13257276410271635,0.16655341309790084,0.7008738227993828,3.924214277474028e-05,0.00041947872130166584,1.3557115479738926e-08,1.881608502473854e-08,2.0,1.3511569485398567e-08,2.00000000002,2.00000000002,0.0036692486127465986,0.0017553636079440309,0.0002852212023082308,0.0006654577808351565,0.0002709695351839522,1.2235109731815896e-07,4.146993302134325e-09,463.02798353479875,544.3564930013963,0.002250400740643975,0.00045696783469410243,0.000837204413221028,2.3785067930415844e-07,2.032147880140596e-05,0.00040055805732833156,1.9350133283099137e-08,2.1119370395858096e-08,0.0018663467920684413,0.002246583367318091,28.510290644293768,28.297021745673533,0.8265872161096993,0.0023579042942325624,0.020142037554427734,1.0,-4.940159762430636e-06,1.4426647426684079e-05,73.6,2.0,1.5408818987209006e-09,1.1460142520545735e-09,1.9366807189114713e-05,10,10,NanoSR (NTIRE 2025) + TwinAudit gaze (ours),NATURAL VIDEO WITH SIMULATED SENSING
DAVIS,nominal,256,448,4,64,area,neural_sensor,NanoSR2025_patch,0.09821428571428571,0.0002718584197730198,2.12378431987312e-06,0.00027398220409289296,0.0,5.059508300438948e-09,2.986224435839325e-09,,2.5,0.06408263873275535,137.59504387018535,0.0,1.0,0.027477526459474065,1.0,1.0,,27.999999999999993,1.7243245773549193e-08,74.6,2.386505051401301e-09,0.12391256782436208,0.1874536534165397,0.6886337787590981,-6.935711049157364e-06,0.00026492270872386243,3.7172945279407382e-09,2.038021596427218e-09,2.0,5.059508300438948e-09,1.0,0.0,0.03571428571428571,0.0019071457075357252,-6.935711049157364e-06,0.00026492270872386243,-1.1247281053950042e-20,2.038021596427218e-09,2.6730032490376477e-09,350.37076757299087,421.6980305046309,0.001921246789458847,0.0006270491840607,0.0008989076038337198,5.750534024882292e-07,2.12378431987312e-06,0.00027398220409289296,2.986224435839325e-09,5.0595083004389474e-09,0.0019747249525897824,0.002246583367318091,28.286108354037292,28.063184418298636,0.8214081594357836,0.0024351713529647593,0.0,1.0,0.0,0.0,0.0,2.0,0.0,0.0,0.0,10,10,NanoSR (NTIRE 2025) + patch,NATURAL VIDEO WITH SIMULATED SENSING
DAVIS,nominal,256,448,4,64,area,neural_sensor,PEM_R6_fixed,0.09821428571428571,0.0003348918253329136,3.8281830216007976e-05,0.00037317365554892154,0.0,4.963526389933874e-09,7.419514866891476e-09,,2.5,0.10158315226692213,145.28325682165013,0.0,1.0,0.03714645258964494,1.0,1.0,,1.5774772017917127,2.4092300261696367e-09,74.6,2.3769750094400613e-09,0.6328329208530328,0.2991502292667083,0.06801684988025895,3.555998931720941e-05,0.00037045181465012296,2.3185438528001647e-08,1.2784245317593034e-08,2.0,4.963526389933874e-09,1.999999999999924,0.0,0.0017857142857142852,0.0017843206536799175,6.103124586919902e-05,0.0003959230712021125,3.325757603617287e-05,3.96939410474662e-08,2.5865513804938135e-09,224.23190886900153,267.01034599303966,0.002290787017574963,-2.3902238271634203e-05,0.0003109895870612793,7.261999267310728e-09,6.4494554127708e-05,0.0003993863794606216,7.504153028870436e-08,3.171897001528191e-08,0.0019116915431701958,0.002246583367318091,28.46279923984656,28.228455159066506,0.8147625189543983,0.0024831718284777154,0.0,1.0,0.0,0.0,0.0,2.0,0.0,0.0,0.0,10,10,"Joint gaze, fixed proxy (prior version)",NATURAL VIDEO WITH SIMULATED SENSING
DAVIS,nominal,256,448,4,64,area,neural_sensor,PEM_R9_TwinAudit,0.09821428571428571,0.00031704630687110944,-9.97389616371894e-06,0.0003070724107073905,0.0,1.3271423069995913e-09,2.544911292215719e-09,0.01978842074892159,2.5,0.019013727000763744,254.75060427443668,0.0,1.0,0.010666649810435311,1.0,1.0,0.1778712946220387,3.6071439929692417,7.94649796085999e-10,74.6,7.728415877139635e-10,0.7070218665035353,0.2536188563748024,0.03935927712166233,-9.065115755425162e-06,0.0003079811911156843,6.593383062570666e-09,4.654151580624055e-09,2.0,1.5038119952768008e-09,2.00000000002,1.9227863957576836,0.0019971347712184903,0.0018138938922849335,0.0002924649187039709,0.0006095112255750803,0.000328950450239808,1.146925947548601e-07,5.543007192856279e-10,333.6992563217881,390.16634549043374,0.002298396859858811,-3.693027367267125e-05,0.0002801160331984382,1.0736733478166159e-08,-1.1384523434570727e-05,0.00030566178343653866,2.793211667045687e-09,1.085705181457856e-08,0.0019295370616320001,0.002246583367318091,28.391459533772128,28.165464473328463,0.8129016612486246,0.002514253543919775,0.009752282123991301,1.0,5.448248675795964e-07,4.8045578568181006e-05,73.6,2.0,4.871474140910511e-11,2.3564532589135464e-11,4.750075370060141e-05,10,10,TwinAudit (ours),NATURAL VIDEO WITH SIMULATED SENSING
DAVIS,nominal,256,448,4,64,area,neural_sensor,PEM_uniform,0.09821428571428571,0.00026965886843621203,9.821584611507132e-06,0.00027948045304771916,0.0,1.7449238999677344e-09,6.366629171385558e-10,,2.5,0.04280280761874383,143.52106233945156,0.0,1.0,0.016251609680807206,1.0,1.0,,27.999999999999993,6.67258536556645e-10,74.6,6.506334449812644e-10,0.6571598581195455,0.30804663364144974,0.03479350823900469,-2.3731552841189963e-06,0.000267285713152093,8.78240164335084e-09,3.058968939099779e-09,2.0,1.7449238999677344e-09,1.0,0.0,0.03571428571428571,0.0019094244913305473,-2.3731552841189963e-06,0.000267285713152093,-9.015049120734097e-21,3.058968939099779e-09,1.0942904549864698e-09,222.46971438680293,261.6531720056082,0.0017255868741663412,-2.4981137109471546e-05,0.0002446777313267405,6.205474304164468e-09,9.821584611507134e-06,0.00027948045304771916,6.366629171385558e-10,1.7449238999677344e-09,0.0019769245000668973,0.002246583367318091,28.083552334479208,27.869005806810424,0.8106570267254277,0.002682471551538162,0.0,1.0,0.0,0.0,0.0,2.0,0.0,0.0,0.0,10,10,Uniform gaze,NATURAL VIDEO WITH SIMULATED SENSING
DAVIS,nominal,256,448,4,64,area,neural_sensor,SCMSR2025_memory,0.09821428571428571,0.00021376333366335707,8.382387207077358e-07,0.0002146015723840648,0.0,8.477940141345624e-09,6.5632514992167846e-09,,2.5,0.07289567988933485,243.38801123552622,0.0,1.0,0.03117204979024434,1.0,1.0,,27.999999999999993,3.3227106588919493e-08,74.6,5.92065154389567e-09,0.049718108515187445,0.2558196878919254,0.6944622035928871,-4.954559846386766e-06,0.0002088087738169703,8.603787734311826e-09,2.476314954225043e-09,2.0,8.477940141345624e-09,1.0,1.0,0.03571428571428571,0.0019632354082077187,-4.954559846386766e-06,0.0002088087738169703,-1.054521225063294e-20,2.476314954225043e-09,2.5572885974499543e-09,758.3446710116604,858.0558819917496,0.0018850284836083348,0.0008081160890088106,0.0010218794226721675,8.406806668350329e-07,8.38238720707737e-07,0.0002146015723840648,6.5632514992167846e-09,8.477940141345624e-09,0.0020328200418432444,0.002246583367318091,28.070096006371745,27.850243350416303,0.8206146396210148,0.002653504766433992,0.015785200551348227,1.0,9.843852116267075e-07,1.7335005240430478e-05,73.6,2.0,8.383821060369916e-10,6.915624434364017e-10,1.635062002880377e-05,10,10,SCMSR (NTIRE 2025) + patch + memory,NATURAL VIDEO WITH SIMULATED SENSING
DAVIS,nominal,256,448,4,64,area,neural_sensor,SCMSR2025_memory_R9,0.09821428571428571,0.0002023142478645501,3.9147549175152385e-05,0.0002414617970397025,0.0,1.8866094911843245e-08,3.456512937506955e-08,0.06968414609847352,2.5,0.06325950550780304,243.72617731651675,0.0,1.0,0.03221108740406336,1.0,1.0,0.15573203083855588,3.3291467175663216,4.966171059260903e-08,74.6,1.1098492518840724e-08,0.07145290087594587,0.07730475507908198,0.8512423440449721,6.66413358495936e-05,0.00026895558371414373,1.3344854215892037e-08,2.4818169206446872e-08,2.0,2.3031480397139084e-08,2.00000000002,1.9966984082107206,0.0038599536794503278,0.0019240359843382294,0.0002596522991984016,0.00046196654706295176,0.00018657744120553348,1.1102786858577456e-07,7.76760239300252e-09,758.6828370926509,860.8402634967933,0.002365925452024287,0.0006726694265187102,0.0008749836743832604,5.593243065804792e-07,2.3369452343932713e-05,0.00022568370020848282,1.889155383729544e-08,2.21954670887224e-08,0.0020442691283489283,0.002246583367318091,28.200137258474996,27.981117509162015,0.8215850861227858,0.0025688848223300773,0.020913100223205576,1.0,2.1347992859546656e-06,2.2849237833321333e-05,73.6,2.0,1.753566857285521e-09,2.3183449345882686e-09,2.0714438547366667e-05,10,10,SCMSR (NTIRE 2025) + TwinAudit gaze (ours),NATURAL VIDEO WITH SIMULATED SENSING
DAVIS,nominal,256,448,4,64,area,neural_sensor,SCMSR2025_patch,0.09821428571428571,8.521510872306094e-05,2.2316689824355117e-05,0.00010753179854741607,0.0,8.128182052208127e-09,6.35438815992527e-09,,2.5,0.06857762401551788,135.1223710558222,0.0,1.0,0.029482490669363953,1.0,1.0,,27.999999999999993,3.15955496154608e-08,74.6,4.158332360605474e-09,0.05929483924553079,0.07583096811470699,0.8648741926397623,1.2709814779858811e-05,9.792492350291977e-05,4.545976776055459e-09,9.912276602056175e-10,2.0,8.128182052208127e-09,1.0,0.0,0.03571428571428571,0.002087824498363286,1.2709814779858811e-05,9.792492350291977e-05,-6.5377212469472145e-21,9.912276602056175e-10,3.969849691602654e-09,650.0790308319564,741.8955785088474,0.00210777458134573,0.0009029243781015531,0.000988139486824614,1.2820115341517244e-06,2.2316689824355117e-05,0.00010753179854741607,6.35438815992527e-09,8.128182052208127e-09,0.0021613682628453847,0.002246583367318091,27.985682521078747,27.752720806139827,0.8165179134184151,0.0026570449513607813,0.0,1.0,0.0,0.0,0.0,2.0,0.0,0.0,0.0,10,10,SCMSR (NTIRE 2025) + patch,NATURAL VIDEO WITH SIMULATED SENSING
DAVIS,nominal,256,448,4,64,area,neural_sensor,SPANF2025_memory,0.09821428571428571,0.0004113494208568713,-5.2412083252259066e-06,0.0004061082125316454,0.0,5.301800465587783e-09,4.1287026581409565e-09,,2.5,0.06579253455728344,247.0381905871965,0.0,1.0,0.02756244795679913,1.0,1.0,,27.999999999999993,1.1428245037185706e-08,74.6,3.6634245335865917e-09,0.17864164712858793,0.26044265024206037,0.5609157026293518,-1.3891527049306897e-05,0.00039745789380756446,7.964749430145327e-09,2.440304212194716e-09,2.0,5.301800465587783e-09,1.0,1.0,0.03571428571428571,0.0017723857701717124,-1.3891527049306897e-05,0.00039745789380756446,-2.292565975229299e-20,2.440304212194716e-09,1.6383759320011906e-09,365.43713828089653,429.0929084972595,0.0017015696739854998,0.00046119062788623703,0.0008725400487431085,2.576595499968549e-07,-5.2412083252259066e-06,0.00040610821253164546,4.1287026581409565e-09,5.301800465587783e-09,0.0018352339494256392,0.002246583367318091,28.4609368906861,28.25192028530326,0.8255839477534412,0.002370420284946658,0.01539948155269561,1.0,-4.7116322841376157e-07,1.413587559685574e-05,73.6,2.0,7.281969601678776e-10,7.019281162885908e-10,1.4607038825269501e-05,10,10,SPAN-F (NTIRE 2025) + patch + memory,NATURAL VIDEO WITH SIMULATED SENSING
DAVIS,nominal,256,448,4,64,area,neural_sensor,SPANF2025_memory_R9,0.09821428571428571,0.0004062257022189552,2.4297836321408234e-06,0.00040865548585109596,0.0,9.981698952281485e-09,1.1980971051106835e-08,0.05872930131405814,2.5,0.05460249853632228,244.05261877895958,0.0,1.0,0.028455339561721776,1.0,1.0,0.13228996701116388,3.1778052391618195,1.6488522906730658e-08,74.6,6.990122630316367e-09,0.1662210008927139,0.1793487853484225,0.6544302137588636,3.648309510347648e-05,0.0004427087973224317,1.3776651127265217e-08,1.0006159106331614e-08,2.0,1.1735528028754764e-08,2.00000000002,2.00000000002,0.0035451093446347464,0.0017310582202936828,0.00032327617959495105,0.0007295018818139062,0.0003230282507659104,1.9356323676807755e-07,2.9915763219651184e-09,362.4515664726597,427.9477160098031,0.002216489516311271,0.00037385443658384,0.0007800801388027952,1.5983841906513076e-07,1.4038464863537265e-05,0.0004202641670824924,9.647876662543019e-09,2.1633523206033072e-08,0.0018403576713421326,0.002246583367318091,28.60089298239179,28.385890800380253,0.8274979689465903,0.0023092327150885496,0.019380062532468077,1.0,6.4446316318443785e-06,2.5817364557452287e-05,73.6,2.0,1.4945421851309402e-09,8.053300475833827e-10,1.937273292560791e-05,10,10,SPAN-F (NTIRE 2025) + TwinAudit gaze (ours),NATURAL VIDEO WITH SIMULATED SENSING
DAVIS,nominal,256,448,4,64,area,neural_sensor,SPANF2025_patch,0.09821428571428571,0.00029639846605042646,1.3836869666293951e-05,0.0003102353357167204,0.0,4.606957057425948e-09,3.747863702356363e-09,,2.5,0.05919888140458472,133.21322374438833,0.0,1.0,0.0248890843695588,1.0,1.0,,27.999999999999993,9.168583292720786e-09,74.6,2.266376276664132e-09,0.19919840997386315,0.143590938339108,0.6572106516870289,1.775745052006445e-06,0.0002981742111024329,4.072472374855721e-09,6.923814132873932e-10,2.0,4.606957057425948e-09,1.0,0.0,0.03571428571428571,0.0018837918982807604,1.775745052006445e-06,0.0002981742111024329,-1.7598039416663504e-20,6.923814132873932e-10,2.340580780761816e-09,251.6121714380884,296.9246355080395,0.00190097389106455,0.0005209267465418214,0.000817325212592248,4.468078831285099e-07,1.3836869666293951e-05,0.0003102353357167204,3.747863702356363e-09,4.6069570574259485e-09,0.0019501849051455924,0.002246583367318091,28.37930929804407,28.158786069779758,0.8212937999951759,0.0023687284742969486,0.0,1.0,0.0,0.0,0.0,2.0,0.0,0.0,0.0,10,10,SPAN-F (NTIRE 2025) + patch,NATURAL VIDEO WITH SIMULATED SENSING
DAVIS,nominal,256,448,4,64,area,write_kappa,PEM_R9_writek1,0.09821428571428571,0.00018478433896969973,6.9993808653292246e-06,0.00019178371983502894,0.0,4.430616639390259e-10,4.702733061115094e-10,0.013325729345446779,2.5,0.010634744190009905,380.0177338682825,0.0,1.0,0.008563723583406953,1.0,1.0,0.983151079904015,16.960103223044108,2.1202656685602956e-10,72.66666666666667,2.0746391505184646e-10,0.6696871666972707,0.2858683888582849,0.04444444444444444,7.495696592007971e-06,0.00019228003556170768,1.797400867035655e-09,1.5989269782126378e-09,2.0,5.512157374672135e-10,2.00000000002,1.00000000001,0.00872815930802449,0.0017520001838012235,0.00029131531744986793,0.0004760996564195677,0.0002926341784386569,2.5236808462854944e-07,2.355977488871794e-10,497.22706624001773,593.4953569807112,0.001713878689105036,-1.6054678652951587e-05,0.00016872966031674814,3.6642124141273615e-09,6.04502869982252e-06,0.00019082936766952224,2.352788770659727e-10,5.547457982473047e-10,0.0018181476714592662,0.002002932008608515,29.15514509211781,28.926220455753956,0.8127522473834411,0.0025824907098987884,0.008132530156922292,1.0,1.1122546882562521e-06,2.9675324121039913e-05,71.66666666666667,1.0,1.9339531893992994e-11,6.594280097615604e-12,2.856306943278366e-05,15,15,"Ours, write kappa=1",NATURAL VIDEO WITH SIMULATED SENSING
DAVIS,nominal,256,448,4,64,area,write_kappa,PEM_R9_writek1.25,0.09821428571428571,0.0002316552014983678,8.888392660622162e-06,0.00024054359415898998,0.0,9.446506136936035e-10,9.40683559212725e-10,0.016454638637027078,2.5,0.015387644500679329,382.7503165963784,0.0,1.0,0.009658124721547173,1.0,1.0,0.28309502313475865,4.700035196729083,5.480755029939129e-10,72.66666666666667,5.395835754658722e-10,0.6963583841312219,0.23697494920211143,0.06666666666666667,2.356408510348633e-05,0.0002552192866018541,3.5999903130245475e-09,8.788506307438074e-09,2.0,1.0921521725402083e-09,2.00000000002,1.2500000000125,0.0023637666371446983,0.0016672163655078222,0.00034517159939795436,0.0005768268008963221,0.00031458991688432757,2.5567657562990075e-07,4.050670382277313e-10,503.41085940875837,600.1111516624223,0.002114380348946734,-2.035115902753989e-05,0.00021130404247082793,5.082732139652865e-09,7.204237059690514e-06,0.00023885943855805834,2.036180843005929e-09,4.231016699983987e-09,0.001771276808930598,0.002002932008608515,29.412915741576008,29.187715083637883,0.8155805543602012,0.002468629395619334,0.008975721559392734,1.0,2.1430262086542526e-08,4.253077721365795e-05,71.66666666666667,1.25,6.012284287871612e-11,5.7022246714014244e-11,4.25093469515714e-05,15,15,"Ours, write kappa=1.25",NATURAL VIDEO WITH SIMULATED SENSING
DAVIS,nominal,256,448,4,64,area,write_kappa,PEM_R9_writek2,0.09821428571428571,0.0002503437086030386,6.958220521294084e-07,0.000251039530655168,0.0,1.0703467997640556e-09,2.1897373877645465e-09,0.017143367510109416,2.5,0.016508262006948837,385.6456623771168,0.0,1.0,0.010146411144647004,1.0,1.0,0.20535723842008605,3.7706538958955473,6.782436582603296e-10,72.66666666666667,6.567033194255146e-10,0.693570133224579,0.2579681264720905,0.04846174030333044,2.4717106120549876e-06,0.00025281541921509356,4.7623985221642304e-09,3.6674706653380157e-09,2.0,1.1968668429653457e-09,2.00000000002,1.9114698688567102,0.0021875265045356346,0.0016465304008236252,0.0002800882595771616,0.0005304319681802002,0.00029035714907837604,1.3113941319982607e-07,4.136434803385411e-10,507.51506448771823,603.658742653594,0.0021116846496716025,-2.4297729910918224e-05,0.00022604597869212037,7.523137306343117e-09,1.0460366366291168e-05,0.0002608040749693298,5.560717871196778e-09,7.85451035957291e-09,0.0017525883018259273,0.002002932008608515,29.44205311033247,29.21477650481505,0.816490503612401,0.0024643863550315895,0.00949983117869652,1.0,8.476476080024442e-07,4.493797792650686e-05,71.66666666666667,2.0,5.823226395072227e-11,1.9118056577609236e-11,4.4090330318504414e-05,15,15,"Ours, write kappa=2",NATURAL VIDEO WITH SIMULATED SENSING
DAVIS,nominal,256,448,4,64,area,write_kappa,PEM_R9_writek4,0.09821428571428571,0.00024855726534983244,8.387706543042945e-06,0.00025694497189287537,0.0,1.0545592297092493e-09,9.917753518227709e-10,0.016997488942987214,2.5,0.016299757038594386,381.73883311009746,0.0,1.0,0.01012364888021996,1.0,1.0,0.20559688467963622,3.7732119466229377,6.750099470966927e-10,72.66666666666667,6.533109958773415e-10,0.6935730238111242,0.2579671865279049,0.048459789660970996,7.066573157924307e-06,0.0002556238385077568,4.666846917530184e-09,3.0740126398245624e-09,2.0,1.2182616811843218e-09,2.00000000002,2.3705854270210835,0.0021875272793772794,0.0016484220447596993,0.00030171058193741575,0.0005502678472872481,0.00029273968345477447,1.5562583109590826e-07,4.0124823383190763e-10,500.4175806365352,593.835953999854,0.0021120732551584845,-2.246992474329545e-05,0.000226087340606537,6.7441545143145585e-09,1.8496875062417073e-05,0.0002670541404122495,5.794972229495896e-09,7.589302932999729e-09,0.0017543747450791335,0.002002932008608515,29.438949261130542,29.21117562533831,0.8164008702662605,0.002463468937637984,0.009481515960459866,1.0,1.2832747822237635e-06,4.497471742016304e-05,71.66666666666667,4.0,6.055911948507907e-11,2.504563184285971e-11,4.369144263793928e-05,15,15,"Ours, write kappa=4",NATURAL VIDEO WITH SIMULATED SENSING
DAVIS,nominal,256,448,4,64,area,write_kappa,PEM_R9_writek8,0.09821428571428571,0.00024858877713600133,7.34219046917094e-06,0.0002559309676051723,0.0,1.0543185820138732e-09,9.798624592980545e-10,0.01698455422015639,2.5,0.01628682231576356,382.73431326637257,0.0,1.0,0.010121069478080185,1.0,1.0,0.20681882251874226,3.7798379278101697,6.750298541764191e-10,72.66666666666667,6.53330902957068e-10,0.6935730238111242,0.2579671865279049,0.048459789660970996,8.179276537880391e-06,0.00025676805367388174,4.666523409413666e-09,3.0608080618863584e-09,2.0,1.2182693063873383e-09,2.00000000002,2.3890761914660734,0.0021875272793772794,0.0016483586433851736,0.0003049638127912921,0.0005535525899272934,0.0002932184623015731,1.5613261231167264e-07,4.0098767905680517e-10,504.73506870797155,609.3287373328349,0.0021162183900223287,-2.2668785028651744e-05,0.00022591999210734963,6.735242746005146e-09,1.717055190426538e-05,0.00026575932904026673,5.751621813968712e-09,7.579265595970365e-09,0.0017543432332929646,0.002002932008608515,29.439097489127835,29.211680092914587,0.8164162813307357,0.0024632893750307482,0.009478007552584902,1.0,1.487433556688081e-06,4.523376556184797e-05,71.66666666666667,8.0,6.051864062704616e-11,2.24873205141546e-11,4.3746332005159893e-05,15,15,"Ours, write kappa=8",NATURAL VIDEO WITH SIMULATED SENSING
DAVIS,nominal,256,448,4,64,bicubic,bicubic,PEM_R6_fixed,0.09821428571428571,0.0002751397817004968,-3.8524970091930165e-05,0.00023661481160856668,0.0,3.4223007322216076e-09,8.958692316664242e-09,,2.5,0.10045706957401394,212.48729924312303,0.0,1.0,0.03413853028435481,1.0,1.0,,1.626497834039881,2.0534065763331777e-09,72.66666666666667,1.9004733112348676e-09,0.553336255057305,0.4346056053781108,0.012058139564584205,-5.938951112331545e-05,0.0002157502705771814,1.682465127815332e-08,2.39209597012099e-08,2.0,3.4223007322216076e-09,1.9999999999999314,0.0,0.0017928860856237794,0.001599107860023114,6.5717121151014e-05,0.00034085690285151084,9.652389538263052e-05,8.918797248714602e-08,1.52182742098674e-09,336.58922544559715,407.9811083197516,0.0020499380755302585,-2.672124502200466e-05,0.00024841853667849215,3.28898708322353e-09,-1.3935166969491459e-05,0.0002612046147310053,3.329103839901946e-08,2.2634153218399513e-08,0.0017146870417611812,0.001989826825949381,29.563211576989694,29.33289523118786,0.8135436800481561,0.002392442355934885,0.0,1.0,0.0,0.0,0.0,2.0,0.0,0.0,0.0,15,15,"Joint gaze, fixed proxy (prior version)",NATURAL VIDEO WITH SIMULATED SENSING
DAVIS,nominal,256,448,4,64,bicubic,bicubic,PEM_R8_certified,0.09821428571428571,0.00025152407203029654,6.195923413870405e-06,0.00025771999544416693,0.0,8.58987482294284e-10,5.389100911985394e-10,0.016023716082062996,2.5,0.016023716082062996,386.5742718650591,0.0,1.0,0.010460912702399367,1.0,1.0,,3.615434835758952,6.332486898854104e-10,72.66666666666667,5.794756969771541e-10,0.5909387614426538,0.38598204273510617,0.02307919582224011,1.809289800099638e-05,0.0002696169700312929,4.630958366919103e-09,7.1582304655181665e-09,2.0,9.56324937159738e-10,1.999999999999982,2.9068099862194905,0.0019517546591127238,0.0016347552778318564,0.0002994233133620054,0.0005509473853923019,0.00030154791123676166,1.544885917413107e-07,2.7951178531712977e-10,510.67619806753316,611.6862219948476,0.002047686130306947,-3.238886998824911e-05,0.00021913520204204742,4.765926640356886e-09,1.9212544718481125e-05,0.00027073661674877764,4.240650803065211e-09,6.393216522411356e-09,0.0017383027514313815,0.001989826825949381,29.477100835905688,29.24738716451738,0.8117880036812616,0.0024264929908656995,0.009649227215471009,1.0,-7.01612873521839e-08,4.265450282878829e-05,71.66666666666667,2.0,4.7744785695444504e-11,3.082599895738458e-11,4.272466411614048e-05,15,15,Ours w/o write-audit constraint,NATURAL VIDEO WITH SIMULATED SENSING
DAVIS,nominal,256,448,4,64,bicubic,bicubic,PEM_R9_TwinAudit,0.09821428571428571,0.00025386840552590125,-4.895909106640645e-06,0.0002489724964192606,0.0,8.730195047739498e-10,9.282721424894552e-10,0.016418515878047095,2.5,0.015843320869146988,382.3736776887181,0.0,1.0,0.01001422579997715,1.0,1.0,0.20247568625809806,3.7327064980457716,5.691999973897257e-10,72.66666666666667,5.320132015900993e-10,0.5989782406313158,0.37879953714646203,0.022222222222222223,5.374937096269996e-07,0.00025440589923552824,4.275299022646284e-09,3.431872144829429e-09,2.0,9.554515699003582e-10,2.00000000002,1.915894545072076,0.0021708532194623384,0.0016334886213266804,0.00031407392449179144,0.0005679423300176926,0.0003192231818014766,1.8209049721599704e-07,3.410063031838505e-10,506.4756038911922,607.3068943268541,0.0020287444071255146,-3.378084904769988e-05,0.00022008755647820135,5.048475749672484e-09,1.2570709214290106e-05,0.00026643911474019135,3.2462832811589034e-09,7.3312503784846055e-09,0.0017359584179357766,0.001989826825949381,29.475830371211803,29.248592042382196,0.8118697532412242,0.0024282914594525276,0.009385380786753338,1.0,-3.2929249161928783e-06,3.931259521214073e-05,71.66666666666667,2.0,3.88619578472683e-11,3.659400094239695e-11,4.2605520128333615e-05,15,15,TwinAudit (ours),NATURAL VIDEO WITH SIMULATED SENSING
DAVIS,nominal,256,448,4,64,bicubic,bicubic,PEM_greedy,0.09821428571428571,0.0002802608412101518,3.704947329495352e-05,0.00031731031450510535,0.0,3.707352859781118e-08,1.99041734951202e-08,,2.5,0.9165224280491528,208.42843233805462,0.0,1.0,0.39953613296776697,1.0,1.0,,1.1037745146348674,2.217555521800671e-08,72.66666666666667,2.0546570860342714e-08,0.5315916834561808,0.4308130114081859,0.03759530513563331,-3.3081560311609445e-06,0.00027695268517899087,2.1282001404023898e-07,2.835643646511975e-07,2.0,3.707352859781118e-08,19.990610942497018,0.0,0.0017857142857142859,0.0015926525086522826,-1.417716343768319e-05,0.0002660836777724686,-1.9133569950183647e-06,1.2836855844368003e-07,1.6526957737468464e-08,332.5303585405287,409.0988573381522,0.002059501682004491,-2.3533858551194836e-05,0.00025672698265895695,2.9503976922610096e-09,5.7276047910867167e-05,0.00033753688912101893,1.1936999278882933e-07,9.12642981335528e-08,0.0017095659822515263,0.001989826825949381,29.578164620895055,29.35004192526285,0.8142065025645213,0.002388334317636667,0.0,1.0,0.0,0.0,0.0,2.0,0.0,0.0,0.0,15,15,Greedy gaze,NATURAL VIDEO WITH SIMULATED SENSING
DAVIS,nominal,256,448,4,64,bicubic,bicubic,PEM_uniform,0.09821428571428571,0.00020696925771142212,5.638361572315034e-06,0.00021260761928373716,0.0,1.0231142623868377e-09,3.3762916704513913e-10,,2.5,0.03874937199628238,208.89282835900556,0.0,1.0,0.014846095647673111,1.0,1.0,,27.999999999999993,5.095961443932531e-10,72.66666666666667,4.746792326777744e-10,0.5966295616240037,0.37797965704113484,0.025390781334861508,-6.738177744270331e-06,0.00020023107996715178,5.70914958387815e-09,2.0869639859056435e-09,2.0,1.0231142623868377e-09,1.0,0.0,0.03571428571428571,0.001722315454143478,-6.738177744270331e-06,0.00020023107996715178,-1.0205410691341564e-20,2.0869639859056435e-09,5.484350297090632e-10,332.9947545614796,407.67214131949004,0.0015206213770626682,-2.0422230562736148e-05,0.00018654702714868598,2.921686044399329e-09,5.638361572315037e-06,0.00021260761928373716,3.376291670451391e-10,1.0231142623868379e-09,0.0017828575657502558,0.001989826825949381,29.164825157205215,28.9446292966041,0.8096097111906541,0.0025778757172932832,0.0,1.0,0.0,0.0,0.0,2.0,0.0,0.0,0.0,15,15,Uniform gaze,NATURAL VIDEO WITH SIMULATED SENSING
DAVIS,nominal,256,448,8,64,area,scale8,PEM_R6_fixed,0.05133928571428571,0.0003446143807817489,3.110888672316325e-05,0.0003757232675049121,0.0,4.044773119113535e-08,2.985781303060304e-08,,2.5,0.15263639432041534,202.59725815967585,0.0,1.0,0.055257553311143195,1.0,1.0,,1.5616892237733278,1.7175552249852704e-08,72.66666666666667,1.4472916847554104e-08,0.5793554709661316,0.05684593383052708,0.3637985952033413,4.477190007747188e-05,0.0003893862808592208,6.515855482158103e-08,2.7672376787166904e-08,2.0,4.044773119113535e-08,1.999999999999948,0.0,0.0017857142857142852,0.003744078766192191,7.974665168255679e-05,0.00042436103246430566,6.789729735208247e-05,1.1676130426459946e-07,2.5974814343581246e-08,317.02370052431763,390.2281293377746,0.005070847112020535,7.612033877678599e-05,0.00042073471955853485,8.338820657551268e-08,6.126232858875217e-05,0.00040587670937050103,5.336816883193693e-08,7.607809747971614e-08,0.004016010746290246,0.004360625144637529,25.781325703530808,25.5644343752671,0.6815383621088403,0.005456639591235976,0.0,1.0,0.0,0.0,0.0,2.0,0.0,0.0,0.0,15,15,"Joint gaze, fixed proxy (prior version)",NATURAL VIDEO WITH SIMULATED SENSING
DAVIS,nominal,256,448,8,64,area,scale8,PEM_R8_certified,0.05133928571428571,0.00034828674820944433,6.871479110251913e-06,0.0003551582273196962,0.0,9.980867588062977e-09,8.418128384006513e-09,0.028532941610113216,2.5,0.02853294161011322,367.77175950913426,0.0,1.0,0.014415726920916035,1.0,1.0,,3.6772280420546974,6.101864616185948e-09,72.66666666666667,5.5544109907871485e-09,0.5899943359946934,0.04743035229035599,0.3625753117149506,2.16171460024888e-05,0.0003699038942119331,2.195414163946209e-08,1.3189559071834268e-08,2.0,1.4838622709754855e-08,1.9999999999999873,2.958459736604007,0.0018275576550110433,0.003764889468242793,0.0003265620672568751,0.0006748488154663194,0.00038474877166770556,1.940217872136779e-07,4.426456597275827e-09,482.19820187377604,577.7297350178318,0.004789623859644471,6.868471460582975e-05,0.0004169714628152741,4.0754362073601365e-08,-1.2331424383442538e-05,0.00033595532382600174,1.5991201413858685e-08,2.1741708446957184e-08,0.0040123383788625505,0.004360625144637529,25.73073764796079,25.516546554910544,0.6816045826145384,0.005508276168095825,0.013028613262434626,1.0,-2.9337724886928267e-06,6.940921887180093e-05,71.66666666666667,2.0,8.389837473004804e-10,3.802697730224995e-10,7.234299136049374e-05,15,15,Ours w/o write-audit constraint,NATURAL VIDEO WITH SIMULATED SENSING
DAVIS,nominal,256,448,8,64,area,scale8,PEM_R9_TwinAudit,0.05133928571428571,0.0003324428667504957,-1.4712722108588966e-05,0.0003177301446419067,0.0,8.668498401020723e-09,5.31665982814426e-09,0.02853449657585899,2.5,0.026527529347599558,359.51344959472715,0.0,1.0,0.013031490947286868,1.0,1.0,0.23828934433566076,3.862855927887609,5.741559987767171e-09,72.66666666666667,5.198807600825971e-09,0.5761038066558769,0.047406806564410174,0.37648938677971283,-3.7140838026447217e-06,0.00032872878294785095,1.7345455766605177e-08,7.619682889415635e-09,2.0,1.283971098327368e-08,2.00000000002,1.9071044683626954,0.0020775788954194812,0.0037820173839985213,0.0003668659330261721,0.0006993087997766678,0.00040214749208757305,2.403685529472983e-07,3.469690800194751e-09,473.93989195936894,569.8518676541668,0.004780760101431436,8.604376383449273e-05,0.00041848663058498845,4.1389147595801756e-08,-2.204904294036877e-06,0.0003302379624564588,7.84062838878345e-09,1.97683842850427e-08,0.004028182260321499,0.004360625144637529,25.710903562530294,25.496822283215536,0.6814122290768869,0.0055185348133370265,0.011927388370149087,1.0,-2.4310019138447018e-05,4.853762097192078e-05,71.66666666666667,2.0,7.646827318289938e-10,3.274078531486347e-09,7.284764011036779e-05,15,15,TwinAudit (ours),NATURAL VIDEO WITH SIMULATED SENSING
DAVIS,nominal,256,448,8,64,area,scale8,PEM_greedy,0.05133928571428571,0.00034615238887366446,1.3883245295115973e-05,0.0003600356341687804,0.0,3.9535640369674166e-07,1.2257521212606696e-07,,2.5,1.452177728287997,198.68490288308163,0.0,1.0,0.6550943784697882,1.0,1.0,,1.1037745146348674,2.177347935841647e-07,72.66666666666667,1.6641981039405945e-07,0.568784077310545,0.03891829824649224,0.39229762444296284,0.00012429178351476927,0.0004704441723884337,6.848150589767311e-07,4.1335437735638835e-07,2.0,3.9535640369674166e-07,19.99691052518614,0.0,0.0017857142857142859,0.0037334050024341917,-0.00011890147498252561,0.00022725091389113884,-0.00010655812929103014,4.1097374530668004e-07,2.2893659330268218e-07,313.11134524772336,384.94770066579804,0.0050928183278859665,0.00010318635969314907,0.0004493387485668135,6.714711026835945e-08,6.517339361896886e-05,0.0004113257824926333,2.852257283932724e-07,5.151020541604131e-07,0.00401447273819833,0.004360625144637529,25.809387048328833,25.59131513563036,0.6824811305617485,0.0054462821508620375,0.0,1.0,0.0,0.0,0.0,2.0,0.0,0.0,0.0,15,15,Greedy gaze,NATURAL VIDEO WITH SIMULATED SENSING
DAVIS,nominal,256,448,8,64,area,scale8,PEM_uniform,0.05133928571428571,0.0003213208959605106,7.389843591455121e-06,0.0003287107395519657,0.0,1.4883696859996775e-08,3.821287387348646e-09,,2.5,0.062341204960585934,199.67810544408815,0.0,1.0,0.021904075251501395,1.0,1.0,,27.999999999999993,4.915634988917062e-09,72.66666666666667,4.2105158641440316e-09,0.5646516376397243,0.034995482730189556,0.40035287963008614,-6.004664345479582e-06,0.000315316231615031,2.451872271933067e-08,3.504866794601832e-09,2.0,1.4883696859996775e-08,1.0,0.0,0.03571428571428571,0.003899500730433368,-6.004664345479582e-06,0.000315316231615031,-1.3441479079988206e-20,3.504866794601832e-09,1.0673180995852742e-08,314.10454780872993,390.3570226766169,0.0036099028348414055,4.3104459909761695e-05,0.00036442535587027225,1.1829879704796821e-07,7.389843591455121e-06,0.0003287107395519657,3.821287387348645e-09,1.4883696859996775e-08,0.004039304231111484,0.004360625144637529,25.447416898742965,25.241978967409814,0.6793234335100099,0.005747863374875284,0.0,1.0,0.0,0.0,0.0,2.0,0.0,0.0,0.0,15,15,Uniform gaze,NATURAL VIDEO WITH SIMULATED SENSING
REDS,biased_stress,256,448,4,64,area,bias_negative_control,PEM_R9_TwinAudit,0.09821428571428571,0.00029943563612730233,-4.490550099059612e-06,0.00029494508602824276,3.9745565513254544e-07,1.4377571881233064e-09,1.6639261613087204e-09,0.02003299251390537,2.5,0.019354309133227388,384.9606349999085,0.0,1.0,0.008338685866500386,1.0,0.0,0.20125356810651804,3.8607752864980833,1.1756761588979056e-09,100.0,1.1481419654885483e-09,0.7464088387592269,0.22618991824930684,0.027401242991466197,-2.1327213032786237e-05,0.0002781084230945161,3.510997341110359e-09,9.035312472772263e-09,2.0,1.5198424078303977e-09,2.00000000002,1.8173474578728255,0.0019395718631878482,0.003552321427691427,0.0003009859665178624,0.0006004216026451647,0.00031019166651740493,1.6017943040393682e-07,2.896152226347582e-10,504.41940686576226,590.113393002927,0.00392618786870033,-5.327516189541672e-05,0.00024616047423188563,9.647504130044918e-09,-5.641997355681861e-06,0.0002937936387716205,6.1072327995663285e-09,4.519198465346649e-09,0.0036260005241231246,0.003925436150961711,25.14888112467023,24.966498203030643,0.6833122299480069,0.006164520552126183,0.007880918166624498,1.0,-5.526398744891397e-07,6.0319522824460086e-05,99.0,2.0,1.2134792187756773e-10,9.760513956595896e-11,6.0872162698949225e-05,15,15,TwinAudit (ours),NATURAL VIDEO WITH SIMULATED SENSING
REDS,clean,256,448,4,64,bicubic,neural_native,BasicVSRpp2022_causal_memory,0.09821428571428571,0.0018910053677567732,-1.398320502552416e-05,0.001877022162731249,0.0,1.1752075767987579e-08,1.2119264694240178e-08,,2.5,0.07943018750571978,222.0304152998336,0.0,1.0,0.030968774695004975,1.0,1.0,,27.999999999999996,9.083760745288819e-10,100.0,8.622539303103626e-10,0.936391094453021,0.036307273971574926,0.02730163157540411,-9.3811769306024e-06,0.0018816241908261705,2.0195367504947866e-08,2.3117716334248586e-08,2.0,1.1752075767987579e-08,1.0,1.0,0.03571428571428571,0.001324797014540915,-9.3811769306024e-06,0.0018816241908261705,-7.800834631033205e-20,2.3117716334248586e-08,1.0889821837677215e-08,16457.049294699606,21039.105634334166,0.001207774211638858,-0.0006723421528898955,0.0012186632148668776,8.513843045716969e-07,-1.398320502552416e-05,0.001877022162731249,1.2119264694240178e-08,1.175207576798758e-08,0.0013743346977377465,0.0032653400657194046,29.612593721213507,29.485283407563205,0.8623557507793109,0.002466276421155608,0.009542772356555004,1.0,9.98118411707046e-07,1.7538175634580058e-05,99.0,2.0,1.264167437044958e-10,1.4240921130930653e-10,1.6540057222873013e-05,30,30,BasicVSR++ causal (CVPR 2022) + patch + memory,NATURAL VIDEO WITH SIMULATED SENSING
REDS,clean,256,448,4,64,bicubic,neural_native,BasicVSRpp2022_causal_memory_R9,0.09821428571428571,0.001909969535557048,1.2622749707243735e-06,0.0019112318105277725,0.0,8.262574059153511e-09,4.764198872646935e-09,0.0899412353700549,2.5,0.07988511920672384,223.95864519998818,0.0,1.0,0.03571345573426563,1.0,1.0,0.15248274568717773,3.380356917777908,1.4845006775278776e-09,100.0,1.3822320533962964e-09,0.8851099638509421,0.10742316172325439,0.007466874425803527,-1.9901065779497478e-05,0.0018900684697775506,4.640330028148764e-08,4.123559985200451e-08,2.0,1.4470169862972732e-08,2.00000000002,2.00000000002,0.004063868370386614,0.0012849433796630666,0.0016034520314591565,0.0035134215670162045,0.0015880934961115616,3.0765669641117367e-06,6.880342005757214e-09,16458.97752459976,21048.26502467161,0.001401157523594563,-0.0005211243134331136,0.0013888452221239344,4.482241710631114e-07,-1.966091511765129e-05,0.0018903086204393967,4.533631934967432e-08,4.3948227277955047e-08,0.0013553705287825625,0.0032653400657194046,29.774814619267445,29.639077023427046,0.863152571340402,0.0023914513970342676,0.013320963367640505,1.0,1.2854034345693728e-06,2.581513765409308e-05,99.0,2.0,2.1088021755485594e-10,1.1271604367815837e-10,2.4529734219523706e-05,30,30,BasicVSR++ causal (CVPR 2022) + TwinAudit gaze (ours),NATURAL VIDEO WITH SIMULATED SENSING
REDS,clean,256,448,4,64,bicubic,neural_native,BasicVSRpp2022_causal_patch,0.09821428571428571,0.0018490469985917549,-1.8402265990297866e-05,0.0018306447326014571,0.0,1.0596416454855554e-08,1.0604519664523647e-08,,2.5,0.07509611723441958,122.82918756637567,0.0,1.0,0.030176932115041948,1.0,1.0,,27.999999999999996,6.120116073987602e-10,100.0,5.820009958636666e-10,0.9447706200073668,0.049524938350277097,0.005704441642356119,-1.1319819843781615e-05,0.0018377271787479732,1.8889272659789563e-08,2.1219350725384096e-08,2.0,1.0596416454855554e-08,1.0,0.0,0.03571428571428571,0.0013651876366493525,-1.1319819843781615e-05,0.0018377271787479732,-6.806982639588159e-20,2.1219350725384096e-08,1.0014415458991887e-08,16357.848066966146,20944.902309330257,0.0012974371825646089,-0.0006019248797284336,0.0012471221188633213,6.8390573320158e-07,-1.8402265990297856e-05,0.0018306447326014571,1.0604519664523647e-08,1.0596416454855556e-08,0.001416293067294949,0.0032653400657194046,29.50325461351639,29.37633303768197,0.8589707870880763,0.002534435888031507,0.0,1.0,0.0,0.0,0.0,2.0,0.0,0.0,0.0,30,30,BasicVSR++ causal (CVPR 2022) + patch,NATURAL VIDEO WITH SIMULATED SENSING
REDS,clean,256,448,4,64,bicubic,neural_native,BasicVSRpp2022_offline_patch,0.09821428571428571,0.0020658117907347974,-2.088475807618383e-05,0.0020449270326586134,0.0,1.3597197014579555e-08,1.4564016508184872e-08,,2.5,0.0774711094502405,130.4476475668489,0.0,1.0,0.031403791389792456,1.0,1.0,,27.999999999999996,5.653091992848504e-10,100.0,5.321957911118223e-10,0.969177067812135,0.02738336604723406,0.0034395661406309394,-1.0647959353731926e-05,0.0020551638313810656,2.270640989304787e-08,2.7238838767066308e-08,2.0,1.3597197014579555e-08,1.0,0.0,0.03571428571428571,0.0011561884381784088,-1.0647959353731926e-05,0.0020551638313810656,-8.330286691930292e-20,2.7238838767066308e-08,1.3065001223467731e-08,2788.3022127666627,2825.3032278329097,0.0011178002709050323,-0.0007698068433970658,0.0012960049473377318,1.0386833592804225e-06,-2.0884758076183806e-05,0.002044927032658614,1.4564016508184862e-08,1.3597197014579557e-08,0.0011995282740535913,0.0032653400657194046,30.260937335823073,30.132701356112808,0.8758545837203662,0.002158480373254126,0.0,1.0,0.0,0.0,0.0,2.0,0.0,0.0,0.0,30,30,"BasicVSR++ offline, non-causal (CVPR 2022) + patch",NATURAL VIDEO WITH SIMULATED SENSING
REDS,clean,256,448,4,64,bicubic,neural_native,NanoSR2025_memory,0.09821428571428571,0.001093631838172061,-7.052663557858561e-06,0.0010865791746142023,0.0,3.4846639140912925e-09,3.3491808777108823e-09,,2.5,0.07066618231103665,222.85223783344068,0.0,1.0,0.024638195093318455,1.0,1.0,,27.999999999999996,1.7354473911621174e-09,100.0,1.526920208660888e-09,0.7758037140248717,0.14709352746427962,0.07710275851084873,-4.733998594245679e-06,0.0010888978395778152,9.054735692508444e-09,9.013520062968366e-09,2.0,3.4846639140912925e-09,1.0,1.0,0.03571428571428571,0.0020938588904682543,-4.733998594245679e-06,0.0010888978395778152,-4.064854645010237e-20,9.013520062968366e-09,1.957743705430404e-09,451.0395248333031,518.7577071643803,0.0019371880459546672,-0.00012405290648141433,0.0009695789316906465,5.571463236451674e-08,-7.052663557858563e-06,0.0010865791746142023,3.3491808777108823e-09,3.4846639140912933e-09,0.0021717082253647577,0.0032653400657194046,27.601852043233812,27.48738386841925,0.8004666429162025,0.0037939332854410365,0.011930032621408303,1.0,6.894228697848409e-07,3.0791747365566735e-05,99.0,2.0,2.513113258177148e-10,1.5046004838765402e-10,3.0102324495781896e-05,30,30,NanoSR (NTIRE 2025) + patch + memory,NATURAL VIDEO WITH SIMULATED SENSING
REDS,clean,256,448,4,64,bicubic,neural_native,NanoSR2025_memory_R9,0.09821428571428571,0.0011290863694816975,3.184461649857212e-06,0.0011322708311315547,0.0,4.0377245348563895e-09,3.684139358351943e-09,0.06747817451994531,2.5,0.06253454062019477,222.72023843335532,0.0,1.0,0.02795931410403647,1.0,1.0,0.10352895844420813,3.0620890891757973,2.736629616166471e-09,100.0,2.3714243117328173e-09,0.6790134013386618,0.2647269290531811,0.05625966960815709,3.0648789526697582e-06,0.0011321512484343673,2.0640041326662628e-08,2.222819808428683e-08,2.0,4.711440040037105e-09,2.00000000002,2.00000000002,0.003301430646206793,0.002025515500228115,0.0009348539863015288,0.0020639403557832264,0.0009354081105364646,1.0068210844463219e-06,1.6663002231235724e-09,450.9075254332177,518.330125172021,0.0022688210351249163,-0.0001440673964907554,0.0009850189729909422,4.576508611978532e-08,9.897224210791348e-06,0.0011389835936924887,2.5107148073254495e-08,2.2877752197119292e-08,0.002136253694741754,0.0032653400657194046,27.771200280944036,27.64982569066117,0.8017105184694131,0.0036724851315806588,0.015020905312983746,1.0,8.78664560660542e-07,4.217229068454019e-05,99.0,2.0,3.945782105795594e-10,3.0638959339935906e-10,4.1293626123879644e-05,30,30,NanoSR (NTIRE 2025) + TwinAudit gaze (ours),NATURAL VIDEO WITH SIMULATED SENSING
REDS,clean,256,448,4,64,bicubic,neural_native,NanoSR2025_patch,0.09821428571428571,0.0009888213638709641,-9.080672557087099e-06,0.000979740691313877,0.0,2.5503804236763317e-09,1.6848012401472257e-09,,2.5,0.05912012660590755,122.78410446670993,0.0,1.0,0.022111542637525645,1.0,1.0,,27.999999999999996,1.1026049825970555e-09,100.0,9.783514210839598e-10,0.824033269083938,0.1023650122925142,0.07360171862354775,-6.762996789784742e-06,0.0009820583670811795,6.782967576583169e-09,6.342161834779951e-09,2.0,2.5503804236763317e-09,1.0,0.0,0.03571428571428571,0.0021948536716517994,-6.762996789784742e-06,0.0009820583670811795,-4.479561975985942e-20,6.342161834779951e-09,1.572029002592372e-09,350.97139146657236,408.3552048403847,0.002158260836524878,-6.908436414408327e-05,0.0009197369997268808,3.4837451725503966e-08,-9.080672557087099e-06,0.000979740691313877,1.6848012401472257e-09,2.550380423676332e-09,0.0022765187052573308,0.0032653400657194046,27.42883529562416,27.31202751677944,0.7919807866811753,0.003957435969394233,0.0,1.0,0.0,0.0,0.0,2.0,0.0,0.0,0.0,30,30,NanoSR (NTIRE 2025) + patch,NATURAL VIDEO WITH SIMULATED SENSING
REDS,clean,256,448,4,64,bicubic,neural_native,PEM_R6_fixed,0.09821428571428571,0.00038050376202381034,-9.71491614581599e-06,0.00037078884587799437,0.0,3.462238140243917e-09,2.8929291049906064e-09,,2.5,0.11681334337819475,133.90669806700316,0.0,1.0,0.03508992090845675,1.0,1.0,,1.5479032983158552,3.2975787389074295e-09,100.0,2.941473767957014e-09,0.35034322246886995,0.64965677753113,6.16790569236198e-18,-7.087204252645879e-07,0.0003797950415985457,1.4829313354092314e-08,1.223858518246276e-08,2.0,3.462238140243917e-09,1.9999999999999063,0.0,0.0017857142857142852,0.002712399070029946,0.00014453299801119344,0.0005250367600350038,0.00014368590889177795,5.1294465320883756e-08,5.207643722869034e-10,216.52556893353662,255.6558261642446,0.003154958035998951,-9.143500890839225e-05,0.0002890687531154181,2.5691540735588665e-08,1.137842264539015e-05,0.0003918821846692005,2.3416665968384336e-08,1.7824319076175255e-08,0.0028848363028245397,0.0032653400657194046,26.318625592911598,26.209022739017602,0.7484017264314102,0.004940213364532423,0.0,1.0,0.0,0.0,0.0,2.0,0.0,0.0,0.0,30,30,"Joint gaze, fixed proxy (prior version)",NATURAL VIDEO WITH SIMULATED SENSING
REDS,clean,256,448,4,64,bicubic,neural_native,PEM_R9_TwinAudit,0.09821428571428571,0.00034721734818713747,1.74053177945931e-08,0.00034723475350493204,0.0,1.0189389969284731e-09,2.3974491088788176e-10,0.01953935835992824,2.5,0.01907965259497141,238.58886256691767,0.0,1.0,0.008163457456902237,1.0,1.0,0.16810887894863963,3.608722920966424,1.0056712827246957e-09,100.0,9.114645144490815e-10,0.3181401840481665,0.6818598159518335,9.251858538542971e-19,-8.828574875876128e-06,0.00033838877331126134,3.494296434261244e-09,1.354593733518273e-09,2.0,1.0264438387339936e-09,2.00000000002,1.874034916048574,0.0018793393104288782,0.0027613319156468657,0.0003581781350887614,0.0007053954832758989,0.0003723223926497939,1.515895327368777e-07,1.0747448247939148e-10,321.2077334334511,373.50058482872555,0.0030707803645350627,-9.030709007558545e-05,0.000256910258111552,2.4125504333493254e-08,3.5781205246578744e-06,0.00035079546871179533,3.3900910197459354e-09,4.976160436354144e-09,0.0029181227166612126,0.0032653400657194046,26.231410256069353,26.120684712631498,0.7460969915339609,0.005029639663010387,0.007524238503310874,1.0,-2.950714280313649e-06,6.510342435978347e-05,99.0,2.0,8.25664736203137e-11,1.5177529285514698e-10,6.805413864009712e-05,30,30,TwinAudit (ours),NATURAL VIDEO WITH SIMULATED SENSING
REDS,clean,256,448,4,64,bicubic,neural_native,PEM_uniform,0.09821428571428571,0.00025314971387003946,1.6167969101122098e-06,0.00025476651078015165,0.0,9.432457758957275e-10,4.907527145113262e-10,,2.5,0.05036229869962632,139.29330849967664,0.0,1.0,0.013759347456754601,1.0,1.0,,27.999999999999996,7.649022443185115e-10,100.0,7.021789469924155e-10,0.2973659673963313,0.7026340326036687,7.738794173385423e-18,5.526874010566736e-06,0.0002586765878806062,3.965892710285699e-09,2.223422862631556e-09,2.0,9.432457758957275e-10,1.0,0.0,0.03571428571428571,0.0029046902568098817,5.526874010566736e-06,0.0002586765878806062,-1.3220000553709996e-20,2.223422862631556e-09,2.410668289033122e-10,221.9121793662101,260.26822066754295,0.002599104974978129,-6.105789977696678e-05,0.00019209181409307266,1.2343054569075118e-08,1.6167969101122185e-06,0.00025476651078015165,4.90752714511326e-10,9.432457758957277e-10,0.0030121903509783107,0.0032653400657194046,25.986782674254965,25.884977583167867,0.7424922183789708,0.005284121438620332,0.0,1.0,0.0,0.0,0.0,2.0,0.0,0.0,0.0,30,30,Uniform gaze,NATURAL VIDEO WITH SIMULATED SENSING
REDS,clean,256,448,4,64,bicubic,neural_native,SCMSR2025_memory,0.09821428571428571,0.0010755936254180103,-8.382591513833376e-06,0.001067211033904177,0.0,3.4393313435111407e-09,3.0180181605848224e-09,,2.5,0.07010614326409946,225.96763529983582,0.0,1.0,0.024537752070314608,1.0,1.0,,27.999999999999996,1.7918394276578878e-09,100.0,1.5660872836948996e-09,0.7730616691239793,0.15575252354237254,0.07118580733364825,-5.649125527145938e-06,0.0010699444998908644,8.862970457823513e-09,8.430554642922688e-09,2.0,3.4393313435111407e-09,1.0,1.0,0.03571428571428571,0.002111220197354366,-5.649125527145938e-06,0.0010699444998908644,-5.030698080332741e-20,8.430554642922688e-09,1.8732440598162413e-09,782.1091780662246,871.9648788286335,0.0019515851607261247,-0.0001032193191191781,0.0009723743062988322,4.886771052201195e-08,-8.382591513833376e-06,0.001067211033904177,3.0180181605848224e-09,3.4393313435111415e-09,0.0021897464390252326,0.0032653400657194046,27.565288280128318,27.448095596610827,0.7993211220006148,0.0038293775700692007,0.011987172748235676,1.0,9.957828196791882e-07,3.138572880653793e-05,99.0,2.0,2.545096783157314e-10,1.7678016884355362e-10,3.0389945986858746e-05,30,30,SCMSR (NTIRE 2025) + patch + memory,NATURAL VIDEO WITH SIMULATED SENSING
REDS,clean,256,448,4,64,bicubic,neural_native,SCMSR2025_memory_R9,0.09821428571428571,0.0011141718336296898,1.8545808347005468e-05,0.0011327176419766952,0.0,4.148742871818864e-09,3.846264613240288e-09,0.06794040729958041,2.5,0.06264656790382421,226.00212043337524,0.0,1.0,0.02793211769065027,1.0,1.0,0.10660248172309594,3.0832047224747554,2.9087501445310304e-09,100.0,2.4939647513208546e-09,0.6889078893552786,0.24584976897951083,0.06524234166521058,2.756000125426776e-05,0.0011417318348839575,2.0480266353163377e-08,1.125994383717938e-08,2.0,4.86375475600575e-09,2.00000000002,2.00000000002,0.0032627171640821425,0.002038638483310933,0.0009311534069616822,0.002045325240591372,0.0009108128983539146,9.769064045871635e-07,1.6547781204980097e-09,782.143663199764,872.2022571697986,0.0022717181153829456,-0.00012322732018857106,0.0009909445134411187,3.9443274045728595e-08,3.068306091057272e-05,0.0011448548945402624,2.053375557790443e-08,2.2497641257880675e-08,0.0021511682301352266,0.0032653400657194046,27.738690022321485,27.61606172436634,0.8006698555847009,0.003699238883966019,0.015014037482509264,1.0,3.6098008041815917e-06,4.631219301777306e-05,99.0,2.0,4.008691450590429e-10,4.2426431903104296e-10,4.270239221359148e-05,30,30,SCMSR (NTIRE 2025) + TwinAudit gaze (ours),NATURAL VIDEO WITH SIMULATED SENSING
REDS,clean,256,448,4,64,bicubic,neural_native,SCMSR2025_patch,0.09821428571428571,0.0009697505253958299,-1.1391188774701063e-05,0.0009583593366211289,0.0,2.5143677370865646e-09,1.7907079147360546e-09,,2.5,0.05842779490581511,123.48701626695886,0.0,1.0,0.021943028997523317,1.0,1.0,,27.999999999999996,1.1639719430277735e-09,100.0,1.0284117994372692e-09,0.8571406356790335,0.0819850922518389,0.060874272069127586,-8.502915070215676e-06,0.0009612476103256143,6.580128346956011e-09,6.101903243104242e-09,2.0,2.5143677370865646e-09,1.0,0.0,0.03571428571428571,0.0022131812668473383,-8.502915070215676e-06,0.0009612476103256143,-4.583012933277268e-20,6.101903243104242e-09,1.4859559376492958e-09,679.6285590333476,761.2372349940415,0.0021748086355269105,-4.751338558123394e-05,0.000922237139814596,2.949255301416241e-08,-1.1391188774701063e-05,0.0009583593366211289,1.7907079147360546e-09,2.514367737086566e-09,0.0022955895413469987,0.0032653400657194046,27.392055931569086,27.272532293248947,0.7907740636467934,0.003994869760397166,0.0,1.0,0.0,0.0,0.0,2.0,0.0,0.0,0.0,30,30,SCMSR (NTIRE 2025) + patch,NATURAL VIDEO WITH SIMULATED SENSING
REDS,clean,256,448,4,64,bicubic,neural_native,SPANF2025_memory,0.09821428571428571,0.0010114560548911008,-7.023845596336986e-06,0.0010044322092947638,0.0,3.0792409216215695e-09,2.429275015239047e-09,,2.5,0.06951006175442459,224.47537886634623,0.0,1.0,0.023983878017684805,1.0,1.0,,27.999999999999996,2.18389918520985e-09,100.0,1.7291939108903484e-09,0.6959294084802109,0.22396729661758644,0.08010329490220273,-4.195756984092246e-06,0.0010072602979070086,8.128854477164028e-09,6.869880249305131e-09,2.0,3.0792409216215695e-09,1.0,1.0,0.03571428571428571,0.0021731190462742234,-4.195756984092246e-06,0.0010072602979070086,-4.4081853329639803e-20,6.869880249305131e-09,1.3500470107312209e-09,346.721278166088,398.4540889999092,0.0020034549173556806,-8.226581599512111e-05,0.0009291902388959797,3.4075329658778665e-08,-7.023845596336986e-06,0.0010044322092947638,2.429275015239047e-09,3.07924092162157e-09,0.0022538840089740306,0.0032653400657194046,27.425609979684104,27.309866553394976,0.7952920098900795,0.0039350818664694726,0.012159984217458964,1.0,9.5626662499584e-07,3.242563397183578e-05,99.0,2.0,2.671611979627839e-10,1.6675604754793548e-10,3.146936734683994e-05,30,30,SPAN-F (NTIRE 2025) + patch + memory,NATURAL VIDEO WITH SIMULATED SENSING
REDS,clean,256,448,4,64,bicubic,neural_native,SPANF2025_memory_R9,0.09821428571428571,0.0010504370180342219,7.943309730748488e-06,0.0010583803277649704,0.0,3.82203476861522e-09,5.518252757050576e-09,0.06436560594184185,2.5,0.060006308359327125,224.34352249996542,0.0,1.0,0.026946669713767985,1.0,1.0,0.10258475689293932,3.0594353758612574,3.1578657645540335e-09,100.0,2.617510304541714e-09,0.5900207962996242,0.35539212509336127,0.05458707860701458,5.1362731756437e-06,0.0010555732912098657,1.8631582535762355e-08,1.9876909806220244e-08,2.0,4.346715716954854e-09,2.00000000002,2.00000000002,0.0032491842081116785,0.0020986278687632875,0.0008741608383281461,0.0019245978563623679,0.0008520418074349141,8.75089381567995e-07,1.2045244640735056e-09,346.58942179970717,399.97888216292876,0.0023234867881328928,-0.00010542924639934529,0.0009450077716348766,3.052459027870282e-08,9.141286030064098e-06,0.001059578304064286,2.459154956596906e-08,2.1210740323381946e-08,0.0022149030463673018,0.0032653400657194046,27.602665721336827,27.48053069086873,0.796687827249368,0.003802127070673616,0.014970747830052178,1.0,-1.0872011163468303e-06,4.2465563262418004e-05,99.0,2.0,4.2833011071761447e-10,8.365375179907049e-10,4.355276437876483e-05,30,30,SPAN-F (NTIRE 2025) + TwinAudit gaze (ours),NATURAL VIDEO WITH SIMULATED SENSING
REDS,clean,256,448,4,64,bicubic,neural_native,SPANF2025_patch,0.09821428571428571,0.0009005793436461861,-8.620453979163363e-06,0.0008919588896670228,0.0,2.187306437207662e-09,8.971925818870674e-10,,2.5,0.05771026881772303,122.3413773671394,0.0,1.0,0.02119676098529139,1.0,1.0,,27.999999999999996,1.528678528663481e-09,100.0,1.1568926867621036e-09,0.7546627762248354,0.16381017207774817,0.08152705169741656,-6.558138843247894e-06,0.0008940212048029383,5.774738696477357e-09,4.326958184709555e-09,2.0,2.187306437207662e-09,1.0,0.0,0.03571428571428571,0.00227995150925805,-6.558138843247894e-06,0.0008940212048029383,-4.4063783293431713e-20,4.326958184709555e-09,1.0304137504455585e-09,244.58727666688114,284.473239829822,0.0022374796401091962,-3.078559696778861e-05,0.0008697937466783975,2.138716740788814e-08,-8.620453979163353e-06,0.0008919588896670228,8.971925818870668e-10,2.1873064372076622e-09,0.0023647607222810623,0.0032653400657194046,27.248315953268445,27.130292093809405,0.7863614591459434,0.004107985410859701,0.0,1.0,0.0,0.0,0.0,2.0,0.0,0.0,0.0,30,30,SPAN-F (NTIRE 2025) + patch,NATURAL VIDEO WITH SIMULATED SENSING
REDS,drift,256,448,4,64,area,main,PEM_R6_fixed,0.09821428571428571,0.00029369702989202044,-2.115007120865593e-05,0.00027254695868336455,0.0,3.814110095846618e-09,5.4373194239617285e-09,,2.5,0.10525931334645135,160.64051293309117,0.0,1.0,0.034242878329144966,1.0,1.0,,1.561425283488331,3.018561593960717e-09,100.0,2.9322363072541976e-09,0.7158916913727075,0.24175473821259647,0.042353570414696104,-3.0682633338804316e-05,0.00026301439655321615,1.1085249574327857e-08,1.1032668035825437e-08,2.0,3.814110095846618e-09,1.999999999999901,0.0,0.0017857142857142852,0.0032531579601745254,6.206501883436389e-05,0.00035576204872638434,7.669921272861724e-05,2.984502976036712e-08,8.81873788592421e-10,246.50915578305526,290.41756773910794,0.0038289780745664015,-1.489480292506176e-05,0.0002788022269669587,5.449354356143363e-09,-3.0378829755918112e-05,0.00026331820013610237,1.85514977580698e-08,1.5839594371899035e-08,0.003393111864453408,0.0036868088962316204,25.448693657774932,25.27134161734262,0.6908307857217839,0.00599185049544304,0.0,1.0,0.0,0.0,0.0,2.0,0.0,0.0,0.0,30,30,"Joint gaze, fixed proxy (prior version)",NATURAL VIDEO WITH SIMULATED SENSING
REDS,drift,256,448,4,64,area,main,PEM_R8_certified,0.09821428571428571,0.00026192310963139116,-2.3479048553223913e-06,0.0002595752047760688,0.0,1.1922410787889826e-09,1.6305186077986837e-09,0.01979996357141295,2.5,0.019799963571412952,290.4945180167172,0.0,1.0,0.008804636630913788,1.0,1.0,,3.6868631892511328,1.0435990210642228e-09,100.0,1.025366609227709e-09,0.7485113485519658,0.21847956480616182,0.03300908664187241,-4.900773677117093e-06,0.0002570223359542741,2.8409613726564473e-09,3.491860266012089e-09,2.0,1.2371085168893752e-09,1.999999999999986,2.6964804799534554,0.0018035274025012121,0.0032981635354237845,0.00027721878683645464,0.0005391418964678458,0.0002724117634055418,1.1112552057536429e-07,1.6687446956127356e-10,376.3631608666813,437.82032192039577,0.0037706974914751158,-2.3796041120052452e-05,0.00023812706851133872,3.8824500083312175e-09,-5.613787939184453e-06,0.0002563093216922067,3.211992580832437e-09,4.2710150700564734e-09,0.0034248857847140376,0.0036868088962316204,25.38873730966708,25.213708247228762,0.688453597294932,0.006064445026273942,0.008048412460227587,1.0,-1.1618264117802304e-06,5.3418843771073806e-05,99.0,2.0,1.5335399464018988e-10,1.198652622209315e-10,5.458067018285403e-05,30,30,Ours w/o write-audit constraint,NATURAL VIDEO WITH SIMULATED SENSING
REDS,drift,256,448,4,64,area,main,PEM_R9_TwinAudit,0.09821428571428571,0.000258793471543612,-1.0867168072303093e-06,0.0002577067547363817,0.0,1.047352633019601e-09,6.77745988080775e-10,0.019619917766343028,2.5,0.01901188291091388,283.4717915333943,0.0,1.0,0.008170089780444022,1.0,1.0,0.18257140009407813,3.7321937078293828,8.904442006538918e-10,100.0,8.713236521759633e-10,0.744664436997949,0.21572654275194691,0.03960902025010405,-6.423242710424567e-06,0.00025237022883318745,2.480650193944088e-09,1.7278461799384376e-09,2.0,1.0914559158731536e-09,2.00000000002,1.8231029641253709,0.0019104309517197536,0.0033025827111455757,0.0002837479175517845,0.0005425413890953965,0.00028671262978743016,1.0564443373796294e-07,1.760289808436376e-10,369.3404343833584,431.03353216404986,0.0037412744560131445,-2.3404604801872505e-05,0.0002353888667417395,4.243692986272346e-09,8.71513515630362e-06,0.00026750860669991564,3.918425553770724e-09,4.1870900860073916e-09,0.0034280154228018165,0.0036868088962316204,25.381670666450823,25.207641019225097,0.6882075310609844,0.006071423983289858,0.007705420587109436,1.0,-1.8759815546140548e-06,5.257729934446637e-05,99.0,2.0,1.3362087553964593e-10,1.7708994575832175e-10,5.4453280899080426e-05,30,30,TwinAudit (ours),NATURAL VIDEO WITH SIMULATED SENSING
REDS,drift,256,448,4,64,area,main,PEM_R9_TwinAudit_strict,0.09821428571428571,0.0001758228555445458,2.3759339048562564e-06,0.00017819878944940208,0.0,4.314217594797732e-10,6.122392616092708e-10,0.016228280167156394,2.5,0.013308238882509179,292.013376850693,0.0,1.0,0.006406896107424698,1.0,1.0,0.9803938345061134,18.560440681054164,3.591434590238127e-10,100.0,3.524708620392541e-10,0.8346137849886299,0.11293766005715547,0.05244855495421452,3.360018567468855e-06,0.00017918287411201466,8.775422208984282e-10,7.682610704398176e-10,2.0,4.5700793988890823e-10,2.00000000002,1.00000000001,0.006559803734105011,0.003428159611711745,0.00025636279487326047,0.0004321856504178063,0.00024571056296671584,1.1394263642608954e-07,7.895089744051919e-11,379.60912101738114,441.19508883421076,0.0032468522823821634,-6.2991968392888135e-06,0.000169523658705257,1.4949341478472077e-09,5.481232223256615e-07,0.00017637097876687145,7.588393896884541e-10,5.707715565596856e-10,0.0035109860388008824,0.0036868088962316204,25.20043971217142,25.041369226185452,0.6835523160683709,0.006293009562256819,0.006194373611710549,1.0,1.0136341453630508e-07,3.6447763294923854e-05,99.0,1.0,1.0096553648756774e-10,1.0298829746886774e-10,3.634639988038754e-05,30,30,TwinAudit-strict (κw = 1),NATURAL VIDEO WITH SIMULATED SENSING
REDS,drift,256,448,4,64,area,main,PEM_R9_dual_fixed,0.09821428571428571,0.00027133923035870943,-4.9007158445290956e-06,0.0002664385145141803,0.0,1.4436168846880093e-09,2.0185420027648683e-09,0.020201365347629435,2.5,0.02020123498045947,285.2465333493019,0.0,1.0,0.009105776174213329,1.0,1.0,0.024197920101803452,2.734327899700275,1.2370288637831642e-09,100.0,1.208421438537256e-09,0.7216418427525341,0.23626408813067548,0.042094069116790464,-9.034603604663182e-06,0.0002623046267540462,3.22833405701964e-09,2.7646248482856734e-09,2.0,1.4436168846880093e-09,2.00000000002,1.880098725775798,0.0017857142857142859,0.003283737699965054,0.00026500069723371585,0.0005363399275924252,0.00028360783070660394,9.325981938648633e-08,2.3519544615075325e-10,371.115176199266,432.9721464110965,0.0038199834970284677,-1.3049047388222915e-05,0.0002582901829704865,4.251391314702272e-09,4.866160824928864e-06,0.0002762053911836383,1.3499183393449578e-08,1.0545395406193268e-08,0.0034154696639867193,0.0036868088962316204,25.407127924176145,25.23254015726543,0.6890479246633547,0.006041747702831164,0.00820203834915813,1.0,-9.71610639970143e-07,5.5543616358713376e-05,99.0,2.0,1.6553675597522175e-10,1.684618114266335e-10,5.6515226998683526e-05,30,30,Ours w/o online proxy mixture,NATURAL VIDEO WITH SIMULATED SENSING
REDS,drift,256,448,4,64,area,main,PEM_audit_only,0.09821428571428571,0.00017350852659233623,-4.3418968163533957e-07,0.0001730743369107009,0.0,2.368691339425547e-10,1.4843255381790364e-10,,2.5,0.012173261144150412,157.02070891683493,0.0,1.0,0.006113913498523434,1.0,1.0,,8.34521521056683,1.6988223828736784e-10,100.0,1.6821029870397303e-10,0.8911579159760091,0.0755087506906575,0.03333333333333333,-2.290888782029362e-06,0.00017121763781030686,3.201609708075797e-10,2.118279616778835e-10,2.0,2.368691339425547e-10,0.9006098248835047,0.0,0.005794700005337842,0.003422042935530455,0.0006952301168040712,0.0008687386433964074,0.0007073631069537384,7.805228144095068e-07,6.865883523858169e-11,242.88935176679902,286.64606591531384,0.0032805248980828506,-6.8693692666622e-06,0.00016663915732567403,2.198355952512865e-09,2.7695809629845906e-06,0.00017627810755532083,1.034929146743085e-09,1.5444812875937527e-09,0.0035133003677530928,0.0036868088962316204,25.206956246320534,25.046905304218054,0.6824209864312217,0.00627078532750613,0.0,1.0,0.0,0.0,0.0,2.0,0.0,0.0,0.0,30,30,Audit-only gaze,NATURAL VIDEO WITH SIMULATED SENSING
REDS,drift,256,448,4,64,area,main,PEM_greedy,0.09821428571428571,0.0002980107394531043,-1.2720147220453624e-05,0.00028529059223265067,0.0,4.135232864453749e-08,7.087765608860087e-08,,2.5,1.1763460333693687,156.20645314991512,0.0,1.0,0.4344209066145951,1.0,1.0,,1.1037745146348674,3.111444723082238e-08,100.0,3.0121973458239846e-08,0.7650495009340125,0.17840081060560264,0.056549688460384814,2.1579670997813286e-05,0.00031959041045091763,1.3410140078950476e-07,1.9505419140737877e-07,2.0,4.135232864453749e-08,19.99573654739099,0.0,0.0017857142857142859,0.0032481641276047766,-1.4529856431907144e-05,0.0002834808830211972,-1.3466637712686299e-05,4.063969502900818e-08,1.1230355186297652e-08,242.0750959998792,285.75583066718536,0.0038383155417022535,-1.2077080052944918e-05,0.00028593365940015935,5.5314715389022874e-09,-1.868071186982664e-06,0.00029614266826612164,1.1566947694817445e-07,6.752021194726525e-08,0.0033887981548923244,0.0036868088962316204,25.458006957359512,25.278700401609225,0.6912815501270211,0.005981834210792203,0.0,1.0,0.0,0.0,0.0,2.0,0.0,0.0,0.0,30,30,Greedy gaze,NATURAL VIDEO WITH SIMULATED SENSING
REDS,drift,256,448,4,64,area,main,PEM_risk_only,0.09821428571428571,0.00020210289804769216,4.562346729728279e-06,0.00020666524477742045,0.0,1.1634281024300062e-09,9.78472802136543e-10,,2.5,0.047080731623051646,157.3058847495025,0.0,1.0,0.013641327199952655,1.0,1.0,,26.735271239112663,8.127319817002864e-10,100.0,8.023635513587901e-10,0.8794920970980663,0.07678908514275996,0.0437188177591737,1.0539083325177453e-05,0.00021264198137286962,3.0604773449986635e-09,2.0205373661938556e-09,2.0,1.1634281024300062e-09,1.2358402137412996,0.0,0.014855645806779803,0.003396866328599081,2.8996403061663118e-05,0.00023109930110935527,1.8432280767169048e-05,3.612437022387431e-09,3.6106455107121626e-10,243.1745275994666,286.2808124963097,0.003344453650306918,-3.721775555847853e-06,0.0001983811224918443,2.5018408261823132e-09,5.985118289767788e-06,0.00020808801633745994,1.0710484865664916e-09,1.175771210471146e-09,0.0034847059962977364,0.0036868088962316204,25.235518357722373,25.075717203126473,0.6853330246326791,0.0062453534565810095,0.0,1.0,0.0,0.0,0.0,2.0,0.0,0.0,0.0,30,30,Risk-only gaze,NATURAL VIDEO WITH SIMULATED SENSING
REDS,drift,256,448,4,64,area,main,PEM_softmax,0.09821428571428571,0.00026003602829687206,-1.826363604383619e-05,0.00024177239225303587,0.0,6.795710452075462e-09,8.459093060072844e-09,,2.5,0.4100374795255197,157.2048486835556,0.0,1.0,0.10458257930885523,1.0,1.0,,11.970830198600169,4.058748038370407e-09,100.0,3.940303907678111e-09,0.8000473323330636,0.08843045769669787,0.11152220997023855,-3.429565575926187e-05,0.00022574037253761015,2.1982200494371268e-08,1.6071742832746744e-08,2.0,6.795710452075462e-09,7.076737916187243,0.0,0.0036708166988785205,0.0033109791022401308,-4.544087163599295e-05,0.0002145951566608791,-3.269394669311087e-05,2.3507630835033494e-08,2.8554065443973513e-09,243.0734915335197,286.76828999984235,0.003578278958527902,-9.771803275137108e-06,0.00025026422502173496,4.538692591921935e-09,-1.7643895369980456e-05,0.00024239213292689157,9.13017058724264e-09,8.39835248203585e-09,0.0034267728660485565,0.0036868088962316204,25.36247692677107,25.190142521506566,0.6889489206359182,0.006097284430484632,0.0,1.0,0.0,0.0,0.0,2.0,0.0,0.0,0.0,30,30,Benefit-softmax gaze,NATURAL VIDEO WITH SIMULATED SENSING
REDS,drift,256,448,4,64,area,main,PEM_uniform,0.09821428571428571,0.00018330034253321434,2.5157516804810298e-06,0.00018581609421369536,0.0,1.1345143335448671e-09,1.4389207941396682e-09,,2.5,0.05275803592027516,154.75665550023163,0.0,1.0,0.014259331671291335,1.0,1.0,,27.999999999999996,8.128662958350855e-10,100.0,7.989617194001814e-10,0.8346257376879317,0.10254536886346809,0.06282889344860024,8.586250253334921e-06,0.00019188659278654923,2.8955997481650567e-09,2.5285930141729945e-09,2.0,1.1345143335448671e-09,1.0,0.0,0.03571428571428571,0.003425384394031311,8.586250253334921e-06,0.00019188659278654923,-1.005603637183799e-20,2.5285930141729945e-09,3.3555261414468595e-10,240.62529835019572,283.779218421793,0.0031909292175041396,1.7435336717762742e-07,0.00018347469590039196,2.151057288274809e-09,2.5157516804810285e-06,0.00018581609421369536,1.4389207941396684e-09,1.1345143335448671e-09,0.003503508551812214,0.0036868088962316204,25.193420971193543,25.03846686608374,0.6840192871237085,0.00629471963592635,0.0,1.0,0.0,0.0,0.0,2.0,0.0,0.0,0.0,30,30,Uniform gaze,NATURAL VIDEO WITH SIMULATED SENSING
REDS,drift,256,448,4,64,area,main,PPAT2026_M1,0.09821428571428571,0.00017834652088748063,-1.7600886531220718e-06,0.00017658643223435853,0.0,5.907130318482068e-10,6.307703953520295e-10,,2.5,0.015030720958267688,157.21765883394983,0.0,1.0,0.006706176116762699,1.0,1.0,,17.66912407750023,3.7879210415462494e-10,100.0,3.7421410198166786e-10,0.8378455177408534,0.13285609913143223,0.029298383127714347,-3.503104169955323e-06,0.00017484341671752528,1.0411907943063622e-09,9.035037201151217e-10,2.0,5.077387565232467e-10,0.9268835235641373,0.0,0.019218494963261234,0.0034267577233158034,0.000234042296466827,0.00041238881735430763,0.00024052816223412143,7.930850182330806e-08,2.1649892986653895e-10,243.08630168391392,285.1951660888638,0.0032520204389755863,-0.00017834652088748063,7.307827989628437e-22,5.2864745310980376e-08,-1.760088653122072e-06,0.00017658643223435853,6.307703953520294e-10,5.907130318482068e-10,0.003508462373457948,0.0036868088962316204,25.196315887858283,25.037490143295834,0.68317519155978,0.006291841242675109,0.0,1.0,0.0,0.0,0.0,2.0,0.0,0.0,0.0,30,30,"PPAT (2026), M=1",NATURAL VIDEO WITH SIMULATED SENSING
REDS,nominal,256,448,4,64,area,certificate,PEM_R9_cert1.05,0.09821428571428571,0.00021692145054910165,-7.131095479703739e-07,0.00021620834100113126,0.0,3.2495197704264633e-10,3.5870919904323286e-10,0.006632126014665333,1.05,0.006632126014665334,393.6914210665661,0.0,1.0,0.00544650143071099,1.0,1.0,0.0,5.610827193592182,2.431534594433643e-10,100.0,2.4313407273018783e-10,0.9555555555555556,0.02222222222222222,0.02222222222222222,-1.2861953121078275e-06,0.00021563525523699383,4.0377937887213676e-10,3.870831521790071e-10,2.0,3.5683986279678247e-10,1.8309477413343798,1.1232083374138477,0.0017857142857142859,0.0032073932662732728,0.0011226974497178725,0.0013396189002669741,0.0011465505770174506,1.8680112897366317e-06,8.18179043124585e-11,512.4558702670425,599.6297176659573,0.0033204650000842537,-2.992440211046705e-05,0.00018699704843863459,2.935841378618572e-09,3.696293669588313e-05,0.0002538843872449848,9.326097698879182e-09,5.622342857032883e-09,0.0033446007836808777,0.003561522229691036,25.690750096906466,25.595811356669948,0.7301713381899895,0.005402853365494761,0.005282289888841679,1.0,1.4029120498333812e-06,5.256436731476199e-05,99.0,2.0,4.9237186224965765e-11,8.299561861537131e-11,5.116145526492861e-05,15,15,"Ours, certificate kappa=1.05",NATURAL VIDEO WITH SIMULATED SENSING
REDS,nominal,256,448,4,64,area,certificate,PEM_R9_cert1.25,0.09821428571428571,0.000249840470961906,4.798407606317857e-06,0.0002546388785682239,0.0,5.438032858642295e-10,3.626451259027215e-10,0.0087037976279486,1.25,0.00866191130785397,396.68852926689823,0.0,1.0,0.005812781332093865,1.0,1.0,0.1817077845034029,6.988287255028982,4.001369616955182e-10,100.0,3.9737726565893564e-10,0.851286976195153,0.11705541528409184,0.031657608520755096,7.858406942644709e-06,0.00025769887790455076,8.730928207600559e-10,8.421619648198794e-10,2.0,6.130506536141295e-10,2.00000000002,1.3350706377824602,0.0018713193223013089,0.0031623996431053764,0.0008624881596225176,0.0011123286305844235,0.0008492764895089741,1.1034794705584503e-06,1.4642602020529383e-10,514.2619913343806,607.7846896733778,0.0034359040512703157,-3.344262258677723e-05,0.0002163978483751288,5.196710354605814e-09,2.6971809572588732e-05,0.00027681228053449476,4.123259166569374e-09,4.707478687717619e-09,0.0033116817632680732,0.003561522229691036,25.748329070399752,25.655284982762282,0.7319738227756358,0.0053406603646406455,0.005562959914298791,1.0,5.014618056295365e-06,6.367385554020931e-05,99.0,2.0,5.420064645743106e-11,2.041396305190476e-10,5.865923748391394e-05,15,15,"Ours, certificate kappa=1.25",NATURAL VIDEO WITH SIMULATED SENSING
REDS,nominal,256,448,4,64,area,certificate,PEM_R9_cert1.5,0.09821428571428571,0.0002820129661552469,-3.2074790164774406e-06,0.0002788054871387695,0.0,7.42800471552007e-10,6.371813191077774e-10,0.011274811289472893,1.5,0.011184059967806064,393.01645106713596,0.0,1.0,0.00634317761879143,1.0,1.0,0.1901583292001453,6.450377149416702,5.854503936691364e-10,100.0,5.792237914299097e-10,0.7481624447303458,0.2272897392807762,0.024547815988877973,-3.663756162424553e-06,0.0002783492099928224,1.425204378894796e-09,5.475016563410886e-10,2.0,8.071627014301089e-10,2.00000000002,1.533075089180308,0.0019331910487717908,0.003123919314627149,0.0006285488126843889,0.0009105617788396358,0.0006686186115057226,5.648232262346315e-07,1.635766801220972e-10,512.2441732007622,598.0382953287335,0.0035355736587667622,-4.208035874497885e-05,0.00023993260741026807,7.139820701146935e-09,1.0100045343051962e-05,0.0002921130114982989,5.946827391317902e-09,4.581816783827224e-09,0.003279509268074732,0.003561522229691036,25.81128251162703,25.713627247473013,0.7341371154822854,0.005284257726598517,0.006005554389318254,1.0,1.0401191457753203e-06,6.464165273632771e-05,99.0,2.0,6.528591696260907e-11,4.394326839303243e-11,6.360153359055239e-05,15,15,"Ours, certificate kappa=1.5",NATURAL VIDEO WITH SIMULATED SENSING
REDS,nominal,256,448,4,64,area,certificate,PEM_R9_cert2,0.09821428571428571,0.0003065277667761115,1.0958124248584707e-05,0.0003174858910246962,0.0,1.1704853126891073e-09,1.6718134188445747e-09,0.01621712829871981,2.0,0.015918489262336737,391.9949255329557,0.0,1.0,0.007497590367094851,1.0,1.0,0.18183410282826562,4.674306482327278,9.158380656024634e-10,100.0,8.956623248126785e-10,0.4487804869149061,0.5260376786704064,0.02518183441468749,4.490528960637523e-06,0.00031101829573674904,2.5926949745054887e-09,4.130510984975018e-09,2.0,1.2642130607938536e-09,2.00000000002,1.7821968911793695,0.0020232359925939436,0.0030899843206891294,0.0004539568388911692,0.0007604846056672807,0.0004657573961155288,3.050612727539138e-07,2.7482298787642866e-10,510.59097946598195,600.4442903457675,0.0035721242572769167,-4.050878458816005e-05,0.00026601898218795144,6.482470201622717e-09,1.68770815976967e-05,0.00032340484837380817,9.210241629684407e-09,5.115051921311607e-09,0.0032549944674538675,0.003561522229691036,25.866334064435186,25.769683211290005,0.7358283667141482,0.005228514632871691,0.006990957091831792,1.0,4.084970468939855e-06,7.46345320656715e-05,99.0,2.0,8.33405186992776e-11,7.850941130134488e-11,7.054956159673165e-05,15,15,"Ours, certificate kappa=2",NATURAL VIDEO WITH SIMULATED SENSING
REDS,nominal,256,448,4,64,area,certificate,PEM_R9_cert4,0.09821428571428571,0.0003220276716278028,-9.995252869449684e-06,0.0003120324187583531,0.0,2.6088375948135154e-09,1.5770696461234484e-09,0.03442113274906452,4.0,0.03136308804843793,392.10621679923497,0.0,1.0,0.012079892763345054,1.0,1.0,0.20169799075117584,2.7621628285760194,2.061752769951225e-09,100.0,2.0059351172065453e-09,0.5337615596048828,0.43655860735082014,0.029679833044297076,2.0945292988925527e-06,0.00032412220092669535,6.614673326523503e-09,3.4659619222581577e-09,2.0,2.714698962480105e-09,2.00000000002,1.982809783069359,0.0019787455227688977,0.0030682724658021073,0.00015857264631704196,0.00048060031794484474,0.00016751361095118815,5.0608830120959526e-08,6.029024776069698e-10,509.80256906508777,600.0796009978512,0.0035616794877186384,-3.5126472352093e-05,0.0002869011992757098,6.9501434425815295e-09,1.6858318844434345e-05,0.00033888599047223714,7.537442896903854e-09,6.261709916060655e-09,0.0032394945626021765,0.003561522229691036,25.899315658834777,25.80136309089426,0.7375785611263557,0.005199872613863853,0.011179830052844236,1.0,-2.0769938946581275e-06,7.04139246527749e-05,99.0,2.0,1.7869140789304114e-10,7.803515891551874e-11,7.249091854743301e-05,15,15,"Ours, certificate kappa=4",NATURAL VIDEO WITH SIMULATED SENSING
REDS,nominal,256,448,4,64,area,kappa,PEM_R9_k1,0.09821428571428571,0.00022172557948031623,-4.492813479916242e-06,0.0002172327660004,0.0,7.595063042584497e-10,1.5635598372674089e-09,0.017266906747196494,2.5,0.01409675558035111,386.90347413350054,0.0,1.0,0.006743855970658545,1.0,1.0,0.9811974078943312,18.930561661640457,5.49536962594485e-10,100.0,5.466292004821799e-10,0.8281893342718741,0.17080242763094527,0.0010082380971805508,-1.7888123837072902e-05,0.00020383745564324333,1.5557004537078483e-09,3.406359021597098e-09,1.0,7.99804648376518e-10,1.00000000001,1.114987368527799,0.016515166397303847,0.0032180024604713435,0.00025478577673152913,0.0004765113562118454,0.00030320720480295427,1.1268932741539635e-07,2.1287710377626985e-10,508.9005024005116,604.7614456649171,0.003097505513137176,-1.7833158891725173e-05,0.00020389242058859106,3.4286972027478463e-09,2.1700637324186167e-06,0.00022389564321273483,1.2735097994885408e-09,8.501527275964645e-10,0.0033397966547496633,0.003561522229691036,25.658677442746228,25.568382941804234,0.7318386402203964,0.005443446707068476,0.006417255139898346,1.0,4.404085746136791e-07,5.134916311185281e-05,99.0,2.0,6.780335961715715e-11,3.541150714530697e-11,5.0908754537239134e-05,15,15,"Ours, kappa=1",NATURAL VIDEO WITH SIMULATED SENSING
REDS,nominal,256,448,4,64,area,kappa,PEM_R9_k2,0.09821428571428571,0.0003110433941339046,-4.597949250017776e-06,0.0003064454448838868,0.0,1.7267893051840286e-09,1.3548793267541093e-09,0.021241567188906744,2.5,0.02058966314756042,397.1828977321663,0.0,1.0,0.008716303190342993,1.0,1.0,0.17570773690751237,3.6811607136806574,1.3674598212502158e-09,100.0,1.3410138546995577e-09,0.5803217743099826,0.390303060448362,0.029375165241655562,-5.418991873867029e-06,0.00030562440226003756,3.867158580064031e-09,2.5880888316918034e-09,2.0,1.786855195103002e-09,2.00000000002,1.8539327952423936,0.002035530542124883,0.0030804967478700535,0.0003259966374913569,0.0006370400316252615,0.0003394378644620266,1.4237877657524778e-07,3.857754504844711e-10,518.7059173990662,613.315880993808,0.0035468015588230243,-3.7683451507963184e-05,0.0002733599426259414,7.3053481292607466e-09,-9.52503800919268e-06,0.0003015183561247119,5.328384659381118e-09,5.97985237820273e-09,0.003250478840096075,0.003561522229691036,25.877234329655582,25.78122938522728,0.736769108847072,0.00521698088609918,0.00809210696039541,1.0,-2.119989542245188e-06,6.809781315876916e-05,99.0,2.0,1.0588122686003889e-10,3.536863900170215e-11,7.021780270101435e-05,15,15,"Ours, kappa=2",NATURAL VIDEO WITH SIMULATED SENSING
REDS,nominal,256,448,4,64,area,kappa,PEM_R9_k4,0.09821428571428571,0.00033369781046984053,-5.477054600730415e-06,0.0003282207558691101,0.0,2.1491121237009626e-09,7.507885603446078e-10,0.021686416996958554,2.5,0.02166559759196277,391.4477678676679,0.0,1.0,0.009681838037803564,1.0,1.0,0.021987591209476128,2.707314716488084,1.762786992289756e-09,100.0,1.7187810423503266e-09,0.5316525063933566,0.43890719751419915,0.029440296092444213,1.307880874404596e-05,0.0003467766192138865,5.00673367869264e-09,1.9357202467996474e-09,4.0,2.240234300182864e-09,4.00000000004,1.8955412835012253,0.0017857142857142859,0.0030523664908299456,0.00033573270258243097,0.0006694305130522715,0.00033153337491867554,1.6344298039214483e-07,4.3033108135063597e-10,510.16449546732474,599.8749869976504,0.003685142108398265,-4.569436346720059e-05,0.0002880034470026399,8.81602910066051e-09,2.0236006336534532e-05,0.00035393381680637505,3.2225919614687876e-09,1.3221711225273183e-08,0.003227824423760139,0.003561522229691036,25.91438466170701,25.81719390470169,0.7378392096411304,0.005186854081875311,0.008615172239161105,1.0,-1.6779678105053477e-06,7.281000044624588e-05,99.0,2.0,1.2814525253281957e-10,1.3297924604809764e-10,7.448796825675125e-05,15,15,"Ours, kappa=4",NATURAL VIDEO WITH SIMULATED SENSING
REDS,nominal,256,448,4,64,area,kappa,PEM_R9_k8,0.09821428571428571,0.0003334509837054063,6.7897480349184945e-06,0.0003402407317403248,0.0,2.076324047041944e-09,3.2873834584915567e-09,0.021966200067482525,2.5,0.021966200067482525,395.5039692001883,0.0,1.0,0.00983690680148938,1.0,1.0,0.0026745903347410293,2.6151148346998014,1.667612436324722e-09,100.0,1.6162337850766696e-09,0.49968400478784847,0.47139117939375763,0.02892481581839389,1.929889320418837e-05,0.0003527498769095947,5.01298596790574e-09,5.7340529985375105e-09,8.0,2.166597177812733e-09,7.846014674932011,1.9085176376324762,0.0017857142857142859,0.0030535458295659554,0.00032443449461609983,0.0006578854783215061,0.00031929077362678797,1.3959624124601188e-07,4.600902619652747e-10,513.7503600003353,606.8490889837267,0.0036911959179935514,-4.4128269770240145e-05,0.00028932271393516615,8.108908250020016e-09,5.015287885908282e-05,0.0003836038625644891,9.870843391500975e-09,1.4697561949970627e-08,0.0032280712505245728,0.003561522229691036,25.914211917634574,25.818265378996216,0.737775311480659,0.0051892715126773,0.008636455755774732,1.0,4.7540604571725505e-07,7.346732455386273e-05,99.0,2.0,1.4500561378310643e-10,8.835936863967895e-11,7.299191850814547e-05,15,15,"Ours, kappa=8",NATURAL VIDEO WITH SIMULATED SENSING
REDS,nominal,256,448,4,64,area,main,PEM_R6_fixed,0.09821428571428571,0.00030372655579278195,2.2582634433881055e-06,0.00030598481923617,0.0,4.047815618538047e-09,4.965667430191834e-09,,2.5,0.10868249297428398,162.95131726683272,0.0,1.0,0.03437958824489373,1.0,1.0,,1.5685638566086844,3.111808070472731e-09,100.0,2.9879329178760635e-09,0.5371234584371049,0.4390015804852595,0.023874961077635627,3.001001852602691e-06,0.0003067275576453846,1.2083134114418112e-08,2.0641686495782125e-08,2.0,4.047815618538047e-09,1.9999999999999054,0.0,0.0017857142857142852,0.002843476724843647,8.908724495889993e-05,0.0003928138007516818,9.011363425964404e-05,3.589485371641886e-08,1.059882700661984e-09,248.96325833342658,293.2945134133236,0.003442396123416024,-2.2948426656458167e-05,0.00028077812913632373,5.654782605349658e-09,3.148073901198921e-05,0.0003352072948047711,1.7611724132582494e-08,1.629099603615997e-08,0.003019362239323941,0.003323088792899701,26.11106805119396,26.00321118960044,0.7452447127223034,0.005165702616264006,0.0,1.0,0.0,0.0,0.0,2.0,0.0,0.0,0.0,30,30,"Joint gaze, fixed proxy (prior version)",NATURAL VIDEO WITH SIMULATED SENSING
REDS,nominal,256,448,4,64,area,main,PEM_R8_certified,0.09821428571428571,0.00027727076442389385,2.1320416587309253e-06,0.0002794028060826248,0.0,1.300717662859047e-09,1.4064419389585454e-09,0.019872659784999434,2.5,0.019872659784999438,293.0776503002368,0.0,1.0,0.008735009128764933,1.0,1.0,,3.5924021388689793,1.1242350347132239e-09,100.0,1.0940505652933796e-09,0.5300127140597723,0.4529719548336407,0.017015331106586887,4.973951852735438e-07,0.0002777681596091674,3.178188500810103e-09,2.532205941183164e-09,2.0,1.35577539697179e-09,1.9999999999999845,2.7736277679187933,0.001810316873751404,0.002883767334111944,0.0002908418849965442,0.0005681126494204381,0.00029683527764698544,1.2019836728620397e-07,2.0666709756566733e-10,379.0895913668307,441.68848575577914,0.003368403526304124,-3.184362016542493e-05,0.00024542714425846893,4.437576884453889e-09,9.528767661287501e-06,0.0002867995320851814,3.842024123494862e-09,4.627145911223883e-09,0.003045818030692829,0.003323088792899701,26.045474318062993,25.938283306417723,0.7431390566314318,0.005234264544684714,0.007905895895442827,1.0,-1.2630121145272085e-06,6.230843759460283e-05,99.0,2.0,1.1573490933572537e-10,1.3201651861685424e-10,6.357144970913003e-05,30,30,Ours w/o write-audit constraint,NATURAL VIDEO WITH SIMULATED SENSING
REDS,nominal,256,448,4,64,area,main,PEM_R9_TwinAudit,0.09821428571428571,0.00027326046494919996,1.3496143039761806e-08,0.00027327396109223974,0.0,1.1274409703166784e-09,5.501188243499492e-10,0.01956766682060474,2.5,0.01909563259464242,286.37596006632276,0.0,1.0,0.00813593560972853,1.0,1.0,0.16794411108591917,3.6080805670426015,9.582242803236545e-10,100.0,9.357295595518014e-10,0.5762909619425813,0.4098700705044246,0.013838967552994018,-5.224165587057851e-06,0.00026803629936214215,2.7269262021746643e-09,2.409688632469067e-09,2.0,1.1658544755867406e-09,2.00000000002,1.8414665315146033,0.0019522217150199218,0.002889126061518975,0.00029990838639014605,0.0005731688513393459,0.00031679300114164673,1.1936316865498372e-07,1.9171141076487706e-10,372.3879011329166,434.72890967100585,0.0033774632860193304,-3.022581638890157e-05,0.00024303464856029842,4.288211544037553e-09,9.711296740330239e-06,0.0002829717616895302,4.467915164654376e-09,4.594652600601627e-09,0.0030498283301675227,0.003323088792899701,26.03828210135591,25.931760060751344,0.7429257157793321,0.005239832253534472,0.00757693674515141,1.0,2.813444504495466e-07,6.313189519722855e-05,99.0,2.0,9.554902345270849e-11,7.201482767209675e-11,6.2850550746779e-05,30,30,TwinAudit (ours),NATURAL VIDEO WITH SIMULATED SENSING
REDS,nominal,256,448,4,64,area,main,PEM_R9_TwinAudit_strict,0.09821428571428571,0.00019288305322049008,-3.2965843962776166e-08,0.00019285008737652732,0.0,4.3404547017189185e-10,6.648692258640558e-10,0.015756920016814942,2.5,0.01293552233709735,296.5963453167157,0.0,1.0,0.006349094529626907,1.0,1.0,0.9803510207021574,18.590047154353623,3.473072612247894e-10,100.0,3.4380056973262084e-10,0.7122181222194214,0.26517753672633737,0.022604341054241316,-1.8293355496112409e-06,0.00019105371767087884,9.979240218251615e-10,1.5298452901297823e-09,2.0,4.606829595797405e-10,2.00000000002,1.00000000001,0.0072223556108985095,0.0030150862570448855,0.00027518507002008565,0.00046806812324057576,0.0002780522600266631,1.2609154041288117e-07,9.024490043927098e-11,384.4862898666858,445.7425391682773,0.0028529780257787745,-1.796346663923079e-05,0.00017491958658125928,2.395780804304577e-09,5.034934919423822e-07,0.00019338654671243247,6.459577253287824e-10,5.211935303596557e-10,0.003130205741896233,0.003323088792899701,25.828030786169197,25.727270403451335,0.7382032795256138,0.005464698664387823,0.006090450106955633,1.0,5.405953749668784e-07,4.4880303728410766e-05,99.0,1.0,5.496294772415742e-11,4.921217850607855e-11,4.4339708353443884e-05,30,30,TwinAudit-strict (κw = 1),NATURAL VIDEO WITH SIMULATED SENSING
REDS,nominal,256,448,4,64,area,main,PEM_R9_dual_fixed,0.09821428571428571,0.0002840540516768543,-2.998453933496399e-06,0.0002810555977433579,0.0,1.40512747179658e-09,1.455385168355049e-09,0.019914804969522915,2.5,0.019914613235281913,289.95247408322757,0.0,1.0,0.008938026481985904,1.0,1.0,0.0303923198907667,2.7551053174746425,1.17727708846392e-09,100.0,1.143208587686384e-09,0.5298330659881219,0.45235172348298874,0.01781521052888938,-3.1418585938286e-06,0.0002809121930830257,3.3921844256083602e-09,2.773591107006143e-09,2.0,1.40512747179658e-09,2.00000000002,1.9014668630191809,0.0017857142857142859,0.0028722573163687264,0.00029352955059772497,0.0005775836022745793,0.0003194941314875218,1.1555080622309071e-07,2.6191888411019593e-10,375.96441514982143,435.7923220784384,0.003441201524472851,-2.5050595124394096e-05,0.0002590034565524602,5.074331539132876e-09,2.1343004450896303e-06,0.00028618835212194395,7.2814590298173315e-09,1.0598111779839993e-08,0.0030390347434398686,0.003323088792899701,26.060961022843248,25.95348558680088,0.7435148490614664,0.005216989991801021,0.007991211620369686,1.0,-1.6204049983987968e-06,6.309401233279195e-05,99.0,2.0,1.2034604242880966e-10,1.6003302770506553e-10,6.471441733119074e-05,30,30,Ours w/o online proxy mixture,NATURAL VIDEO WITH SIMULATED SENSING
REDS,nominal,256,448,4,64,area,main,PEM_audit_only,0.09821428571428571,0.00018014194344097726,3.8905589972454845e-07,0.0001805309993407018,0.0,2.2741637886157865e-10,9.135723836133434e-11,,2.5,0.012372266545842546,159.98528833242017,0.0,1.0,0.006155988276101492,1.0,1.0,,8.489349822957893,1.5685789752826596e-10,100.0,1.5597464757172848e-10,0.7570347751657475,0.20407633594536367,0.03888888888888888,-1.2622761919220936e-07,0.00018001571582178507,3.2427929817502355e-10,1.7254644363833604e-10,2.0,2.2741637886157865e-10,0.9141613024026722,0.0,0.005904402902572784,0.003021194630413046,0.0007494298175329772,0.0009295717609739546,0.0007483217704782136,8.106129615018688e-07,7.144173128985016e-11,245.99722939901403,289.4659060830115,0.0028779022119792036,-1.280324760070145e-05,0.00016733869584027584,1.9637914517993556e-09,-4.103824183443459e-06,0.00017603811925753383,1.2576508602794626e-09,1.5826338713408662e-09,0.0031429468516757453,0.003323088792899701,25.828270369755543,25.729236391209795,0.7364768545311348,0.0054614377418309825,0.0,1.0,0.0,0.0,0.0,2.0,0.0,0.0,0.0,30,30,Audit-only gaze,NATURAL VIDEO WITH SIMULATED SENSING
REDS,nominal,256,448,4,64,area,main,PEM_greedy,0.09821428571428571,0.0003117987709869127,-3.2499842581425375e-05,0.0002792989284054874,0.0,4.272882471161675e-08,5.226835323885992e-08,,2.5,1.1865341514344627,157.70630748337135,0.0,1.0,0.4264602185968627,1.0,1.0,,1.1037745146348674,3.221123403609775e-08,100.0,3.095924993080518e-08,0.6404243596910782,0.34117244818627046,0.018403192122651294,-1.689245029008495e-05,0.00029490632069682776,1.4625294954041889e-07,1.0012574346576436e-07,2.0,4.272882471161675e-08,19.99559263136712,0.0,0.0017857142857142859,0.0028332578724877076,-7.45653789131155e-06,0.0003043422330956012,-3.478509397414028e-06,4.4855669000887914e-08,1.1769574780811581e-08,243.7182485499652,286.9610885014602,0.0034589267865946845,-2.016533211401876e-05,0.000291633438872894,5.302980822061941e-09,6.903836500451275e-06,0.000318702607487364,6.933646909360221e-08,7.001959088216817e-08,0.00301129002412981,0.003323088792899701,26.12985741314742,26.02169759376385,0.7460270710284741,0.005148481697340043,0.0,1.0,0.0,0.0,0.0,2.0,0.0,0.0,0.0,30,30,Greedy gaze,NATURAL VIDEO WITH SIMULATED SENSING
REDS,nominal,256,448,4,64,area,main,PEM_risk_only,0.09821428571428571,0.00021262696686054442,-1.520096628393663e-06,0.00021110687023215077,0.0,1.1305608397124006e-09,6.11902970860316e-10,,2.5,0.045312920181323005,159.3304540833536,0.0,1.0,0.013050828130489996,1.0,1.0,,26.23788784794259,7.938493089848365e-10,100.0,7.789051195667891e-10,0.6318891193765046,0.3483004918353075,0.019810388788187933,-8.664692833676801e-06,0.00020396227402686765,3.3704575433043104e-09,1.6880157402712962e-09,2.0,1.1305608397124006e-09,1.252840797399921,0.0,0.01438391257399412,0.0029892078574874376,1.3184709891289333e-05,0.00022581167675183374,2.3841424357296838e-05,4.325882600085568e-09,3.516557201456115e-10,245.34239514994746,288.5161540021848,0.002948376030497132,-1.1714745082234535e-05,0.00020091222177830989,2.7131023714910903e-09,-3.351378100513343e-07,0.00021229182905049308,6.332211727067392e-10,1.1549535921969337e-09,0.0031104618282561786,0.003323088792899701,25.864281441718607,25.763295179615593,0.7401642472186595,0.005424224281979604,0.0,1.0,0.0,0.0,0.0,2.0,0.0,0.0,0.0,30,30,Risk-only gaze,NATURAL VIDEO WITH SIMULATED SENSING
REDS,nominal,256,448,4,64,area,main,PEM_softmax,0.09821428571428571,0.0002727788164025623,-2.07946508869123e-06,0.00027069935131387107,0.0,6.929153196245069e-09,6.398505375700475e-09,,2.5,0.36086842993325535,159.2245455001636,0.0,1.0,0.09143323987366947,1.0,1.0,,11.180840201328827,3.677348503317862e-09,100.0,3.596910140796449e-09,0.684676218588086,0.29358385153191924,0.021739929879994752,1.3215182604542349e-05,0.0002859939990071046,2.459504945668446e-08,4.955491423096909e-08,2.0,6.929153196245069e-09,6.362869962581745,0.0,0.003844112029977932,0.00289854155544947,-3.138672017383201e-05,0.00024139209622873027,-2.932878541305756e-05,2.2045479055319788e-08,3.3322430554486186e-09,245.23648656675746,289.15264316659886,0.0031897208530010748,-1.682410025122187e-05,0.0002559547161513404,4.518319068936514e-09,8.169003733186794e-06,0.0002809478201357491,1.7988887056464917e-08,9.06310387616777e-09,0.0030503099787141607,0.003323088792899701,26.016389703247203,25.909306934748905,0.74397460441103,0.005266675804106064,0.0,1.0,0.0,0.0,0.0,2.0,0.0,0.0,0.0,30,30,Benefit-softmax gaze,NATURAL VIDEO WITH SIMULATED SENSING
REDS,nominal,256,448,4,64,area,main,PEM_uniform,0.09821428571428571,0.000189887634756416,-2.772867198251206e-07,0.0001896103480365909,0.0,1.0673776806868431e-09,6.267902076379435e-10,,2.5,0.05077967510457823,157.46860641627185,0.0,1.0,0.01357431413881061,1.0,1.0,,27.999999999999996,7.850994762672251e-10,100.0,7.673490340245611e-10,0.5779050380761379,0.397145555387861,0.024949406536001015,-4.949543365223045e-06,0.00018493809139119292,3.0790966489079785e-09,2.1852343838344023e-09,2.0,1.0673776806868431e-09,1.0,0.0,0.03571428571428571,0.0030257065843417824,-4.949543365223045e-06,0.00018493809139119292,-1.0498822285836906e-20,2.1852343838344023e-09,3.000286466622819e-10,243.48054748286572,287.3961607472059,0.0027998049729369453,-7.91389504897124e-06,0.00018197373970744475,2.2762793868269595e-09,-2.772867198251208e-07,0.00018961034803659083,6.267902076379436e-10,1.0673776806868431e-09,0.0031332011603603066,0.003323088792899701,25.803705116446984,25.706017812472055,0.7386364467032789,0.0054893675508926884,0.0,1.0,0.0,0.0,0.0,2.0,0.0,0.0,0.0,30,30,Uniform gaze,NATURAL VIDEO WITH SIMULATED SENSING
REDS,nominal,256,448,4,64,area,main,PPAT2026_M1,0.09821428571428571,0.0001897422898199845,1.3742507298016407e-06,0.00019111654054978618,0.0,5.828102225610718e-10,5.259561041924329e-10,,2.5,0.015348911478284903,159.33555375007563,0.0,1.0,0.00671215079517767,1.0,1.0,,18.173120663674542,4.0211159099127336e-10,100.0,3.9522622386317174e-10,0.5437072981495371,0.44469161810124574,0.011601083749217183,-6.842180600654464e-06,0.00018290010921933006,1.1384040158659006e-09,9.76754990406276e-10,2.0,5.345177283953896e-10,0.9360063907925015,0.0,0.019907669066472778,0.0030190424546276706,0.0002516137046101863,0.00044135599443017085,0.0002613930529134578,8.636330435487823e-08,1.8758399869790004e-10,245.3474948166695,289.18851416490116,0.0028290768910378106,-0.0001897422898199845,1.6631100325635406e-22,5.615938111360595e-08,1.374250729801642e-06,0.00019111654054978618,5.259561041924329e-10,5.828102225610718e-10,0.003133346505296738,0.003323088792899701,25.820206195965127,25.722152467337597,0.7379375313332163,0.005472964039034998,0.0,1.0,0.0,0.0,0.0,2.0,0.0,0.0,0.0,30,30,"PPAT (2026), M=1",NATURAL VIDEO WITH SIMULATED SENSING
REDS,nominal,256,448,4,64,area,neural_sensor,BasicVSRpp2022_causal_memory,0.09821428571428571,-0.0018162936712634295,-3.940205541485385e-05,-0.0018556957266782834,0.0,8.318732848505503e-08,1.101795554635453e-07,,2.5,0.19792570603903778,245.83147909985078,0.0,1.0,0.07405713378938203,1.0,1.0,,27.999999999999996,6.733780223457265e-07,100.0,7.540481438058011e-08,3.6236445942626624e-18,0.034331750102795024,0.9656682498972049,-4.672463542116968e-05,-0.001863018306684599,7.54490772646699e-08,1.0560623997581646e-07,2.0,8.318732848505503e-08,1.0,1.0,0.03571428571428571,0.004956970848608762,-4.672463542116968e-05,-0.001863018306684599,9.423361534538286e-20,1.0560623997581646e-07,7.782514104474933e-09,15534.353581232921,16870.327503163717,0.005015763440469252,0.0035173341613211483,0.0017010404900577188,1.5068351940468434e-05,-3.940205541485391e-05,-0.0018556957266782834,1.1017955546354533e-07,8.318732848505503e-08,0.0051393773710685,0.003323083700359954,23.79041046373704,23.59675648670163,0.7188206373949845,0.009094149665005493,0.01989084481369151,1.0,-8.594544030475816e-06,5.876739266330776e-05,99.0,2.0,1.2058116986701878e-09,9.711173046131042e-10,6.736193669378358e-05,30,30,BasicVSR++ causal (CVPR 2022) + patch + memory,NATURAL VIDEO WITH SIMULATED SENSING
REDS,nominal,256,448,4,64,area,neural_sensor,BasicVSRpp2022_causal_memory_R9,0.09821428571428571,-0.001641419367745065,-5.1367498927809276e-05,-0.0016927868666728743,0.0,1.4550949539679505e-07,8.255068135303206e-08,0.21229075618056595,2.5,0.1801874341932988,247.37536160011464,0.0,1.0,0.07450053349298735,1.0,1.0,0.22944925073473302,3.9338601264790136,1.005060709317937e-06,100.0,9.167945161577209e-08,0.0,0.0,1.0,-3.530772992393594e-05,-0.0016767270976690007,9.167945161577209e-08,6.166892431302498e-08,2.0,1.5377224603996648e-07,2.00000000002,2.00000000002,0.005139898842270201,0.004671429917497638,-0.0014528782077194062,-0.003094297575464471,-0.0014413269789418314,2.77582796174858e-06,5.3830043781022965e-08,15535.897463733185,16863.031436327048,0.005709970614436609,0.0031702141740428363,0.0015287948062977714,1.244970824953821e-05,-1.0993177757279658e-05,-0.0016524125455023445,7.628059414441262e-08,1.054068492944996e-07,0.0049645030776349205,0.003323083700359954,24.08613436757261,23.890048189240076,0.7236505837837854,0.008559013240925986,0.036749913664222277,1.0,6.6651688342036745e-06,0.0001228705650678353,99.0,2.0,2.409133218272493e-09,1.9884569324492356e-09,0.00011620539623363163,30,30,BasicVSR++ causal (CVPR 2022) + TwinAudit gaze (ours),NATURAL VIDEO WITH SIMULATED SENSING
REDS,nominal,256,448,4,64,area,neural_sensor,BasicVSRpp2022_causal_patch,0.09821428571428571,-0.002038752229468819,-1.3271464992743187e-05,-0.002052023694461562,0.0,9.02332834973507e-08,9.266687902156458e-08,,2.5,0.2010112724094464,135.2244737339206,0.0,1.0,0.0755695978740147,1.0,1.0,,27.999999999999996,7.34150367382374e-07,100.0,8.076636547636812e-08,0.0,0.0,1.0,-1.8656926329817616e-05,-0.0020574091557986366,8.076636547636812e-08,8.664447425052857e-08,2.0,9.02332834973507e-08,1.0,0.0,0.03571428571428571,0.005172485997444407,-1.8656926329817616e-05,-0.0020574091557986366,8.880536940986421e-20,8.664447425052857e-08,9.46691802098257e-09,15423.746575866991,16745.578819665097,0.00541479458728345,0.0037004317699753475,0.0016616795405065285,1.7084039110289644e-05,-1.3271464992743116e-05,-0.002052023694461562,9.266687902156458e-08,9.02332834973507e-08,0.005361835935735144,0.003323083700359954,23.65112068386292,23.4465554355559,0.7179583917359511,0.009447217644925263,0.0,1.0,0.0,0.0,0.0,2.0,0.0,0.0,0.0,30,30,BasicVSR++ causal (CVPR 2022) + patch,NATURAL VIDEO WITH SIMULATED SENSING
REDS,nominal,256,448,4,64,area,neural_sensor,BasicVSRpp2022_offline_patch,0.09821428571428571,-0.005452365873809968,-3.787231462626006e-05,-0.005490238188436228,0.0,2.965686014410507e-07,3.524334467512143e-07,,2.5,0.2404510165071416,136.68257659997712,0.0,1.0,0.10050651915580255,1.0,1.0,,27.999999999999996,2.0694139769873087e-06,100.0,2.779076816320955e-07,1.0928757898653884e-17,0.022353642000755087,0.9776463579992449,-4.5560738982693246e-05,-0.0054979266127926614,2.779253827896595e-07,3.4393215277351314e-07,2.0,2.965686014410507e-07,1.0,0.0,0.03571428571428571,0.008463221800659086,-4.5560738982693246e-05,-0.0054979266127926614,2.7589557157967073e-19,3.4393215277351314e-07,1.8660919808955188e-08,2592.6535285002224,2636.9226680611996,0.008793562369563997,0.007172823610226842,0.0017204577364168746,6.419633999369351e-05,-3.787231462626005e-05,-0.005490238188436228,3.524334467512142e-07,2.9656860144105066e-07,0.008775449592639538,0.003323083700359954,21.58136587876603,21.39279910627585,0.6681376802623272,0.015217737506436945,0.0,1.0,0.0,0.0,0.0,2.0,0.0,0.0,0.0,30,30,"BasicVSR++ offline, non-causal (CVPR 2022) + patch",NATURAL VIDEO WITH SIMULATED SENSING
REDS,nominal,256,448,4,64,area,neural_sensor,NanoSR2025_memory,0.09821428571428571,0.0003448385135899529,-1.278407512427017e-05,0.00033205443846568274,0.0,6.002534688461987e-09,4.0455351812182655e-09,,2.5,0.08168929606913473,251.88006203334467,0.0,1.0,0.02882741145361516,1.0,1.0,,27.999999999999996,1.629734792854579e-08,100.0,4.377749358608649e-09,0.13512555227024084,0.17395681660493664,0.6909176311248225,-1.8330412041274783e-05,0.0003265081015486781,5.398938888838766e-09,3.3672625002268156e-09,2.0,6.002534688461987e-09,1.0,1.0,0.03571428571428571,0.002874034054412429,-1.8330412041274783e-05,0.0003265081015486781,-1.6796773634801116e-20,3.3672625002268156e-09,1.624785329853338e-09,466.52926623336197,546.1117968322651,0.0028613224326905725,0.0007926279642949323,0.001137466477884885,6.982023215032887e-07,-1.2784075124270165e-05,0.00033205443846568274,4.045535181218265e-09,6.002534688461987e-09,0.0029782451912760736,0.003323083700359954,26.09781329317897,25.994426845173155,0.7655782745182514,0.005170984876025406,0.014476766374246839,1.0,-3.0784972708971183e-06,1.3876167653015842e-05,99.0,2.0,1.0939001305828868e-09,1.2351971055460598e-09,1.695466492391296e-05,30,30,NanoSR (NTIRE 2025) + patch + memory,NATURAL VIDEO WITH SIMULATED SENSING
REDS,nominal,256,448,4,64,area,neural_sensor,NanoSR2025_memory_R9,0.09821428571428571,0.000363283879790664,6.638927569756508e-06,0.0003699228073604205,0.0,1.1238325712151147e-08,5.325095812290102e-09,0.08247666102640795,2.5,0.07465746015087688,252.8171199002924,0.0,1.0,0.03235873851849133,1.0,1.0,0.14191713625704955,3.2850197398447873,2.7083311391405698e-08,100.0,6.449323781227775e-09,0.15502771722054312,0.11778211846711412,0.7271901643123428,2.3718478043872105e-05,0.00038700235783453615,8.925841397600796e-09,9.01359787627831e-09,2.0,1.4052366281696142e-08,2.00000000002,2.00000000002,0.003973028826199325,0.0028025510541920084,0.0002500489357014377,0.0006133328154921018,0.00025406503804888245,1.260196948429526e-07,4.789001930923371e-09,467.4663241003097,546.8844031702611,0.003386546559237894,0.0006214218160907723,0.0009847056958814362,4.269102813184306e-07,4.5481334329366086e-05,0.0004087652141200301,1.6105433267137886e-08,1.662134313254847e-08,0.0029597998277652855,0.003323083700359954,26.231441079863497,26.120619604582505,0.7677754966914654,0.005046194192666485,0.020088417109858623,1.0,-1.4803867726005997e-05,8.306419328530881e-06,99.0,2.0,2.0351480857647686e-09,1.061141720596002e-09,2.311028705453688e-05,30,30,NanoSR (NTIRE 2025) + TwinAudit gaze (ours),NATURAL VIDEO WITH SIMULATED SENSING
REDS,nominal,256,448,4,64,area,neural_sensor,NanoSR2025_patch,0.09821428571428571,0.0003071404520186994,-7.063764835231123e-06,0.00030007668718346826,0.0,5.069370002752412e-09,4.020404979274011e-09,,2.5,0.07643553480917152,139.71878330011774,0.0,1.0,0.02713064778768459,1.0,1.0,,27.999999999999996,1.4254276370057407e-08,100.0,3.118076891721787e-09,0.13677524111916706,0.10870495081425528,0.7545198080665777,-1.3398239254342183e-05,0.0002937422127643572,3.808009656382509e-09,2.837755650605721e-09,2.0,5.069370002752412e-09,1.0,0.0,0.03571428571428571,0.0029105581981906047,-1.3398239254342183e-05,0.0002937422127643572,-1.4028813341146904e-20,2.837755650605721e-09,1.951293111030626e-09,354.36798750013503,419.11128383042524,0.002931001558993952,0.0007826683901856451,0.0010898088422043445,7.193992421601276e-07,-7.063764835231123e-06,0.00030007668718346826,4.020404979274011e-09,5.069370002752413e-09,0.0030159432501144084,0.003323083700359954,26.068902957945618,25.963114368255383,0.7630192217628161,0.005218268057032761,0.0,1.0,0.0,0.0,0.0,2.0,0.0,0.0,0.0,30,30,NanoSR (NTIRE 2025) + patch,NATURAL VIDEO WITH SIMULATED SENSING
REDS,nominal,256,448,4,64,area,neural_sensor,PEM_R6_fixed,0.09821428571428571,0.00030530331616697014,-3.244833800457141e-07,0.0003049788327869244,0.0,4.046089425361871e-09,7.085907187547274e-09,,2.5,0.10878525978359414,150.6220010666584,0.0,1.0,0.0343861707506897,1.0,1.0,,1.5660418098294062,3.085250033122377e-09,100.0,2.9601360688380885e-09,0.5371920103032488,0.4382460652013245,0.024561924495426733,-8.699372626330195e-06,0.0002966039435406399,1.21741539645124e-08,2.1799239042979546e-08,2.0,4.046089425361871e-09,1.9999999999999107,0.0,0.0017857142857142852,0.0028417786641591765,8.81047606980382e-05,0.0003934080768650084,9.140947673743603e-05,3.364212819858707e-08,1.0859533565237828e-09,229.65840256687565,275.21963649982354,0.003439264460250505,-2.4136571137322146e-05,0.00028116674502964796,5.517046475918193e-09,1.1314599374847836e-05,0.00031661791554181797,1.143806339933426e-08,1.6326681414419537e-08,0.003017780388806565,0.003323083700359954,26.112847245907293,26.004646558837784,0.7453124759493093,0.005167503224669869,0.0,1.0,0.0,0.0,0.0,2.0,0.0,0.0,0.0,30,30,"Joint gaze, fixed proxy (prior version)",NATURAL VIDEO WITH SIMULATED SENSING
REDS,nominal,256,448,4,64,area,neural_sensor,PEM_R9_TwinAudit,0.09821428571428571,0.00027230201942004504,-4.330244587233311e-06,0.00026797177483281167,0.0,1.1361001682819775e-09,7.8181682732195e-10,0.01945701732472581,2.5,0.018983031250952916,270.44529899932485,0.0,1.0,0.008112251473186874,1.0,1.0,0.17037044947700214,3.6247437351266325,9.49553118344019e-10,100.0,9.253806739903339e-10,0.5833934917337326,0.4018831714345822,0.014723336831685141,-9.379074477583314e-06,0.0002629229449424617,2.729687278201496e-09,2.3408061831778007e-09,2.0,1.1660636098783692e-09,2.00000000002,1.8265541241404624,0.0020319728466243613,0.0028897298459431707,0.00030315865736463965,0.0005754606767846847,0.0003208995001551814,1.2198010341884965e-07,2.107194942916436e-10,349.48170049954206,411.53606216578436,0.0033434495152062363,-3.152802547371266e-05,0.00024077399394633236,4.430294009820833e-09,-1.1961236843406932e-06,0.0002711058957357043,4.691181351256904e-09,4.649907820073517e-09,0.0030507816855534896,0.003323083700359954,26.036968218499645,25.93053198744813,0.7429016114892473,0.00524387920420876,0.007564023576145606,1.0,-5.0491377941325e-07,6.190454467779848e-05,99.0,2.0,9.570777376720985e-11,3.987674620213419e-11,6.240945845721173e-05,30,30,TwinAudit (ours),NATURAL VIDEO WITH SIMULATED SENSING
REDS,nominal,256,448,4,64,area,neural_sensor,PEM_uniform,0.09821428571428571,0.00019427970900172533,3.0416023870927854e-06,0.0001973213113888181,0.0,1.2599046401679346e-09,6.172278933337055e-10,,2.5,0.05211888006874765,148.16644040000392,0.0,1.0,0.013714873339141684,1.0,1.0,,27.999999999999996,8.648504966869824e-10,100.0,8.502433460248141e-10,0.625606076461692,0.35454597906976393,0.019847944468543998,-5.776871904889059e-06,0.00018850283709683627,3.4054378268296118e-09,2.3873594060787056e-09,2.0,1.2599046401679346e-09,1.0,0.0,0.03571428571428571,0.0030196675777115576,-5.776871904889059e-06,0.00018850283709683627,-1.0640033044717238e-20,2.3873594060787056e-09,4.0966129414312054e-10,227.20284190022116,272.04434900418465,0.002821201890658021,-8.866453105250136e-06,0.00018541325589647517,2.596515462784714e-09,3.041602387092784e-06,0.0001973213113888181,6.172278933337058e-10,1.2599046401679344e-09,0.0031288039959718092,0.003323083700359954,25.807941859657532,25.7111390709414,0.7387535570273888,0.005485356198881908,0.0,1.0,0.0,0.0,0.0,2.0,0.0,0.0,0.0,30,30,Uniform gaze,NATURAL VIDEO WITH SIMULATED SENSING
REDS,nominal,256,448,4,64,area,neural_sensor,SCMSR2025_memory,0.09821428571428571,0.00010065417509567483,-1.7597272604309637e-05,8.30569024913652e-05,0.0,8.39712669115685e-09,5.6427516718307835e-09,,2.5,0.08818190215233233,246.5298475996436,0.0,1.0,0.03158966873616799,1.0,1.0,,27.999999999999996,3.2727754054275834e-08,100.0,5.819445663151863e-09,0.03703856224974452,0.1339461773225438,0.8290152604277117,-2.3396774550162158e-05,7.725740054551266e-05,6.153533345388413e-09,3.868725967577399e-09,2.0,8.39712669115685e-09,1.0,1.0,0.03571428571428571,0.003109320136359505,-2.3396774550162158e-05,7.725740054551266e-05,-4.921032018790937e-21,3.868725967577399e-09,2.577681028004987e-09,765.5241511001659,864.226795170398,0.0031038033614787255,0.0011715985637709152,0.00127225273886659,1.498849853234239e-06,-1.7597272604309637e-05,8.30569024913652e-05,5.642751671830782e-09,8.39712669115685e-09,0.003222429531801026,0.003323083700359954,25.729848107299976,25.624044798961197,0.7599184898833434,0.005586840557700779,0.014780256936498466,1.0,-2.351195262635802e-06,1.4825704029120729e-05,99.0,2.0,1.279019909409701e-09,1.4284310536422124e-09,1.7176899291756533e-05,30,30,SCMSR (NTIRE 2025) + patch + memory,NATURAL VIDEO WITH SIMULATED SENSING
REDS,nominal,256,448,4,64,area,neural_sensor,SCMSR2025_memory_R9,0.09821428571428571,0.00011865547545576528,7.044667945710861e-06,0.00012570014340147615,0.0,1.8098163529093496e-08,2.1803584704353494e-08,0.09256832326084502,2.5,0.08221854166445504,245.07507243315922,0.0,1.0,0.03470630444127901,1.0,1.0,0.167039761644377,3.448229013271801,5.751357784195651e-08,100.0,8.473207844385538e-09,0.04379537335553761,0.06237026894221377,0.8938343577022486,-4.665979118514098e-06,0.00011398949633725117,9.012252202284029e-09,8.832771820738484e-09,2.0,2.296083170737114e-08,2.00000000002,2.00000000002,0.004491051101043987,0.0030306747291275918,4.011357848292122e-05,0.00015876905393868648,4.2880819461474266e-05,8.738386327395698e-08,9.624955684707954e-09,764.0693759336815,863.6125036681673,0.003679354376403022,0.0009546504060804914,0.0010733058815362566,9.937893724716827e-07,2.6120810233191118e-05,0.0001447762856889564,1.7050910681644867e-08,1.8033092001252166e-08,0.0032044282305287194,0.003323083700359954,25.868593024401623,25.75451773436222,0.7620578004221122,0.005446018160831165,0.021054932039823955,1.0,1.7735446101133502e-06,2.574381469957534e-05,99.0,2.0,2.581284436696309e-09,1.631879372906344e-09,2.397027008946199e-05,30,30,SCMSR (NTIRE 2025) + TwinAudit gaze (ours),NATURAL VIDEO WITH SIMULATED SENSING
REDS,nominal,256,448,4,64,area,neural_sensor,SCMSR2025_patch,0.09821428571428571,6.185151733475564e-05,-1.1042755981365251e-05,5.08087613533904e-05,0.0,7.633942965500938e-09,6.468303216052224e-09,,2.5,0.08481193368373179,138.27751529980256,0.0,1.0,0.03026491644511241,1.0,1.0,,27.999999999999996,3.079961463728956e-08,100.0,4.4360699696366225e-09,0.04090081185462279,0.042918782258402864,0.9161804058869744,-1.7667451249252207e-05,4.4184066085503446e-05,4.568123537659428e-09,4.10639898024602e-09,2.0,7.633942965500938e-09,1.0,0.0,0.03571428571428571,0.0031469382281550983,-1.7667451249252207e-05,4.4184066085503446e-05,-3.3566901024803188e-21,4.10639898024602e-09,3.1978729958643153e-09,657.2718188003249,748.7271200008399,0.003175505450068305,0.0011774109156680553,0.001239262433002811,1.5617173814646366e-06,-1.1042755981365253e-05,5.080876135339039e-05,6.468303216052224e-09,7.633942965500938e-09,0.00326123218924234,0.003323083700359954,25.700482017678798,25.592528867001427,0.7573274663686752,0.005636431391704483,0.0,1.0,0.0,0.0,0.0,2.0,0.0,0.0,0.0,30,30,SCMSR (NTIRE 2025) + patch,NATURAL VIDEO WITH SIMULATED SENSING
REDS,nominal,256,448,4,64,area,neural_sensor,SPANF2025_memory,0.09821428571428571,0.00038316504384480055,-1.045404807247343e-05,0.00037271099577232717,0.0,5.636086395899e-09,3.1819457748726072e-09,,2.5,0.07713828801160487,254.84030696729315,0.0,1.0,0.02689916619247392,1.0,1.0,,27.999999999999996,1.3001530565960278e-08,100.0,4.230267553964747e-09,0.16579193780572038,0.19084259917909582,0.6433654630151838,-1.563950192760684e-05,0.00036752554191719374,5.333874896427105e-09,3.1187184329593325e-09,2.0,5.636086395899e-09,1.0,1.0,0.03571428571428571,0.0028371765677972383,-1.563950192760684e-05,0.00036752554191719374,-1.678972826179713e-20,3.1187184329593325e-09,1.4058188419342533e-09,373.7978817344022,435.45323816574336,0.002817719044678873,0.0006670521262583344,0.001050217170103135,5.065575077165993e-07,-1.0454048072473426e-05,0.00037271099577232717,3.181945774872607e-09,5.636086395899e-09,0.002939918661664706,0.003323083700359954,26.16966985783772,26.06373087446531,0.7652985096673172,0.005104071965640228,0.014418856940391881,1.0,-2.9494985162797796e-06,1.4635348326286898e-05,99.0,2.0,1.0549138361910252e-09,1.2181827346475637e-09,1.758484684256668e-05,30,30,SPAN-F (NTIRE 2025) + patch + memory,NATURAL VIDEO WITH SIMULATED SENSING
REDS,nominal,256,448,4,64,area,neural_sensor,SPANF2025_memory_R9,0.09821428571428571,0.0003999761954673022,1.5026134737408149e-05,0.00041500233020471034,0.0,9.597588104597687e-09,1.0361026954016126e-08,0.07476194454792107,2.5,0.06841502286116796,255.44015416735783,0.0,1.0,0.02996684416584162,1.0,1.0,0.13185166012432545,3.2235760710683063,2.0533598273144112e-08,100.0,6.168910105085346e-09,0.1756145299152754,0.16973413798922282,0.6546513320955019,1.1926688877523009e-05,0.0004119028843448252,8.957589327010353e-09,1.2758036969318651e-08,2.0,1.1813921451248495e-08,2.00000000002,2.00000000002,0.003810291993821428,0.002767352033542314,0.00026229552232403933,0.0006622717177913415,0.00024954360073305,1.5556929036375592e-07,3.4286779995123406e-09,374.3977289344669,436.44837950336904,0.0033510725650570264,0.0005178822231702958,0.0009178584186375979,3.009492864857074e-07,4.2765817785575194e-05,0.0004427420132528774,1.1105859437225551e-08,1.6432793206452263e-08,0.002923107503709616,0.003323083700359954,26.302214307674806,26.189500240334745,0.7676575969159602,0.004985910367664743,0.01925100486566904,1.0,-1.3967718976220145e-06,2.2520399345663022e-05,99.0,2.0,2.0289811954824537e-09,8.885439501351937e-10,2.3917171243285036e-05,30,30,SPAN-F (NTIRE 2025) + TwinAudit gaze (ours),NATURAL VIDEO WITH SIMULATED SENSING
REDS,nominal,256,448,4,64,area,neural_sensor,SPANF2025_patch,0.09821428571428571,0.0003460566857850341,-6.99228063617875e-06,0.00033906440514885536,0.0,4.47320352725721e-09,3.438564902788619e-09,,2.5,0.06985905872209965,141.06744273321237,0.0,1.0,0.024588445160231367,1.0,1.0,,27.999999999999996,1.0432108773287399e-08,100.0,2.8590978294608203e-09,0.17414283582196297,0.14194428408810406,0.683912880089933,-1.0909339442519953e-05,0.0003351473463425141,3.6443349417512047e-09,2.4139398307571824e-09,2.0,4.47320352725721e-09,1.0,0.0,0.03571428571428571,0.0028731247812975196,-1.0909339442519953e-05,0.0003351473463425141,-1.57986997135096e-20,2.4139398307571824e-09,1.6141056977963898e-09,260.02501750032144,304.9638318325742,0.0028863203799756173,0.0006435010587268582,0.0009895577445118923,5.058449022214543e-07,-6.99228063617875e-06,0.00033906440514885536,3.43856490278862e-09,4.473203527257211e-09,0.0029770270167306686,0.003323083700359954,26.139834007904305,26.031611049608944,0.7623069398999215,0.005154960337922021,0.0,1.0,0.0,0.0,0.0,2.0,0.0,0.0,0.0,30,30,SPAN-F (NTIRE 2025) + patch,NATURAL VIDEO WITH SIMULATED SENSING
REDS,nominal,256,448,4,64,area,timing,BasicVSRpp2022_causal_memory,0.09821428571428571,-0.0020055608567614287,-2.326842492536599e-05,-0.0020288292816867948,0.0,9.586988177943613e-08,1.6853370426268824e-07,,2.5,0.19217609434807495,191.86002289957833,0.0,1.0,0.07334635288864916,1.0,1.0,,27.999999999999993,7.837610649619369e-07,100.0,8.852664222585473e-08,0.0,0.0,1.0,-9.194091958170108e-06,-0.002014754948719599,8.852664222585473e-08,1.679157491509779e-07,2.0,9.586988177943613e-08,1.0,1.0,0.03571428571428571,0.0051024674202199095,-9.194091958170108e-06,-0.002014754948719599,1.0016736348521497e-19,1.679157491509779e-07,7.343239553581407e-09,7978.609907600097,8540.481440506119,0.0051389080428487785,0.003696848110790371,0.0016912872540289423,1.668739140657282e-05,-2.3268424925366034e-05,-0.0020288292816867948,1.6853370426268827e-07,9.586988177943613e-08,0.005288661930506351,0.003283101073175203,23.98384194282952,23.752225613629236,0.7150627794265747,0.009109100745638098,0.020305027741597252,1.0,-4.218492237311902e-06,6.483077497203376e-05,99.0,2.0,1.282978788731116e-09,1.0191959288001847e-09,6.904926720934567e-05,10,10,BasicVSR++ causal (CVPR 2022) + patch + memory,NATURAL VIDEO WITH SIMULATED SENSING
REDS,nominal,256,448,4,64,area,timing,BasicVSRpp2022_causal_memory_R9,0.09821428571428571,-0.0018398986810108878,7.576846554107253e-05,-0.0017641302154698152,0.0,1.7298371324568744e-07,5.998328061284406e-08,0.2147611895850437,2.5,0.182682456434822,190.59894939890364,0.0,1.0,0.07570517072002265,1.0,1.0,0.2191079762629554,3.8617003966088568,1.252198857791468e-06,100.0,1.1427583599521764e-07,0.0,0.0,1.0,4.250578573581888e-05,-0.0017973928952750688,1.1427583599521761e-07,4.070448922329385e-08,2.0,1.8163100366467298e-07,2.00000000002,2.00000000002,0.004944189037339259,0.004827632338943658,-0.0014067872786038636,-0.0032466859596147514,-0.0013329896284527516,2.541374826312565e-06,5.8707877250469835e-08,7977.348834099423,8539.919992499636,0.0058194744341884454,0.0033521586540266384,0.001512259973015751,1.3983336640660457e-05,4.8111455577289896e-05,-0.0017917872254335978,4.943147256394848e-08,1.2672170033125022e-07,0.005122999759449158,0.003283101073175203,24.279961184673233,24.04592956238313,0.7195188710689544,0.008602171240202763,0.037104709650410225,1.0,-1.4818441851658874e-05,0.00010421719135950952,99.0,2.0,2.150781245722014e-09,2.590541740025419e-09,0.00011903563321116837,10,10,BasicVSR++ causal (CVPR 2022) + TwinAudit gaze (ours),NATURAL VIDEO WITH SIMULATED SENSING
REDS,nominal,256,448,4,64,area,timing,BasicVSRpp2022_causal_patch,0.09821428571428571,-0.0022365815494612344,-1.5766223549387366e-05,-0.0022523477730106217,0.0,1.017813688208491e-07,1.3860106514244183e-07,,2.5,0.194132129377853,102.13824790052604,0.0,1.0,0.07465588979578375,1.0,1.0,,27.999999999999993,8.475423042131684e-07,100.0,9.269536514563604e-08,0.0,0.0,1.0,-2.304855705901883e-06,-0.002238886405167136,9.269536514563606e-08,1.3659932556839313e-07,2.0,1.017813688208491e-07,1.0,0.0,0.03571428571428571,0.0053254826083721125,-2.304855705901883e-06,-0.002238886405167136,1.2791902157346283e-19,1.3659932556839313e-07,9.086003675213055e-09,7888.888132601045,8443.893649512902,0.005522980704971805,0.0038859638554774186,0.0016493823060161842,1.9144741730986146e-05,-1.5766223549387163e-05,-0.0022523477730106217,1.3860106514244191e-07,1.0178136882084907e-07,0.005519682643585838,0.003283101073175203,23.853460138318635,23.608901702279574,0.7144970903992653,0.009449520414563442,0.0,1.0,0.0,0.0,0.0,2.0,0.0,0.0,0.0,10,10,BasicVSR++ causal (CVPR 2022) + patch,NATURAL VIDEO WITH SIMULATED SENSING
REDS,nominal,256,448,4,64,area,timing,BasicVSRpp2022_offline_patch,0.09821428571428571,-0.005640527818978153,-0.0001163316363777432,-0.005756859455355896,0.0,2.9130757211365473e-07,4.0942344695213023e-07,,2.5,0.23219139176952983,102.26014979969477,0.0,1.0,0.09687380302915985,1.0,1.0,,27.999999999999993,1.9308072438025026e-06,100.0,2.7517550385284486e-07,0.0,0.0,1.0,-0.00010442607348104089,-0.005744953892459193,2.751755038528449e-07,4.177853541041393e-07,2.0,2.9130757211365473e-07,1.0,0.0,0.03571428571428571,0.00860419332049787,-0.00010442607348104089,-0.005744953892459193,2.3235807809079966e-19,4.177853541041393e-07,1.613206826080981e-08,1431.8127734993468,1464.9953570181387,0.008905832843873838,0.007351760731034286,0.0017112329120561342,7.376736824074421e-05,-0.00011633163637774322,-0.005756859455355896,4.0942344695213023e-07,2.913075721136547e-07,0.008923628879711033,0.003283101073175203,21.88640209609502,21.66881741088482,0.6647297780513763,0.015000573985426771,0.0,1.0,0.0,0.0,0.0,2.0,0.0,0.0,0.0,10,10,"BasicVSR++ offline, non-causal (CVPR 2022) + patch",NATURAL VIDEO WITH SIMULATED SENSING
REDS,nominal,256,448,4,64,area,timing,PEM_R6_fixed,0.09821428571428571,0.0003002649955839062,6.7359467286825504e-06,0.0003070009423125887,0.0,4.775707741392616e-09,8.584978478912253e-09,,2.5,0.10709410142985853,108.74425330053782,0.0,1.0,0.03283526874069678,1.0,1.0,,1.575224190574429,2.9504738169536933e-09,100.0,2.8283324559104866e-09,0.5360805969387916,0.4341139625607743,0.029805440500434082,3.1908129365739536e-05,0.00033217312494964574,1.3927935156879855e-08,3.400031213479905e-08,2.0,4.775707741392616e-09,1.999999999999914,0.0,0.001785714285714285,0.0028118387455087946,0.00010569728293925764,0.0004059622785231638,8.879104500407967e-05,2.4068399937275e-08,1.94737528548213e-09,166.94866450037807,204.816871000221,0.003432537534526014,-3.884830361078678e-05,0.0002614166919731194,7.87883646340903e-09,1.1012761179681337e-05,0.00031127775676358755,8.861211004725948e-09,1.677211601116501e-08,0.002982836079649628,0.003283101073175203,26.38350359431927,26.26703393544675,0.7441416243645864,0.005009158879252089,0.0,1.0,0.0,0.0,0.0,2.0,0.0,0.0,0.0,10,10,"Joint gaze, fixed proxy (prior version)",NATURAL VIDEO WITH SIMULATED SENSING
REDS,nominal,256,448,4,64,area,timing,PEM_R9_TwinAudit,0.09821428571428571,0.00027107818465547907,1.4775577804236009e-08,0.0002710929602332833,0.0,1.297900227747275e-09,8.728128081724672e-10,0.017890411836900665,2.5,0.017286180382618987,196.56363440008136,0.0,1.0,0.007964804279247041,1.0,1.0,0.17109911638588776,3.6162658544344937,9.642555422176031e-10,100.0,9.379257240664677e-10,0.4838275793342275,0.48283908733243913,0.03333333333333335,-1.3303130975563407e-07,0.00027094515334572346,3.1028863198111563e-09,3.0514911973500663e-09,2.0,1.3354687486790026e-09,2.00000000002,1.8713303754743893,0.002091594695920124,0.002852605145820521,0.0003052427982228024,0.0005763209828782815,0.0003151110874759006,1.3854700923689848e-07,3.5997450368080735e-10,254.7680455999216,300.09227599715814,0.0033174709719583514,-4.424822809527221e-05,0.00022682995656020686,7.08474559340655e-09,-7.23383883128513e-06,0.00026384434582419394,4.171421477353158e-09,4.220025117100123e-09,0.0030120228905780545,0.003283101073175203,26.320772297195283,26.204300666465777,0.7421209828590163,0.005069936754463375,0.007473651164409472,1.0,-1.3283515882884223e-06,5.9638869398414975e-05,99.0,2.0,6.961506600841356e-11,3.321764601504964e-11,6.0967220986703404e-05,10,10,TwinAudit (ours),NATURAL VIDEO WITH SIMULATED SENSING
REDS,nominal,256,448,4,64,area,timing,PEM_greedy,0.09821428571428571,0.00031196049279162637,-5.9931051652295965e-05,0.00025202944113933044,0.0,4.894692656661762e-08,2.6279162197523377e-08,,2.5,1.1221678325090856,105.96119730005739,0.0,1.0,0.4106693681306903,1.0,1.0,,1.1037745146348674,3.266327950216652e-08,100.0,3.108618238519829e-08,0.5391056662576381,0.436102381261074,0.024791952481287984,0.00012645261382324198,0.00043841310661486843,1.6450945409209608e-07,1.9213093472841145e-07,2.0,4.894692656661762e-08,19.994503233290445,0.0,0.0017857142857142859,0.002798301440357926,9.797155819279194e-08,0.00031205846434981916,-2.427210959440353e-06,7.261550166937052e-08,1.7860744181419338e-08,164.16560849989764,194.07962700352073,0.003452174719656772,-3.612962390516597e-05,0.0002758308688864604,7.351874693100062e-09,-3.5976229853226576e-05,0.0002759842629383998,2.4800982465986873e-08,8.258867091511474e-08,0.0029711405824419074,0.003283101073175203,26.40918637337497,26.292794868437607,0.7450570634027714,0.004990251269776802,0.0,1.0,0.0,0.0,0.0,2.0,0.0,0.0,0.0,10,10,Greedy gaze,NATURAL VIDEO WITH SIMULATED SENSING
REDS,nominal,256,448,4,64,area,write_kappa,PEM_R9_writek1,0.09821428571428571,0.00022294451133947007,-8.617990932074261e-06,0.00021432652040739581,0.0,7.368054049668545e-10,1.5084855269718762e-09,0.01757519727624881,2.5,0.014202548442144294,393.34606033412274,0.0,1.0,0.006737545731754502,1.0,1.0,0.9820776737900249,18.776979203348567,5.482673783594698e-10,100.0,5.435421626201786e-10,0.7139435570939853,0.2531446743124976,0.03291176859351714,-1.7453006780760958e-05,0.0002054915045587091,1.5586991252041977e-09,3.1409794881393524e-09,2.0,7.901272298684469e-10,2.00000000002,1.00000000001,0.0071554325481717395,0.0032147179301717245,0.00026912204636126384,0.000492066557700734,0.0003125493804191136,1.1826697548285008e-07,1.9326324234667588e-10,511.8446196675068,603.3409780116441,0.0030754691555273505,-1.8951000277773524e-05,0.00020399351106169654,4.137005077790678e-09,-4.380229363621589e-06,0.0002185642819758485,1.272632891577395e-09,8.387510297395109e-10,0.0033385777228905093,0.003561522229691036,25.66529917706152,25.575567343618427,0.7318982133797464,0.005445269503846626,0.006411772766584635,1.0,2.2856062279718077e-06,5.344206798797681e-05,99.0,1.0,7.678446042613827e-11,6.119733534581767e-11,5.1156461760005005e-05,15,15,"Ours, write kappa=1",NATURAL VIDEO WITH SIMULATED SENSING
REDS,nominal,256,448,4,64,area,write_kappa,PEM_R9_writek1.25,0.09821428571428571,0.00030584613191336177,8.555948575946685e-06,0.0003144020804893084,0.0,1.5096481123380718e-09,8.546087734119248e-10,0.020697303216357335,2.5,0.019841979570488413,393.95573346627253,0.0,1.0,0.008399617862920155,1.0,1.0,0.25540363897454127,4.5690395506232395,1.1455208584730902e-09,100.0,1.1179990918999118e-09,0.5491052768322334,0.4240513254220115,0.026843397745755018,1.184865777877216e-06,0.000307030997691239,3.4963437316798212e-09,1.9212424978788726e-09,2.0,1.611660241025992e-09,2.00000000002,1.2500000000125,0.0021134523462208238,0.003091308439319801,0.00034628130340805366,0.0006521274353214154,0.0003411411532003698,1.7104017585030175e-07,3.916490204381603e-10,512.0998493332105,607.0481839954542,0.003549013324255023,-3.588042524806523e-05,0.0002699657066652965,6.7531849889956685e-09,9.170874922100447e-06,0.00031501700683546216,1.9989458330668245e-09,4.2758667510847186e-09,0.0032556761023166177,0.003561522229691036,25.862980070419002,25.765256327189665,0.7360031216829663,0.005237249229801149,0.00781939501132506,1.0,-1.7448058019965192e-08,6.921069178338261e-05,99.0,1.25,1.0621323839019545e-10,9.438386784169848e-11,6.922813984140257e-05,15,15,"Ours, write kappa=1.25",NATURAL VIDEO WITH SIMULATED SENSING
REDS,nominal,256,448,4,64,area,write_kappa,PEM_R9_writek2,0.09821428571428571,0.0003110433941339046,-4.597949250017776e-06,0.0003064454448838868,0.0,1.7267893051840286e-09,1.3548793267541093e-09,0.021241567188906744,2.5,0.02058966314756042,389.470163999397,0.0,1.0,0.008716303190342993,1.0,1.0,0.17570773690751237,3.6811607136806574,1.3674598212502158e-09,100.0,1.3410138546995577e-09,0.5803217743099826,0.390303060448362,0.029375165241655562,-5.418991873867029e-06,0.00030562440226003756,3.867158580064031e-09,2.5880888316918034e-09,2.0,1.786855195103002e-09,2.00000000002,1.8539327952423936,0.002035530542124883,0.0030804967478700535,0.0003259966374913569,0.0006370400316252615,0.0003394378644620266,1.4237877657524778e-07,3.857754504844711e-10,507.8489309985501,604.2493536676435,0.0035468015588230243,-3.7683451507963184e-05,0.0002733599426259414,7.3053481292607466e-09,-9.52503800919268e-06,0.0003015183561247119,5.328384659381118e-09,5.97985237820273e-09,0.003250478840096075,0.003561522229691036,25.877234329655582,25.78122938522728,0.736769108847072,0.00521698088609918,0.00809210696039541,1.0,-2.119989542245188e-06,6.809781315876916e-05,99.0,2.0,1.0588122686003889e-10,3.536863900170215e-11,7.021780270101435e-05,15,15,"Ours, write kappa=2",NATURAL VIDEO WITH SIMULATED SENSING
REDS,nominal,256,448,4,64,area,write_kappa,PEM_R9_writek4,0.09821428571428571,0.0003126407019173343,-1.2786453453584722e-06,0.00031136205657197587,0.0,1.7554172834059702e-09,1.3864645717998783e-09,0.021190655219685158,2.5,0.020551986372233978,393.24614753286977,0.0,1.0,0.008738774001574882,1.0,1.0,0.17662593629959913,3.6813706293468167,1.4014139929654638e-09,100.0,1.370362580444219e-09,0.5117000013582852,0.4586970371276742,0.029602961514040627,-3.020609646854494e-06,0.0003096200922704798,3.912460541708527e-09,2.59830963961315e-09,2.0,1.8155021560329922e-09,2.00000000002,2.418047190104016,0.00203562913725088,0.003078241996117925,0.0003334583372318959,0.0006460990391492302,0.00034289618482591947,1.477118398127963e-07,3.850547029617509e-10,514.2052963993823,611.3764866651036,0.003559904589905336,-3.791818661826982e-05,0.00027472251529906446,7.3674637802410876e-09,-4.71949087560584e-07,0.0003121687528297737,5.830187051761982e-09,6.032808788668074e-09,0.0032488815323126453,0.003561522229691036,25.8807212795783,25.784246529328055,0.7368444937690524,0.005214274388810471,0.008107523528864867,1.0,-1.8550322659713444e-06,6.870386392376094e-05,99.0,4.0,1.283142576221604e-10,2.997943004657939e-11,7.055889618973229e-05,15,15,"Ours, write kappa=4",NATURAL VIDEO WITH SIMULATED SENSING
REDS,nominal,256,448,4,64,area,write_kappa,PEM_R9_writek8,0.09821428571428571,0.0003126407019173343,-1.2745919592632246e-06,0.00031136610995807106,0.0,1.7554587979878801e-09,1.386687843570091e-09,0.02119066690715745,2.5,0.02055189145837323,398.6718905999248,0.0,1.0,0.008739064782381433,1.0,1.0,0.17646841944876845,3.680503363560724,1.4014563476274896e-09,100.0,1.37040359057819e-09,0.5116974586573407,0.45870543770547834,0.029597103637181005,-3.0021577442414466e-06,0.00030963854417309286,3.912552226730857e-09,2.5985645209470056e-09,2.0,1.815543712411833e-09,2.00000000002,2.8445199705297393,0.00203562913725088,0.003078241996117925,0.0003334583372318959,0.0006460990391492302,0.00034288708314372297,1.477118398127963e-07,3.8505520740969035e-10,516.6158777996121,612.1925083450818,0.003559904589905336,-3.791797023270343e-05,0.0002747227316846309,7.367463810088783e-09,-4.6737046044850877e-07,0.0003121733314568858,5.830703961228313e-09,6.0352046097666545e-09,0.0032488815323126453,0.003561522229691036,25.8807212795783,25.784246529328055,0.7368444937690524,0.005214274388810471,0.008108111345548546,1.0,-1.8550212059488287e-06,6.870387498378345e-05,99.0,8.0,1.2831421868890844e-10,2.997939032046553e-11,7.055889618973229e-05,15,15,"Ours, write kappa=8",NATURAL VIDEO WITH SIMULATED SENSING
REDS,nominal,256,448,4,64,bicubic,bicubic,PEM_R6_fixed,0.09821428571428571,0.0004436225950128085,6.453196896288883e-06,0.0004500757919090974,0.0,5.246633318667951e-09,1.044558236183973e-08,,2.5,0.10759537907365596,217.12199533303888,0.0,1.0,0.03645513779924111,1.0,1.0,,1.5657885835630927,4.5994557100687485e-09,100.0,4.245334457645039e-09,0.35070113187979796,0.6367835358349421,0.012515332285260024,2.3210982400093227e-05,0.0004668335774129018,1.996904074079628e-08,2.686301199710658e-08,2.0,5.246633318667951e-09,1.9999999999999154,0.0,0.0017857142857142852,0.002909557864061524,0.00012353162741095183,0.0005671542224237603,0.00013654706849281726,4.439164563989614e-08,1.001298861022912e-09,342.7723542659466,417.27654866001103,0.0034094061504283423,-0.0001148524901934545,0.00032877010481935403,4.145015350477542e-08,9.507809434227939e-05,0.0005387006893550879,5.847679054016425e-08,2.364902604122097e-08,0.0030857153688837887,0.0035293379675907393,26.106503975942523,26.00782689188673,0.7367416885982088,0.004972738422072289,0.0,1.0,0.0,0.0,0.0,2.0,0.0,0.0,0.0,15,15,"Joint gaze, fixed proxy (prior version)",NATURAL VIDEO WITH SIMULATED SENSING
REDS,nominal,256,448,4,64,bicubic,bicubic,PEM_R8_certified,0.09821428571428571,0.0004101724185978673,-1.4802436301732883e-05,0.0003953699822961344,0.0,1.6352576654367837e-09,5.963481090450259e-09,0.02146874965278172,2.5,0.021468749652781723,393.97790673282,0.0,1.0,0.009499713946987813,1.0,1.0,,3.5667736538353525,1.6270400435584892e-09,100.0,1.4825192608585357e-09,0.31494201226168356,0.6745237260920528,0.010534261646263648,-2.4517079163851777e-05,0.0003856553394340155,5.4989253831359135e-09,1.3280430794211076e-08,2.0,1.6385333287423356e-09,1.9999999999999896,3.4096824245459274,0.0018077802759746756,0.0029552806859303544,0.0003374729240671576,0.0007476453426650248,0.0003790524606412576,1.8003959714316483e-07,1.5273840457824794e-10,519.6282656657277,614.8349646605008,0.0033298160695601955,-0.00011716451353663398,0.0002930079050612333,3.916881062310987e-08,4.636695849608236e-05,0.00045653937709394965,7.907491782481617e-09,6.38425635656279e-09,0.00311916554529873,0.0035293379675907393,26.035549686966807,25.938277193573956,0.7343581954079345,0.005039625018470479,0.008431586419576713,1.0,-2.75177427285695e-06,7.328642397310203e-05,99.0,2.0,9.569713270800746e-11,7.376591372678283e-11,7.603819824595899e-05,15,15,Ours w/o write-audit constraint,NATURAL VIDEO WITH SIMULATED SENSING
REDS,nominal,256,448,4,64,bicubic,bicubic,PEM_R9_TwinAudit,0.09821428571428571,0.00040243415279490554,-5.280352031937712e-06,0.00039715380076296784,0.0,1.3255852596215636e-09,1.2807350569439376e-09,0.02077151761289974,2.5,0.020179246241551554,389.1189509329852,0.0,1.0,0.008702316839316859,1.0,1.0,0.17539313468910503,3.6764511042277155,1.27110194271366e-09,100.0,1.1754193935280922e-09,0.34077105435725463,0.6592289456427454,1.6344950084759246e-17,-1.0227083401573571e-05,0.00039220706939333195,4.508596798867656e-09,4.191688438582366e-09,2.0,1.3409468836794836e-09,2.00000000002,1.8511977314923598,0.0019484298815539468,0.0029658572133838814,0.00039884382647306876,0.0008012779792679742,0.00041151525444414354,2.1139266561556142e-07,1.5016586609347135e-10,514.7693098658929,607.3402149946196,0.0033319292874923238,-0.00011490226998531795,0.0002875318828095876,3.6472755074916064e-08,1.646953204449691e-05,0.00041890368483940246,3.052034146109731e-09,5.863751996528865e-09,0.0031269038111016918,0.0035293379675907393,26.017893701385308,25.921102799246153,0.7339245696224809,0.005054382024417575,0.007961667181257065,1.0,-2.279381596634423e-06,7.191367175546599e-05,99.0,2.0,8.687403486804643e-11,4.865228648433702e-11,7.41930533521004e-05,15,15,TwinAudit (ours),NATURAL VIDEO WITH SIMULATED SENSING
REDS,nominal,256,448,4,64,bicubic,bicubic,PEM_greedy,0.09821428571428571,0.0004637182500091915,4.1229255595384357e-05,0.0005049475056045758,0.0,5.869546082946014e-08,9.213463206669836e-08,,2.5,1.1791575131631613,210.97367546587097,0.0,1.0,0.45590093775915486,1.0,1.0,,1.1037745146348674,4.8859819714150896e-08,100.0,4.580801147358463e-08,0.5050532789712976,0.49494672102870235,3.903127820947816e-19,0.00016375237465521668,0.0006274706246644082,2.5626176480721413e-07,3.94704883804252e-07,2.0,5.869546082946014e-08,19.995751018507224,0.0,0.0017857142857142859,0.0028844001032729437,-2.1743209615010904e-05,0.00044197504039418067,-2.209265876979553e-05,1.0422557198567952e-07,1.2887449355875514e-08,336.62403439877863,403.0692253370459,0.003441994274735698,-0.00011840463672199581,0.00034531361328719575,4.388003317660658e-08,0.00016055923401168363,0.0006242774840208752,1.8893327945934432e-07,1.2053413423997399e-07,0.0030656197138874057,0.0035293379675907393,26.14202447009508,26.0453763007554,0.7383681873406817,0.004935834719053391,0.0,1.0,0.0,0.0,0.0,2.0,0.0,0.0,0.0,15,15,Greedy gaze,NATURAL VIDEO WITH SIMULATED SENSING
REDS,nominal,256,448,4,64,bicubic,bicubic,PEM_uniform,0.09821428571428571,0.0002966474997283245,3.793285747484348e-06,0.0003004407854758088,0.0,1.5393526096785542e-09,1.4556204798663022e-09,,2.5,0.05599384687088924,209.68101833330002,0.0,1.0,0.015039323355632041,1.0,1.0,,27.999999999999996,1.0477956894078746e-09,100.0,1.0115757880841002e-09,0.4082781044273354,0.5769656695589641,0.014756226013700531,3.8974491631027504e-07,0.00029703724464463473,5.710631379817214e-09,4.440785621638255e-09,2.0,1.5393526096785542e-09,1.0,0.0,0.03571428571428571,0.003119889377132055,3.8974491631027504e-07,0.00029703724464463473,-1.7131982523962026e-20,4.440785621638255e-09,5.277768215944542e-10,335.3313772662077,410.2750036708312,0.0028273598801496127,-7.368436048722438e-05,0.00022296313924110014,2.024537313565542e-08,3.7932857474843464e-06,0.0003004407854758088,1.4556204798663022e-09,1.5393526096785542e-09,0.0032326904641682723,0.0035293379675907393,25.755643544010628,25.67089647274181,0.729186539262702,0.0053127492720868134,0.0,1.0,0.0,0.0,0.0,2.0,0.0,0.0,0.0,15,15,Uniform gaze,NATURAL VIDEO WITH SIMULATED SENSING
REDS,nominal,256,448,8,64,area,scale8,PEM_R6_fixed,0.05133928571428571,0.00015051778822023094,-0.0001411812711145788,9.336517105652159e-06,0.0,6.87996147483839e-08,7.625697292377004e-08,,2.5,0.21779082565474592,206.06473593301294,0.0,1.0,0.06347688941737765,1.0,1.0,,1.7060115780189489,7.877654983446785e-08,100.0,5.1075301836319164e-08,0.48944822255073317,0.004362603279017936,0.5061891741702489,-0.00011472960376854889,3.578818445168204e-05,6.695002369850363e-08,4.651940624043358e-08,2.0,6.87996147483839e-08,1.9999999999999483,0.0,0.0017857142857142852,0.006486012466262832,-0.00022874080674959802,-7.822301852936707e-05,-0.00017678024421798213,2.317265951527249e-07,1.7724312912064743e-08,321.8716607334791,391.0655003320426,0.008081440166832172,0.0005294805394948953,0.0006799983277151262,5.446338250548112e-07,-5.020828581445694e-05,0.000100309502405774,5.8924505337569434e-08,1.0525199890822236e-07,0.0068888983213997715,0.0070394161144116275,22.59923013136599,22.486999454754393,0.5716892866417882,0.01018219062527062,0.0,1.0,0.0,0.0,0.0,2.0,0.0,0.0,0.0,15,15,"Joint gaze, fixed proxy (prior version)",NATURAL VIDEO WITH SIMULATED SENSING
REDS,nominal,256,448,8,64,area,scale8,PEM_R8_certified,0.05133928571428571,0.000152162184136238,5.274646031540788e-06,0.0001574368301677788,0.0,3.044045959175578e-08,3.035872604099939e-08,0.04540691811098286,2.5,0.045406918110982866,373.40871513359406,0.0,1.0,0.017105182153799924,1.0,1.0,,3.9040248311377073,3.5683359807351566e-08,100.0,2.4198945717230984e-08,0.42011586701161185,0.028753552980382575,0.5511305800080055,4.522469093130627e-05,0.00019738687506754427,2.7614666492478573e-08,3.2815805719121617e-08,2.0,3.3861980265044645e-08,1.9999999999999951,2.7615443929687684,0.0017857142857142859,0.0065249501273574075,0.000223656523498074,0.000375818707634312,0.0001351789036933148,1.0145795806758848e-07,6.241513874524799e-09,489.21563993406016,576.7792650108458,0.007703174894361485,0.0004148089577291348,0.0005669711418653728,3.750807178508498e-07,2.570849181156785e-05,0.00017787067594780584,4.167914797560413e-08,3.670531768696523e-08,0.006887253925483765,0.0070394161144116275,22.558917777371935,22.449692867161634,0.5688832123636062,0.010285606817205117,0.015638728651658534,1.0,-1.4096228388544282e-06,9.79926009659076e-05,99.0,2.0,1.8403921601376914e-09,2.9287920116713575e-09,9.940222380476203e-05,15,15,Ours w/o write-audit constraint,NATURAL VIDEO WITH SIMULATED SENSING
REDS,nominal,256,448,8,64,area,scale8,PEM_R9_TwinAudit,0.05133928571428571,0.000148064367576037,2.5622885809338847e-05,0.0001736872533853758,0.0,2.4624753991034353e-08,3.257755616690411e-08,0.04441471500374868,2.5,0.04087610512827219,372.2711419321131,0.0,1.0,0.014654954045787311,1.0,1.0,0.2295103675400592,3.9707943910986585,2.6040387538818226e-08,100.0,1.917182194185721e-08,0.3882249011298345,0.03792675651866955,0.5738483423514961,3.857472631366116e-05,0.00018663909388969815,2.2931770230525343e-08,6.100057318759866e-08,2.0,2.7858939997603366e-08,2.00000000002,1.8589878969865543,0.0018288299219067793,0.006530029194699047,0.00016329256740644376,0.00031135693498248075,0.0001571932265222045,7.848976264702296e-08,5.452932049177137e-09,488.0780667325792,571.4136073350286,0.0076881123515909295,0.0004011838360537326,0.0005492482036297696,3.132447133996566e-07,7.843958877906746e-05,0.00022650395635510445,7.643403331302854e-08,3.253026186076356e-08,0.006891351742043966,0.0070394161144116275,22.552753014014282,22.444867923948113,0.5685753353563702,0.010284457089113743,0.013805020618609755,1.0,-2.1368854967433723e-05,7.47132724387462e-05,99.0,2.0,1.7374659745354055e-09,3.3990085225225347e-09,9.608212740617993e-05,15,15,TwinAudit (ours),NATURAL VIDEO WITH SIMULATED SENSING
REDS,nominal,256,448,8,64,area,scale8,PEM_greedy,0.05133928571428571,0.00013625182937161202,0.0001316041171501143,0.00026785594652172634,0.0,8.619089250105751e-07,5.202441649927271e-07,,2.5,1.895089065733768,200.28900366617987,0.0,1.0,0.7307493340087332,1.0,1.0,,1.1037745146348674,1.1179765004452924e-06,100.0,6.176584232425906e-07,0.42772950546369215,0.011641776776315583,0.5606287177599923,7.134823659490667e-05,0.00020760006596651868,7.243377354045429e-07,2.830195763102362e-07,2.0,8.619089250105751e-07,19.99823698428546,0.0,0.0017857142857142859,0.006496338674541278,-0.00025165092214583465,-0.00011539909277422265,-0.0002595367825673319,2.466164727046627e-07,2.4425050176798455e-07,316.095928466646,384.16008234315086,0.008157661058412643,0.0005856412478647759,0.000721893077236388,7.064134309314947e-07,0.0002548657475772126,0.00039111757694882456,8.522803030102226e-07,7.39464379947945e-07,0.006903164280248391,0.0070394161144116275,22.598857119241124,22.48558547833149,0.5721367584077762,0.010165218532245503,0.0,1.0,0.0,0.0,0.0,2.0,0.0,0.0,0.0,15,15,Greedy gaze,NATURAL VIDEO WITH SIMULATED SENSING
REDS,nominal,256,448,8,64,area,scale8,PEM_uniform,0.05133928571428571,6.99684512369486e-05,2.8555372786317156e-05,9.852382402326575e-05,0.0,2.545194280759123e-08,6.290281860000777e-09,,2.5,0.08626700031585817,201.13569873431697,0.0,1.0,0.02434008014781109,1.0,1.0,,27.999999999999996,2.4918990793081743e-08,100.0,1.8845393607065923e-08,0.39185450911893344,0.03840045846403116,0.5697450324170354,3.687945129086352e-05,0.00010684790252781213,2.4603810574857037e-08,7.86387683095243e-09,2.0,2.545194280759123e-08,1.0,0.0,0.03571428571428571,0.006725115809298433,3.687945129086352e-05,0.00010684790252781213,-1.0107485077028725e-21,7.86387683095243e-09,6.606549200525304e-09,316.9426235347831,383.9670776713562,0.0065756532605159125,0.0004915780321631953,0.0005615464834001438,4.612705871866663e-07,2.855537278631717e-05,9.852382402326576e-05,6.29028186000078e-09,2.545194280759123e-08,0.006969447658383054,0.0070394161144116275,22.391281032009367,22.29508307017355,0.5625817022382458,0.010601054507400289,0.0,1.0,0.0,0.0,0.0,2.0,0.0,0.0,0.0,15,15,Uniform gaze,NATURAL VIDEO WITH SIMULATED SENSING
REDS_train,biased_stress,256,448,4,64,area,bias_negative_control,PEM_R9_TwinAudit,0.09821428571428571,0.00020303990100740328,-1.5198578866433524e-06,0.00020152004312075993,1.6793351295707226e-09,4.243310461748406e-10,3.702104005903765e-10,0.016027778678111462,2.5,0.0157519250845803,370.3132143340772,0.0,1.0,0.007165686768164254,1.0,0.0,0.1618745447502234,3.5683278639598046,4.203931795574575e-10,100.0,3.9581945059407855e-10,0.482320159569301,0.4954576182084767,0.02222222222222223,-1.845670851656569e-06,0.00020119423015574673,1.2099390330693036e-09,1.7400423233682922e-09,2.0,4.244838627730383e-10,2.00000000002,1.8448223953426075,0.0018867163873186753,0.0031259532367262353,0.0002317856022640629,0.0004348255032714662,0.00024271946971026425,6.316946466947801e-08,2.851159558076214e-11,488.0353228015204,579.6645983405566,0.003528625178562059,-2.7667409952111094e-05,0.00017537249105529221,2.823933096461364e-09,-1.257160770740387e-05,0.00019046829329999942,2.275395241645091e-09,2.5969834633765326e-09,0.003183830512438237,0.0033868704111373518,25.7778099945192,25.441357866946667,0.7064973026246748,0.005902428870280165,0.006813797261340179,1.0,1.8782698132432382e-07,4.491884018051324e-05,99.0,2.0,7.815653102727404e-11,1.169454896673798e-10,4.4731013199188916e-05,15,15,TwinAudit (ours),NATURAL VIDEO WITH SIMULATED SENSING
REDS_train,clean,256,448,4,64,bicubic,neural_native,BasicVSRpp2022_causal_memory,0.09821428571428571,0.0018180438051259966,2.5432672078102307e-05,0.0018434764772040986,0.0,1.1236614206775882e-08,1.223788799578701e-08,,2.5,0.07920591244189262,247.98202750000928,0.0,1.0,0.030570796551340824,1.0,1.0,,27.999999999999993,1.2622977591743383e-09,100.0,1.0108387672982144e-09,0.8823812103006212,0.06907901062004874,0.04853977907933011,3.4720907629286344e-05,0.0018527647127552828,1.892355551678188e-08,2.4420934255482524e-08,2.0,1.1236614206775882e-08,1.0,1.0,0.03571428571428571,0.0012928231608284476,3.4720907629286344e-05,0.0018527647127552828,-8.057316207461806e-20,2.4420934255482524e-08,1.0225775439477669e-08,15397.944148149312,16703.748867502727,0.0011958142337394435,-0.0005898114186920424,0.001228232386433954,6.764301928823331e-07,2.5432672078102284e-05,0.0018434764772040986,1.2237887995787001e-08,1.1236614206775884e-08,0.0013411335200135,0.0031591773231848495,29.71525088492674,29.5169077239996,0.869602218478918,0.00245412840442,0.009557018276948624,1.0,1.657030725900695e-06,1.4340577558048518e-05,99.0,2.0,2.1430541563577045e-10,1.2311338242186336e-10,1.2683546832147824e-05,20,20,BasicVSR++ causal (CVPR 2022) + patch + memory,NATURAL VIDEO WITH SIMULATED SENSING
REDS_train,clean,256,448,4,64,bicubic,neural_native,BasicVSRpp2022_causal_memory_R9,0.09821428571428571,0.001828120439999385,-1.2758842545345108e-05,0.0018153615974540397,0.0,7.210931063837575e-09,9.19590435310433e-09,0.08713023431164704,2.5,0.0782305641793858,247.97666685002332,0.0,1.0,0.03535004029028839,1.0,1.0,0.15298086763887825,3.3904679243102045,2.2660346180030286e-09,100.0,1.690590643680022e-09,0.8021095003222893,0.18813817265466298,0.009752327023047661,-5.1616269960181876e-05,0.0017765041700392031,4.108443309688755e-08,6.564706013616127e-08,2.0,1.2034265776286933e-08,2.00000000002,2.00000000002,0.003956285761481592,0.0012587715724248483,0.0015187132037060597,0.003346833643705445,0.0014875785813414802,3.1443742914351614e-06,5.520340420157552e-09,15397.938787499326,16705.42457300333,0.001417574545598884,-0.00045454664845302983,0.0013735737915463553,3.5169599145097804e-07,-2.6441211606473487e-05,0.0018016792283929116,8.33116859038071e-08,4.009799169755536e-08,0.0013310568836732272,0.0031591773231848495,29.86453796016507,29.65985082563018,0.870076369792223,0.0023872905792492443,0.013501994783833687,1.0,2.8754274375650586e-06,2.1126823988158877e-05,99.0,2.0,5.055573219564421e-10,2.363788013866687e-10,1.825139655059382e-05,20,20,BasicVSR++ causal (CVPR 2022) + TwinAudit gaze (ours),NATURAL VIDEO WITH SIMULATED SENSING
REDS_train,clean,256,448,4,64,bicubic,neural_native,BasicVSRpp2022_causal_patch,0.09821428571428571,0.0017899381653204525,2.244426149499368e-05,0.001812382426815446,0.0,1.037953312428132e-08,1.1869402625870176e-08,,2.5,0.07650742845093224,136.8390308497619,0.0,1.0,0.029618222015720445,1.0,1.0,,27.999999999999993,7.498149373008915e-10,100.0,6.266357879210028e-10,0.9129249131325494,0.0671982683255911,0.019876818541859544,3.3432039727109224e-05,0.0018233702050475618,1.8145083098533733e-08,2.547800366854998e-08,2.0,1.037953312428132e-08,1.0,0.0,0.03571428571428571,0.0013198789964326352,3.3432039727109224e-05,0.0018233702050475618,-8.263314620234053e-20,2.547800366854998e-08,9.752897336360319e-09,15286.801151499065,16594.943851001153,0.0012493916299313747,-0.000531262593226135,0.0012586755720943176,5.71218717558041e-07,2.244426149499368e-05,0.001812382426815446,1.1869402625870176e-08,1.037953312428132e-08,0.0013692391619342741,0.0031591773231848495,29.61521145343167,29.411161533489583,0.8667582697272301,0.0025024454401529803,0.0,1.0,0.0,0.0,0.0,2.0,0.0,0.0,0.0,20,20,BasicVSR++ causal (CVPR 2022) + patch,NATURAL VIDEO WITH SIMULATED SENSING
REDS_train,clean,256,448,4,64,bicubic,neural_native,BasicVSRpp2022_offline_patch,0.09821428571428571,0.001992424284743443,2.6257741317938794e-05,0.0020186820260613817,0.0,1.2899670231789486e-08,1.6282584090321155e-08,,2.5,0.07826877054120765,134.62346615032584,0.0,1.0,0.030791493692570705,1.0,1.0,,27.999999999999993,6.537200406435817e-10,100.0,5.693032820418288e-10,0.9455157246145198,0.04254238545534608,0.011941889930134173,3.787250025159669e-05,0.0020302967849950395,2.1453801951502954e-08,3.163392798079683e-08,2.0,1.2899670231789486e-08,1.0,0.0,0.03571428571428571,0.0011247831095433866,3.787250025159669e-05,0.0020302967849950395,-7.396630508603452e-20,3.163392798079683e-08,1.2330366949747658e-08,2581.4583276996273,2625.2196032487554,0.0010787235172655426,-0.0006897401595051136,0.0013026841252383292,8.396269543646463e-07,2.6257741317938794e-05,0.0020186820260613817,1.6282584090321155e-08,1.2899670231789488e-08,0.001166753035839065,0.0031591773231848495,30.324655101171526,30.127746509755923,0.8826334703862667,0.002142584287017286,0.0,1.0,0.0,0.0,0.0,2.0,0.0,0.0,0.0,20,20,"BasicVSR++ offline, non-causal (CVPR 2022) + patch",NATURAL VIDEO WITH SIMULATED SENSING
REDS_train,clean,256,448,4,64,bicubic,neural_native,NanoSR2025_memory,0.09821428571428571,0.0011203082873723889,1.7483224056599946e-05,0.001137791511428989,0.0,4.186198725553556e-09,3.954760191416998e-09,,2.5,0.07165212941276984,256.89162775024306,0.0,1.0,0.025202744129663786,1.0,1.0,,27.999999999999993,2.1703019176666473e-09,100.0,1.400640842041892e-09,0.6479064078002256,0.23943712731116173,0.11265646488861274,3.755039485765552e-05,0.0011578586822300445,9.530890166734038e-09,1.2235551633646515e-08,2.0,4.186198725553556e-09,1.0,1.0,0.03571428571428571,0.001965740603517588,3.755039485765552e-05,0.0011578586822300445,-5.076099046305571e-20,1.2235551633646515e-08,2.7855578835116635e-09,478.5494332989474,555.9933894938877,0.001834997278952373,-0.00012226243944137596,0.000998045847931013,7.533617432005659e-08,1.7483224056599946e-05,0.001137791511428989,3.954760191416998e-09,4.186198725553557e-09,0.0020388690386789676,0.0031591773231848495,27.855754322133787,27.657848228156542,0.8139208611547947,0.0036663224706228563,0.011740975123445487,1.0,1.3640326175350993e-06,2.5534769178404868e-05,99.0,2.0,3.1157949336503833e-10,3.02217965461795e-10,2.4170736560869772e-05,20,20,NanoSR (NTIRE 2025) + patch + memory,NATURAL VIDEO WITH SIMULATED SENSING
REDS_train,clean,256,448,4,64,bicubic,neural_native,NanoSR2025_memory_R9,0.09821428571428571,0.001139470046499396,-7.51710964795276e-06,0.001131952936851443,0.0,3.900953098439142e-09,4.790243814972363e-09,0.06731125581888636,2.5,0.062142486611878045,261.25715544949344,0.0,1.0,0.028248062834254205,1.0,1.0,0.11915278566026428,3.1610141444017805,3.405472319361502e-09,100.0,2.2666973169431434e-09,0.6051939396512873,0.3055736722011005,0.08923238814761222,-4.135648970609344e-05,0.0010981135567933024,1.9632937316090697e-08,5.553431648646693e-08,2.0,4.788912804027904e-09,2.00000000002,2.00000000002,0.0034172381302288155,0.001913790645528934,0.0010289633827804659,0.0021684334292798617,0.0010024313494089113,1.4892054422673656e-06,1.6342557814959989e-09,482.9149609981978,562.1450869936962,0.002149884750278116,-0.00012161131297754775,0.001017858733521848,5.484521675158437e-08,-2.806803779987685e-06,0.0011366632427194082,4.9705710803736126e-08,2.2374517188245037e-08,0.0020197072746241246,0.0031591773231848495,28.004836642622358,27.79905176654652,0.8141265074908735,0.0035635808828778357,0.014939224263344325,1.0,-1.2695932184815476e-06,2.9772970422562995e-05,99.0,2.0,7.288275620779292e-10,8.01014392187587e-10,3.104256364104454e-05,20,20,NanoSR (NTIRE 2025) + TwinAudit gaze (ours),NATURAL VIDEO WITH SIMULATED SENSING
REDS_train,clean,256,448,4,64,bicubic,neural_native,NanoSR2025_patch,0.09821428571428571,0.001039217457589008,1.1941257167035527e-05,0.0010511587147560434,0.0,3.5240280351894317e-09,3.35526391196902e-09,,2.5,0.06287607423658673,141.8722523999022,0.0,1.0,0.023007182430325027,1.0,1.0,,27.999999999999993,1.4804203044668887e-09,100.0,9.91678122650212e-10,0.7362740231663486,0.1496131074301044,0.11411286940354697,3.395871858174848e-05,0.0010731761761707563,8.177652222897414e-09,1.2336575619625572e-08,2.0,3.5240280351894317e-09,1.0,0.0,0.03571428571428571,0.002043807060315885,3.395871858174848e-05,0.0010731761761707563,-5.3417285785645197e-20,1.2336575619625572e-08,2.53234991253922e-09,363.53005794860655,431.1510392501805,0.0019968309410399003,-8.012129491639232e-05,0.0009590961626726156,5.0821381117247195e-08,1.1941257167035527e-05,0.0010511587147560434,3.35526391196902e-09,3.5240280351894325e-09,0.002119959870668026,0.0031591773231848495,27.68839991865995,27.482060774834487,0.8062386678457261,0.003802302157534789,0.0,1.0,0.0,0.0,0.0,2.0,0.0,0.0,0.0,20,20,NanoSR (NTIRE 2025) + patch,NATURAL VIDEO WITH SIMULATED SENSING
REDS_train,clean,256,448,4,64,bicubic,neural_native,PEM_R6_fixed,0.09821428571428571,0.0003483914655645156,6.519778754199571e-06,0.0003549112443187152,0.0,2.4432105617460876e-09,2.3643418803229543e-09,,2.5,0.10263144569164058,149.2919317502674,0.0,1.0,0.034660996215449824,1.0,1.0,,1.556160035626525,2.6959362969643003e-09,100.0,2.198849422386197e-09,0.25647238846219916,0.7278711210271341,0.015656490510666705,-6.416726604722368e-06,0.00034197473895979325,1.1825830291004935e-08,1.1616270915920846e-08,2.0,2.4432105617460876e-09,1.9999999999998905,0.0,0.0017857142857142852,0.002640182351993353,0.00011870192115337103,0.00046709338671788663,0.0001373809811019369,2.5936740603292638e-08,2.44361139359891e-10,234.95641579956282,277.8153117479087,0.0031792843275525394,-7.234936408892059e-05,0.000276042101475595,1.372024699878365e-08,1.2944631087359398e-05,0.000361336096651875,1.2931305678104867e-08,1.5211177126452973e-08,0.0028107858558600977,0.0031591773231848495,26.529374019805744,26.345601889461772,0.7611327290840709,0.004873295950462215,0.0,1.0,0.0,0.0,0.0,2.0,0.0,0.0,0.0,20,20,"Joint gaze, fixed proxy (prior version)",NATURAL VIDEO WITH SIMULATED SENSING
REDS_train,clean,256,448,4,64,bicubic,neural_native,PEM_R9_TwinAudit,0.09821428571428571,0.0003159865919702549,4.823486848765387e-07,0.00031646894065513146,0.0,6.341565688477939e-10,3.5126078704356363e-10,0.019039918016956522,2.5,0.018678304798019418,268.85749079988454,0.0,1.0,0.007986868081940069,1.0,1.0,0.1519103838339393,3.4940989641521134,6.902080363681002e-10,100.0,5.878788786535065e-10,0.3065654202815518,0.6654449353120946,0.02798964440635355,-1.5802939426951846e-07,0.00031582856257598546,2.5144169920515363e-09,1.2638088890644513e-09,2.0,6.328707827045339e-10,2.00000000002,1.8790774700382624,0.0018376772771067508,0.002686448766013374,0.00036731372966556524,0.0006833003216358202,0.00035546060537593524,1.8759688481705239e-07,4.627769019428744e-11,354.52197484917997,414.9666582501959,0.003093121224685752,-6.999569637462203e-05,0.0002459908955956329,1.2973250321228042e-08,-5.595235751256784e-06,0.0003103913562189981,7.347319674868808e-09,4.526936792860944e-09,0.0028431907294543582,0.0031591773231848495,26.44132982238303,26.262175261831022,0.758540650613765,0.0049546482450600095,0.00733695099373066,1.0,-6.582151752021599e-07,6.09595789057979e-05,99.0,2.0,7.332218723500884e-11,5.8084663929891337e-11,6.161779408100005e-05,20,20,TwinAudit (ours),NATURAL VIDEO WITH SIMULATED SENSING
REDS_train,clean,256,448,4,64,bicubic,neural_native,PEM_uniform,0.09821428571428571,0.00023821810684865287,6.449053591524914e-06,0.0002446671604401778,0.0,5.069713807439956e-10,2.9810236858699017e-10,,2.5,0.04847500104140011,146.8503196497768,0.0,1.0,0.013508881593952356,1.0,1.0,,27.999999999999993,5.683250156582673e-10,100.0,4.631636821393764e-10,0.23572593355209687,0.7480751502339718,0.016198916213931304,1.5022360382392413e-05,0.00025324046723104526,2.8474098167847955e-09,2.637842645315527e-09,2.0,5.069713807439956e-10,1.0,0.0,0.03571428571428571,0.0028155229903449527,1.5022360382392413e-05,0.00025324046723104526,-1.2694337182072709e-20,2.637842645315527e-09,4.3807698604619155e-11,232.51480369907222,275.29676499158086,0.002569021303386821,-5.000232406888371e-05,0.00018821578277976916,5.737456132159573e-09,6.449053591524914e-06,0.0002446671604401778,2.9810236858699017e-10,5.069713807439956e-10,0.0029209592145759606,0.0031591773231848495,26.19992303887047,26.03389218347919,0.7559071596804474,0.005196252726827479,0.0,1.0,0.0,0.0,0.0,2.0,0.0,0.0,0.0,20,20,Uniform gaze,NATURAL VIDEO WITH SIMULATED SENSING
REDS_train,clean,256,448,4,64,bicubic,neural_native,SCMSR2025_memory,0.09821428571428571,0.0011047803445011248,1.526645489265228e-05,0.0011200467993937768,0.0,4.031348301906309e-09,3.39559510395868e-09,,2.5,0.07156028600472109,255.3503285497718,0.0,1.0,0.02498935728806668,1.0,1.0,,27.999999999999993,1.9410269716187563e-09,100.0,1.4395563577267756e-09,0.7096771236441011,0.18529560082605434,0.10502727552984462,3.6148411836782925e-05,0.0011409287563379077,9.267337278282685e-09,1.0653377644426583e-08,2.0,4.031348301906309e-09,1.0,1.0,0.03571428571428571,0.0019806639051794263,3.6148411836782925e-05,0.0011409287563379077,-5.298699304844001e-20,1.0653377644426583e-08,2.5917919441795333e-09,786.9799877491023,890.6182062513835,0.0018469271477194772,-0.000107961461239397,0.0009968188832617277,6.231099104935944e-08,1.526645489265228e-05,0.0011200467993937768,3.39559510395868e-09,4.03134830190631e-09,0.0020543969778882456,0.0031591773231848495,27.82776180930013,27.62984144343464,0.8128834067583084,0.0036923155630427923,0.011797375925619625,1.0,1.2932559636118254e-06,2.5675129416744174e-05,99.0,2.0,3.219052191404441e-10,3.3714500839901795e-10,2.4381873453132348e-05,20,20,SCMSR (NTIRE 2025) + patch + memory,NATURAL VIDEO WITH SIMULATED SENSING
REDS_train,clean,256,448,4,64,bicubic,neural_native,SCMSR2025_memory_R9,0.09821428571428571,0.0011238580263349138,1.2353654916517643e-05,0.0011362116812514314,0.0,4.034624805179159e-09,3.6818988024806236e-09,0.06746479204103867,2.5,0.06229603992457535,248.9691959000338,0.0,1.0,0.02815439225604573,1.0,1.0,0.11884636490518433,3.1580370807627762,3.4642729436312405e-09,100.0,2.4257737759431207e-09,0.6033856225682103,0.3019331008083834,0.09468127662340632,4.004761797368346e-06,0.0011278627881322822,1.9419277100129868e-08,3.617122066910565e-08,2.0,4.802118032512824e-09,2.00000000002,2.00000000002,0.003432427568425724,0.0019273241954670083,0.000995693065736462,0.002119551092071376,0.0009738631464916287,1.3866213801799736e-06,1.6088510292360382e-09,780.5988550993643,882.3352769975463,0.002194307969776591,-0.00010851909624828527,0.0010153389300866286,4.5974092535303006e-08,3.498212008710764e-05,0.0011588401464220214,4.0749514755480764e-08,2.211087220087669e-08,0.00203531929447945,0.0031591773231848495,27.976901060054626,27.77173759255809,0.8131398497819899,0.003588005366101711,0.015091614125368571,1.0,2.91740292311709e-06,3.390294914971617e-05,99.0,2.0,7.897980495983209e-10,4.3388694753829953e-10,3.0985546226599077e-05,20,20,SCMSR (NTIRE 2025) + TwinAudit gaze (ours),NATURAL VIDEO WITH SIMULATED SENSING
REDS_train,clean,256,448,4,64,bicubic,neural_native,SCMSR2025_patch,0.09821428571428571,0.001022667418833877,8.94498545217395e-06,0.0010316124042860507,0.0,3.370488609401222e-09,2.92923385822967e-09,,2.5,0.06105591551530448,141.16411345032975,0.0,1.0,0.022692379666810474,1.0,1.0,,27.999999999999993,1.2296726129918577e-09,100.0,9.90598101397036e-10,0.7813925695832556,0.11238198784442939,0.10622544257231496,3.162117019284617e-05,0.001054288589026723,7.880735868229933e-09,1.0681957631407918e-08,2.0,3.370488609401222e-09,1.0,0.0,0.03571428571428571,0.0020596825415059358,3.162117019284617e-05,0.001054288589026723,-4.675621868843738e-20,1.0681957631407918e-08,2.379890508004186e-09,672.7937726496602,767.1178655050608,0.002010982397415879,-6.565276192474079e-05,0.0009570146569091361,4.282690006595048e-08,8.94498545217395e-06,0.0010316124042860507,2.92923385822967e-09,3.370488609401223e-09,0.002136509908798871,0.0031591773231848495,27.66064540896351,27.45453028881123,0.8051187912225723,0.0038304688777986823,0.0,1.0,0.0,0.0,0.0,2.0,0.0,0.0,0.0,20,20,SCMSR (NTIRE 2025) + patch,NATURAL VIDEO WITH SIMULATED SENSING
REDS_train,clean,256,448,4,64,bicubic,neural_native,SPANF2025_memory,0.09821428571428571,0.0010372234342876914,1.9415072026049966e-05,0.0010566385063137413,0.0,3.2433943910662666e-09,2.8809384074462427e-09,,2.5,0.07061160449482122,260.3349134496384,0.0,1.0,0.024424032287387785,1.0,1.0,,27.999999999999993,2.537135083129135e-09,100.0,1.5165194791886611e-09,0.6434704043037546,0.25690073197060376,0.09962886372564164,4.027623114240669e-05,0.0010774996654300982,8.106629958294292e-09,1.0656637671649704e-08,2.0,3.2433943910662666e-09,1.0,1.0,0.03571428571428571,0.0020459554910712543,4.027623114240669e-05,0.0010774996654300982,-4.533659146883917e-20,1.0656637671649704e-08,1.7268749118776055e-09,386.98636649895343,448.38871274165285,0.001907947586408622,-7.953191400747009e-05,0.0009576915202802215,4.376250787644519e-08,1.941507202604997e-05,0.0010566385063137413,2.8809384074462427e-09,3.2433943910662675e-09,0.0021219538898121755,0.0031591773231848495,27.684031577777386,27.48920709841998,0.8090408774018287,0.0038078348131411893,0.011970007282544494,1.0,2.229965604842044e-06,2.7699282115065745e-05,99.0,2.0,3.426826058149919e-10,2.8377396953596486e-10,2.54693165102237e-05,20,20,SPAN-F (NTIRE 2025) + patch + memory,NATURAL VIDEO WITH SIMULATED SENSING
REDS_train,clean,256,448,4,64,bicubic,neural_native,SPANF2025_memory_R9,0.09821428571428571,0.0010594609174501535,1.5169536701229943e-05,0.0010746304541513834,0.0,3.5295274806983905e-09,4.529073886780169e-09,0.0644081712361769,2.5,0.05979013174027957,257.93011175023275,0.0,1.0,0.02729289425053606,1.0,1.0,0.11116329979285725,3.1108237582922884,3.603823248866692e-09,100.0,2.437023612104305e-09,0.5718519969554758,0.33638796293413986,0.09176004011038424,1.5042110337539508e-05,0.001074503027787693,1.7709515293945713e-08,2.4952290574881818e-08,2.0,4.136738701038286e-09,2.00000000002,2.00000000002,0.0032711557934365825,0.001987574480548574,0.0009154954549905104,0.001974956372440664,0.000890606164988628,1.1134280921616953e-06,1.0925038685940853e-09,384.5815647995478,443.75301699845295,0.00226130942372203,-8.891114197531126e-05,0.0009705497754748422,3.196967852487015e-08,2.9866024141106244e-05,0.0010893269415912597,3.605510991589693e-08,2.1055173844965622e-08,0.0020997164049022105,0.0031591773231848495,27.840680101891003,27.639148281717002,0.8094453316032887,0.0036947323196507183,0.01501305883787431,1.0,1.266648306333738e-07,3.287412690343296e-05,99.0,2.0,8.338508554326928e-10,3.620697277105149e-10,3.274746207279959e-05,20,20,SPAN-F (NTIRE 2025) + TwinAudit gaze (ours),NATURAL VIDEO WITH SIMULATED SENSING
REDS_train,clean,256,448,4,64,bicubic,neural_native,SPANF2025_patch,0.09821428571428571,0.0009501271994657005,1.3122607841816028e-05,0.0009632498073075165,0.0,2.609824583793485e-09,2.469004611392255e-09,,2.5,0.05945489066033603,143.9665546001197,0.0,1.0,0.021890216341715542,1.0,1.0,,27.999999999999993,1.779361258720833e-09,100.0,1.0711283315424189e-09,0.7232550946097005,0.15677796984624742,0.11996693554405213,3.4365708661419206e-05,0.0009844929081271197,6.641285968307213e-09,1.0598296834506053e-08,2.0,2.609824583793485e-09,1.0,0.0,0.03571428571428571,0.0021297300551968877,3.4365708661419206e-05,0.0009844929081271197,-4.158931771018615e-20,1.0598296834506053e-08,1.5386962522510665e-09,270.61800764943473,316.16276476182975,0.0020821760276441745,-4.1632916366920466e-05,0.00090849428309878,2.8852731435775274e-08,1.3122607841816025e-05,0.0009632498073075165,2.469004611392255e-09,2.609824583793486e-09,0.0022090501230695734,0.0031591773231848495,27.51173558445418,27.308650723240362,0.8009131115972996,0.0039539580644229475,0.0,1.0,0.0,0.0,0.0,2.0,0.0,0.0,0.0,20,20,SPAN-F (NTIRE 2025) + patch,NATURAL VIDEO WITH SIMULATED SENSING
REDS_train,nominal,256,448,4,64,area,certificate,PEM_R9_cert1.05,0.09821428571428571,0.00015218328533471274,-6.066561194089447e-07,0.0001515766292153038,0.0,6.655403805409444e-11,4.318172424610089e-11,0.005479346699976886,1.05,0.005479346699976887,393.8388764660728,0.0,1.0,0.0051957178335902245,1.0,1.0,0.0,5.14397575218185,5.625645503848009e-11,100.0,5.590356904873792e-11,0.9111111111111111,0.04444444444444444,0.04444444444444444,-3.2500898435534057e-06,0.00014893319549115933,1.025465042834974e-10,1.1645479428989466e-10,2.0,6.699441584578667e-11,1.8403073291727248,1.0616210853732386,0.0017857142857142859,0.0027443770294758424,0.0008833741653546288,0.0010355574506893416,0.0008937628729507078,1.0293596329958718e-06,1.0650469005356522e-11,512.0479967994228,600.6709490035428,0.002869720083087965,-1.094696552537112e-05,0.00014123631980934162,1.1798743073234536e-09,3.005414699673939e-05,0.00018223743233145216,7.099717600680108e-09,3.2315170657018955e-09,0.002870186419083565,0.003022369702909297,26.41546225918385,26.245227545770216,0.7591268119574149,0.005134209090633987,0.005132729132687715,1.0,-8.563703269844139e-07,3.697570344144553e-05,99.0,2.0,1.511621626987705e-11,1.942490820983765e-11,3.783207376842994e-05,15,15,"Ours, certificate kappa=1.05",NATURAL VIDEO WITH SIMULATED SENSING
REDS_train,nominal,256,448,4,64,area,certificate,PEM_R9_cert1.25,0.09821428571428571,0.00018875094231265033,-3.046278070685548e-07,0.00018844631450558178,0.0,1.2702509867216216e-10,1.365937840002281e-10,0.00724102327636962,1.25,0.007225044051115496,400.5533571339135,0.0,1.0,0.005448953245357214,1.0,1.0,0.16680492118838755,6.732138462815657,1.1455967603949017e-10,100.0,1.1298099945811749e-10,0.7352963120744117,0.2195374271043757,0.04516626082121265,5.032090166996621e-06,0.00019378303247964693,2.789073251717152e-10,2.654117142168849e-10,2.0,1.2793125155612893e-10,2.00000000002,1.4586820274928727,0.0018256999992022707,0.002696414683529703,0.0007434876688920055,0.000932238611204656,0.0007104248021638537,6.960257774020335e-07,1.4044099214044661e-11,520.9664531343539,615.9402250040633,0.0030221768390506437,-1.7729136475248744e-05,0.00017102180583740157,1.6281373748840925e-09,-1.2866053131634736e-05,0.00017588488918101559,1.5067794873292278e-09,2.985250205169564e-09,0.0028336187621056273,0.003022369702909297,26.505147034810346,26.33066742039421,0.7621281251468461,0.00504829196962501,0.005320795609209802,1.0,1.0249105723319039e-06,4.6160241046426646e-05,99.0,2.0,2.5359249774389144e-11,3.261423515718058e-11,4.5135330474094746e-05,15,15,"Ours, certificate kappa=1.25",NATURAL VIDEO WITH SIMULATED SENSING
REDS_train,nominal,256,448,4,64,area,certificate,PEM_R9_cert1.5,0.09821428571428571,0.0002028972329456154,-5.566076878955772e-06,0.00019733115606665965,0.0,1.8970954788818005e-10,3.405114010710687e-10,0.009445043729563675,1.5,0.009391580859553847,398.28565553292475,0.0,1.0,0.005823592886814563,1.0,1.0,0.16515237323039197,6.12784605994007,1.809367060483808e-10,100.0,1.7172632452435244e-10,0.5010966919600696,0.45445886359548593,0.044444444444444446,-4.620749676831714e-06,0.00019827648326878368,5.056530779487965e-10,5.968515634479978e-10,2.0,1.9140780674687164e-10,2.00000000002,1.5368250286352187,0.0018236944582372832,0.002674155242428455,0.0005265575766369761,0.0007294548095825914,0.0005313874234402066,3.7039024349359104e-07,1.7983223363827594e-11,518.1061491325187,614.1741833257644,0.00306190360280027,-1.6165150895660237e-05,0.00018673208204995516,1.9465926362227353e-09,9.593308687915039e-06,0.00021249054163353045,2.6467152596165213e-09,3.0876702277053587e-09,0.0028194724714726625,0.003022369702909297,26.554022787765845,26.378114686837723,0.7634742007465641,0.005013354063218695,0.005615078754570078,1.0,9.237450265278804e-07,4.8244904758033515e-05,99.0,2.0,3.611241943127682e-11,4.985792147959569e-11,4.7321159731505634e-05,15,15,"Ours, certificate kappa=1.5",NATURAL VIDEO WITH SIMULATED SENSING
REDS_train,nominal,256,448,4,64,area,certificate,PEM_R9_cert2,0.09821428571428571,0.00022074232533800438,-1.1599200602124073e-06,0.00021958240527779197,0.0,3.117993999400621e-10,1.3989493187246092e-10,0.013252569324613158,2.0,0.013041072156374177,390.40349653250695,0.0,1.0,0.006612119053552847,1.0,1.0,0.1755856957328934,4.558317343564996,3.085122983116493e-10,100.0,2.868893878445563e-10,0.46749781546246544,0.48805774009309016,0.04444444444444444,2.6517673253485885e-06,0.00022339409266335298,9.834187778142675e-10,4.131650195880244e-10,2.0,3.1434204466919913e-10,2.00000000002,1.7645534556140883,0.001955914484546227,0.002655348133729743,0.0003679263437959725,0.0005886686691339768,0.000364111507833616,1.7527174126836637e-07,2.4910012095505787e-11,508.8145881339054,593.5476779968789,0.003090621810709982,-2.26105305178071e-05,0.00019813179482019728,2.3985540836601e-09,2.193424770777862e-05,0.000242676573045783,5.4040099399922576e-09,2.939958311190789e-09,0.002801627379080274,0.003022369702909297,26.586246390092715,26.40887545508649,0.764869026795514,0.004977897172236445,0.006269007716677375,1.0,3.7652966676692167e-06,5.4370207745577525e-05,99.0,2.0,4.852232002004261e-11,8.608753677442347e-11,5.0604911077908306e-05,15,15,"Ours, certificate kappa=2",NATURAL VIDEO WITH SIMULATED SENSING
REDS_train,nominal,256,448,4,64,area,certificate,PEM_R9_cert4,0.09821428571428571,0.0002316827492738166,4.807337304281246e-06,0.00023649008657809786,0.0,6.735532372667797e-10,1.0800138076513541e-09,0.02817154100890457,4.0,0.026142108846058436,394.28836806692806,0.0,1.0,0.010028680999319245,1.0,1.0,0.1955984862540407,2.718303206040952,6.870292940420739e-10,100.0,6.19367548274359e-10,0.48066124246499786,0.46958945473643127,0.04974930279857089,2.1793450994057027e-05,0.0002534762002678736,2.4809147997712206e-09,5.01689632721881e-09,2.0,6.805855712395542e-10,2.00000000002,1.9901433894821874,0.0021264162171700293,0.0026396330716496183,0.00019038224304339165,0.00042206499231720827,0.00015693331966178768,5.193786867346477e-08,5.418568899242074e-11,513.5822293333089,600.9063283363745,0.0030849401378838025,-2.1616816101037583e-05,0.00021006593317277904,2.458211002230173e-09,2.675749428634204e-05,0.00025844024356015867,5.276680967331329e-09,2.857070349980749e-09,0.002790686955144462,0.003022369702909297,26.619341074045394,26.439906086731654,0.766010623577369,0.004945172440956579,0.009280928768441677,1.0,5.416012663861369e-06,5.940062535189382e-05,99.0,2.0,8.467305624119678e-11,1.0913180589442059e-10,5.3984612688032447e-05,15,15,"Ours, certificate kappa=4",NATURAL VIDEO WITH SIMULATED SENSING
REDS_train,nominal,256,448,4,64,area,kappa,PEM_R9_k1,0.09821428571428571,0.0001610174511034746,1.1054000294142646e-06,0.00016212285113288886,0.0,1.6366214586565376e-10,1.5854403524468133e-10,0.014162140580108144,2.5,0.0117181277737904,397.7979627998623,0.0,1.0,0.0060122478633207145,1.0,1.0,0.9757358650392978,18.31833535446843,1.6102545633149465e-10,100.0,1.5363186959649837e-10,0.5759320908497518,0.401845686928026,0.02222222222222223,-3.3923300219141333e-06,0.00015762512108156046,5.108147334563815e-10,4.1658122950996236e-10,1.0,1.6528427818555884e-10,1.00000000001,1.1519157987304136,0.015727736401966074,0.002753076625736174,0.00023072979340583918,0.00039174724450931374,0.00023930070744421287,6.766632071735512e-08,1.0030276269155357e-11,515.6510387342811,602.2525750069568,0.0025963124497768706,-1.1777691682520432e-05,0.00014923975942095417,8.360716397179003e-10,3.6178242990623273e-06,0.00016463527540253693,3.2302845659247014e-10,2.4034783307965924e-10,0.0028613522533148033,0.003022369702909297,26.39212988828195,26.21984955758925,0.7608794966636586,0.005158342471720762,0.005813336605213786,1.0,7.256463610543756e-07,3.7042292157533675e-05,99.0,2.0,3.864501754701774e-11,8.514097002150104e-11,3.6316645796479304e-05,15,15,"Ours, kappa=1",NATURAL VIDEO WITH SIMULATED SENSING
REDS_train,nominal,256,448,4,64,area,kappa,PEM_R9_k2,0.09821428571428571,0.00022433350975229168,7.667157327868376e-06,0.00023200066708016007,0.0,3.9594859222838284e-10,4.4879830551615997e-10,0.01710519124766485,2.5,0.016735862187418727,394.0240902668641,0.0,1.0,0.007478955571288478,1.0,1.0,0.15899055724626143,3.5145391658151808,3.952902702728112e-10,100.0,3.6579832784053714e-10,0.4388237013546062,0.5369308709728565,0.024245427672537328,-3.6134105134962295e-06,0.00022072009923879545,1.3903305426809896e-09,1.0826561079642588e-09,2.0,3.9961442273515595e-10,2.00000000002,1.9362319641007353,0.0018536698911887888,0.002647219445679183,0.000268940121060713,0.0004932736308130046,0.0002755471089686997,8.84505839496672e-08,3.0150264387845736e-11,512.2567158007296,599.1861103381962,0.0031045048788121,-1.7681157277740726e-05,0.00020665235247455097,2.3693548336035272e-09,2.1608696638270288e-05,0.00024594220639056195,3.230732949985626e-09,2.999704338561516e-09,0.0027980361946659867,0.003022369702909297,26.60461001345997,26.421890501645382,0.7651162908605008,0.004959250179669805,0.00702211806184599,1.0,1.6949335968835915e-06,5.37300135659216e-05,99.0,2.0,5.485528087143722e-11,4.956680808901551e-11,5.203507996903801e-05,15,15,"Ours, kappa=2",NATURAL VIDEO WITH SIMULATED SENSING
REDS_train,nominal,256,448,4,64,area,kappa,PEM_R9_k4,0.09821428571428571,0.00023522451020236904,7.84844463228385e-06,0.00024307295483465288,0.0,4.906093791189242e-10,7.235843772610264e-10,0.017969831991303666,2.5,0.017969831991303673,392.23481833321665,0.0,1.0,0.008067222173003078,1.0,1.0,0.015871634569231748,2.6687682178997965,5.057900840159997e-10,100.0,4.6296239152851755e-10,0.4818811165143977,0.49589666126338006,0.02222222222222223,1.3927575578461507e-06,0.00023661726776021518,1.6812896227357537e-09,2.2753681822457055e-09,4.0,4.937965336899414e-10,4.00000000004,1.920153295345318,0.0017857142857142859,0.0026316267275848654,0.0002775729657410331,0.0005127974759434022,0.00027963979489401783,9.843106905270978e-08,2.764698759040667e-11,511.78978939944255,598.3070533179367,0.003189691886251925,-2.1298321838879106e-05,0.00021392618836348992,2.4872020865337657e-09,-1.2802279484239871e-05,0.00022242223071812915,4.701694592621479e-09,6.471985288607983e-09,0.0027871451942159094,0.003022369702909297,26.633042860459934,26.45327608218386,0.7661143122824025,0.0049340087206230536,0.007314520740124953,1.0,1.2488678811544095e-06,5.4729642540422043e-05,99.0,2.0,6.375970627863824e-11,4.4770338148428706e-11,5.348077465926764e-05,15,15,"Ours, kappa=4",NATURAL VIDEO WITH SIMULATED SENSING
REDS_train,nominal,256,448,4,64,area,kappa,PEM_R9_k8,0.09821428571428571,0.00023578282763897154,1.0377735647395176e-05,0.0002461605632863667,0.0,4.861797936693742e-10,5.092563392035357e-10,0.01809949915346607,2.5,0.018099499153466075,402.85220313464134,0.0,1.0,0.008124704315935222,1.0,1.0,0.003815492489062865,2.6118697269033784,5.031397646794824e-10,100.0,4.588270406503807e-10,0.4507310292408925,0.5270467485368853,0.02222222222222223,6.757631350702017e-06,0.00024254045898967354,1.696883905512449e-09,5.652760134171774e-10,8.0,4.896713703297135e-10,7.716579748306689,1.9298568249706844,0.0017857142857142859,0.0026295588729321113,0.00030458865372790347,0.000540371481366875,0.0002798403748333241,1.1175208550557714e-07,2.7352753018993486e-11,521.4375041349558,617.7150693254467,0.0032500443079317835,-1.9980194210068087e-05,0.00021580263342890345,2.4104184384345815e-09,2.561051083659043e-06,0.0002383438787226306,5.302175654757526e-09,6.817429664485824e-09,0.0027865868767793065,0.003022369702909297,26.639558247462762,26.458956866444794,0.7662198800957112,0.004929355312901769,0.007337987911064208,1.0,1.4396566459261008e-06,5.540491992556576e-05,99.0,2.0,6.373919077323068e-11,6.767415029160526e-11,5.3965263279639656e-05,15,15,"Ours, kappa=8",NATURAL VIDEO WITH SIMULATED SENSING
REDS_train,nominal,256,448,4,64,area,neural_sensor,BasicVSRpp2022_causal_memory,0.09821428571428571,-0.0019284952672146104,-3.2964722326872095e-05,-0.0019614599895414826,0.0,1.0331326773559473e-07,1.5072398789335858e-07,,2.5,0.19012890225888318,253.2807276007661,0.0,1.0,0.07160247537381371,1.0,1.0,,27.999999999999993,7.767617432489766e-07,100.0,9.54278726535559e-08,6.881069788041334e-18,0.02711336195597091,0.9728866380440291,-3.868145729319827e-05,-0.0019671767245078085,9.546009939504907e-08,1.402341438679137e-07,2.0,1.0331326773559473e-07,1.0,1.0,0.03571428571428571,0.004958473540547857,-3.868145729319827e-05,-0.0019671767245078085,8.866694569743714e-20,1.402341438679137e-07,7.88539508203882e-09,14948.733120100806,16577.34638125272,0.005069624078639364,0.0036349272715374657,0.001706432004322855,1.681483871049404e-05,-3.296472232687204e-05,-0.0019614599895414826,1.5072398789335858e-07,1.0331326773559471e-07,0.005139817441988271,0.003211322174945962,23.97145065469393,23.742281696773116,0.7304904056787491,0.009164742556407358,0.020358350134279814,1.0,-6.683378333640023e-06,6.199353833624662e-05,99.0,2.0,1.2635627693356723e-09,4.865122693108468e-09,6.867691666988665e-05,20,20,BasicVSR++ causal (CVPR 2022) + patch + memory,NATURAL VIDEO WITH SIMULATED SENSING
REDS_train,nominal,256,448,4,64,area,neural_sensor,BasicVSRpp2022_causal_memory_R9,0.09821428571428571,-0.0017524200216270246,-0.00014666021494078754,-0.001899080236567812,0.0,1.579308544680215e-07,1.4171535901864304e-07,0.20773250701585616,2.5,0.17453081008954924,253.93103954996332,0.0,1.0,0.07311390572323435,1.0,1.0,0.22356316135171433,3.9027040258503876,1.0353304900611398e-06,100.0,1.0191516583565957e-07,0.0,0.0,1.0,-0.00014202608772588508,-0.0018944461093529097,1.0191516583565954e-07,1.1490797604793721e-07,2.0,1.6519944698851696e-07,2.00000000002,2.00000000002,0.004829921293136703,0.004672836718775215,-0.0014597894667880596,-0.003212209488415084,-0.0015125324226008406,3.5803239669307716e-06,5.6015688632361946e-08,14949.383432050003,16586.050338001805,0.0057000374702961334,0.0032857419971294107,0.0015333219755023862,1.4047089825666646e-05,-0.00015816694455801357,-0.0019105869661850382,1.1615476009865612e-07,1.1740362086743671e-07,0.004963742179821566,0.003211322174945962,24.24488214745913,24.007597374488935,0.7348185468316079,0.00866790035820532,0.03838942801468954,1.0,-2.9659263884234803e-06,0.00011394722988929441,99.0,2.0,2.5709110530212665e-09,1.200511961120514e-09,0.0001169131562777179,20,20,BasicVSR++ causal (CVPR 2022) + TwinAudit gaze (ours),NATURAL VIDEO WITH SIMULATED SENSING
REDS_train,nominal,256,448,4,64,area,neural_sensor,BasicVSRpp2022_causal_patch,0.09821428571428571,-0.0021764433324444514,-3.2672913628336534e-05,-0.0022091162460727877,0.0,1.1537292821216757e-07,1.2824719691720134e-07,,2.5,0.19414407603983813,141.06838540028548,0.0,1.0,0.07333916572333059,1.0,1.0,,27.999999999999993,8.648776622748494e-07,100.0,1.0567465056070608e-07,0.0,0.0,1.0,-3.7964709221766694e-05,-0.0022144080416662175,1.0567465056070608e-07,1.229504351518953e-07,2.0,1.1537292821216757e-07,1.0,0.0,0.03571428571428571,0.005197595508798258,-3.7964709221766694e-05,-0.0022144080416662175,1.0663784816929058e-19,1.229504351518953e-07,9.698277651461476e-09,14836.520777900325,16466.82396951219,0.005509300205190039,0.003846035499394653,0.0016695921669502018,1.9207747527809995e-05,-3.2672913628336554e-05,-0.0022091162460727877,1.2824719691720128e-07,1.1537292821216757e-07,0.005387765507719451,0.003211322174945962,23.80460972473029,23.558791712314004,0.728988011598587,0.009580668063676738,0.0,1.0,0.0,0.0,0.0,2.0,0.0,0.0,0.0,20,20,BasicVSR++ causal (CVPR 2022) + patch,NATURAL VIDEO WITH SIMULATED SENSING
REDS_train,nominal,256,448,4,64,area,neural_sensor,BasicVSRpp2022_offline_patch,0.09821428571428571,-0.005741379040407687,-0.00011542521432283999,-0.005856804254730527,0.0,3.5252306191058204e-07,3.865847136454311e-07,,2.5,0.2314539188309564,139.963538050215,0.0,1.0,0.09859430209540129,1.0,1.0,,27.999999999999993,2.294595774704574e-06,100.0,3.36271214627198e-07,0.0,0.0,1.0,-0.0001197055917560262,-0.005861084632163714,3.36271214627198e-07,3.743281859647836e-07,2.0,3.5252306191058204e-07,1.0,0.0,0.03571428571428571,0.008632278388366103,-0.0001197055917560262,-0.005861084632163714,3.0508051529379125e-19,3.743281859647836e-07,1.625184728338412e-08,2512.363149150915,2554.2198919949587,0.00908952603506373,0.007482326938019204,0.0017409478976115177,7.212190467945336e-05,-0.00011542521432284013,-0.005856804254730527,3.8658471364543133e-07,3.5252306191058204e-07,0.008952701218171568,0.003211322174945962,21.67463332584132,21.412015807148684,0.6695573436021804,0.01522222096885371,0.0,1.0,0.0,0.0,0.0,2.0,0.0,0.0,0.0,20,20,"BasicVSR++ offline, non-causal (CVPR 2022) + patch",NATURAL VIDEO WITH SIMULATED SENSING
REDS_train,nominal,256,448,4,64,area,neural_sensor,NanoSR2025_memory,0.09821428571428571,0.000360951346658466,-6.622328890387651e-06,0.00035432901776807837,0.0,5.9214059945678736e-09,1.4836212211964131e-08,,2.5,0.08696429912982345,249.8817896003602,0.0,1.0,0.03027478573104401,1.0,1.0,,27.999999999999993,2.2713300263032443e-08,100.0,4.119799957538709e-09,0.10747300777810646,0.17868170823000049,0.7138452839918931,-1.826645339843808e-05,0.0003426848932600279,5.186107859917425e-09,9.634868332396784e-09,2.0,5.9214059945678736e-09,1.0,1.0,0.03571428571428571,0.002751544721380924,-1.826645339843808e-05,0.0003426848932600279,-2.028120634218548e-20,9.634868332396784e-09,1.8016060370291652e-09,461.58421180109144,536.5147862573212,0.002725456636960529,0.0008293122400208665,0.0011902635866793325,7.612790209855159e-07,-6.622328890387656e-06,0.00035432901776807837,1.483621221196413e-08,5.9214059945678736e-09,0.0028503708288262716,0.003211322174945962,26.297168723970202,26.13859869648209,0.7794721005260945,0.005075638377464275,0.014423100146153075,1.0,-1.8434188661445894e-06,1.1763834525703877e-05,99.0,2.0,1.2080141300759739e-09,5.672830019306277e-09,1.3607253391848467e-05,20,20,NanoSR (NTIRE 2025) + patch + memory,NATURAL VIDEO WITH SIMULATED SENSING
REDS_train,nominal,256,448,4,64,area,neural_sensor,NanoSR2025_memory_R9,0.09821428571428571,0.00037224964374877576,-1.098459896471642e-05,0.0003612650447840593,0.0,1.1814542309153986e-08,6.142900271218001e-09,0.08438912789437235,2.5,0.07582636096340195,247.6174090509012,0.0,1.0,0.033367503633293966,1.0,1.0,0.15285786978656704,3.35275899654429,3.394805676916104e-08,100.0,6.248038962167633e-09,0.13004917080750614,0.13108727366231865,0.7388635555301752,8.668890074606632e-07,0.0003731165327562364,8.856968251498658e-09,1.0949463003995828e-08,2.0,1.4866571027123466e-08,2.00000000002,2.00000000002,0.004121825245281247,0.0026825268077809595,0.00031197373014004397,0.0006842233738888197,0.00032821348954223276,2.5408363974230476e-07,5.566503346986352e-09,459.3198312516324,538.5898152425943,0.003267542254461935,0.0006525693841716167,0.0010248190279203925,4.904735202366577e-07,9.871241993156427e-06,0.00038212088574193217,2.000954769945997e-08,1.7364792429855963e-08,0.0028390725282588392,0.003211322174945962,26.422712858425534,26.258612754339868,0.7806188346743583,0.004953228192247516,0.020323141716586224,1.0,8.715963298097521e-06,2.692766788940884e-05,99.0,2.0,2.479176180617346e-09,1.96170266174455e-09,1.821170459131132e-05,20,20,NanoSR (NTIRE 2025) + TwinAudit gaze (ours),NATURAL VIDEO WITH SIMULATED SENSING
REDS_train,nominal,256,448,4,64,area,neural_sensor,NanoSR2025_patch,0.09821428571428571,0.0003270939742299054,-9.91798151181878e-07,0.00032610217607872353,0.0,5.516092612556717e-09,7.91050360098446e-09,,2.5,0.0812774648273681,139.49665175043629,0.0,1.0,0.028862066388834217,1.0,1.0,,27.999999999999993,2.1541496932776594e-08,100.0,3.3765059909231597e-09,0.12127926967845855,0.09451565943842741,0.7842050708831141,-1.1829263036787014e-05,0.0003152647111931184,4.277224942905217e-09,5.563375216872668e-09,2.0,5.516092612556717e-09,1.0,0.0,0.03571428571428571,0.002784420159430738,-1.1829263036787014e-05,0.0003152647111931184,-1.8045381814207725e-20,5.563375216872668e-09,2.1395866216335575e-09,351.1990739511675,415.98298873679596,0.002788858943794633,0.0008202314575549367,0.001147325431784842,7.573230155847061e-07,-9.917981511818795e-07,0.00032610217607872353,7.910503600984459e-09,5.516092612556717e-09,0.0028842281992510835,0.003211322174945962,26.254481713865516,26.08733763734192,0.776648906648159,0.0051290375714847635,0.0,1.0,0.0,0.0,0.0,2.0,0.0,0.0,0.0,20,20,NanoSR (NTIRE 2025) + patch,NATURAL VIDEO WITH SIMULATED SENSING
REDS_train,nominal,256,448,4,64,area,neural_sensor,PEM_R6_fixed,0.09821428571428571,0.0002917684531920826,1.0903567433521833e-05,0.0003026720206256044,0.0,2.5460508548086707e-09,1.666254677534694e-09,,2.5,0.10323115117817738,147.09255244891392,0.0,1.0,0.033663753882056724,1.0,1.0,,1.5742347237709922,2.226375584718529e-09,100.0,2.0621840456306563e-09,0.5119726723095371,0.4631049448851221,0.024922382805340808,1.8906940796034038e-06,0.000293659147271686,9.750001360316409e-09,1.0649251675229662e-08,2.0,2.5460508548086707e-09,1.9999999999998956,0.0,0.0017857142857142852,0.002744658702620196,7.877813028540143e-05,0.00037054658347748397,8.069317186243922e-05,1.541949738977556e-08,4.838668091780142e-10,225.82491679955274,268.1598187489726,0.0034109121888812625,-2.312428026082435e-05,0.0002686441729312582,3.78604241120015e-09,-5.28364080597516e-07,0.000291240089111485,1.0044856956774528e-08,1.3725452915350215e-08,0.0029195537190987064,0.003211322174945962,26.31426901958003,26.15383442295721,0.7582866135489731,0.00507144277103638,0.0,1.0,0.0,0.0,0.0,2.0,0.0,0.0,0.0,20,20,"Joint gaze, fixed proxy (prior version)",NATURAL VIDEO WITH SIMULATED SENSING
REDS_train,nominal,256,448,4,64,area,neural_sensor,PEM_R9_TwinAudit,0.09821428571428571,0.0002564905258091822,1.0117189470941264e-05,0.0002666077152801235,0.0,5.904972714464271e-10,4.35281249684116e-10,0.0187623320083024,2.5,0.018325519641210646,263.36773789985455,0.0,1.0,0.007826107724379455,1.0,1.0,0.16321840418579953,3.5638368210082434,5.532373622295934e-10,100.0,5.223268572051276e-10,0.47710109718279126,0.5047148320628058,0.018184070754402995,1.404450342000099e-06,0.00025789497615118234,1.8982317501168774e-09,1.0429486714474896e-09,2.0,6.002752079391123e-10,2.00000000002,1.8904333906200823,0.001837563562757423,0.0027966285783371523,0.0002964761819574928,0.000552966707766675,0.0002990303191430601,1.0839112000582158e-07,6.81704142412994e-11,342.10010225049336,400.89326475484995,0.0032729996596113664,-2.6414095830776008e-05,0.0002300764299784062,3.1925842467140245e-09,2.9659299533598434e-05,0.00028614982534278064,4.294171686144166e-09,3.7502712734533895e-09,0.0029548316464816067,0.003211322174945962,26.230410311166942,26.06957928692659,0.7555868242177861,0.005161979173604171,0.007298366360964944,1.0,2.4426280779503212e-06,6.002081992915909e-05,99.0,2.0,7.676309049993547e-11,4.907993669851045e-11,5.757819185120876e-05,20,20,TwinAudit (ours),NATURAL VIDEO WITH SIMULATED SENSING
REDS_train,nominal,256,448,4,64,area,neural_sensor,PEM_uniform,0.09821428571428571,0.00019458195543003987,3.096237154038886e-06,0.00019767819258407872,0.0,5.672046484777055e-10,3.6562210647699736e-10,,2.5,0.05149712198913549,143.90483885008143,0.0,1.0,0.01347461821243846,1.0,1.0,,27.999999999999993,4.997637092342093e-10,100.0,4.716703147960749e-10,0.5471451359760469,0.43866435199802317,0.014190512025929988,-5.259618647234467e-06,0.00018932233678280538,2.3152690016719364e-09,1.4910630092100905e-09,2.0,5.672046484777055e-10,1.0,0.0,0.03571428571428571,0.0029124410210840646,-5.259618647234467e-06,0.00018932233678280538,-9.620262954538398e-21,1.4910630092100905e-09,9.553433368163054e-11,222.63720320072025,264.41562200154294,0.002706170019967838,-1.0693418962680486e-05,0.00018388853646735938,1.060610684630956e-09,3.096237154038887e-06,0.00019767819258407877,3.6562210647699736e-10,5.672046484777055e-10,0.0030167402168607494,0.003211322174945962,26.02549730790451,25.877713104180692,0.7530118751346333,0.0053794499017961895,0.0,1.0,0.0,0.0,0.0,2.0,0.0,0.0,0.0,20,20,Uniform gaze,NATURAL VIDEO WITH SIMULATED SENSING
REDS_train,nominal,256,448,4,64,area,neural_sensor,SCMSR2025_memory,0.09821428571428571,4.932514547952375e-05,-3.3379650524606236e-06,4.598718042706313e-05,0.0,8.46725929072432e-09,1.9912996589136945e-08,,2.5,0.09245268216773547,251.98729339902638,0.0,1.0,0.03329666297593895,1.0,1.0,,27.999999999999993,4.495437869238267e-08,100.0,5.5692507180994155e-09,0.030024095382454437,0.10560314529332926,0.8643727593242163,-1.1036521863358724e-05,3.8288623616165025e-05,5.82949091293431e-09,1.1957180582248622e-08,2.0,8.46725929072432e-09,1.0,1.0,0.03571428571428571,0.003052301287698356,-1.1036521863358724e-05,3.8288623616165025e-05,-1.6131477782662134e-21,1.1957180582248622e-08,2.898008572624905e-09,767.2455298989371,863.4190922563721,0.0030343785898569167,0.0012657814915510049,0.0013151066370305285,1.7950055887205088e-06,-3.3379650524606207e-06,4.5987180427063134e-05,1.9912996589136945e-08,8.46725929072432e-09,0.003161997027826146,0.003211322174945962,25.846928303495087,25.685878824953182,0.7727969771325588,0.0055905195608067166,0.0148536735230218,1.0,-8.872344393791668e-07,1.4587865196482612e-05,99.0,2.0,1.3837528493231284e-09,5.526813117939138e-09,1.547509963586178e-05,20,20,SCMSR (NTIRE 2025) + patch + memory,NATURAL VIDEO WITH SIMULATED SENSING
REDS_train,nominal,256,448,4,64,area,neural_sensor,SCMSR2025_memory_R9,0.09821428571428571,6.462347793715952e-05,-6.04345691344503e-05,4.188908802709205e-06,0.0,1.9724615427579422e-08,1.9888674730464795e-08,0.09384304011743637,2.5,0.08286443923177612,256.59861180061125,0.0,1.0,0.035951177790285796,1.0,1.0,0.1736889093038086,3.492414219591461,7.361068151195517e-08,100.0,8.169261551181714e-09,0.045809753160186276,0.045925564989766327,0.9082646818500475,-2.6797217767769476e-05,3.782626016939003e-05,8.628126350098705e-09,4.432298444282737e-09,2.0,2.505331911612083e-08,2.00000000002,2.00000000002,0.004556218886107988,0.002965995840197138,2.405992257376409e-05,8.868340051092361e-05,4.473552225100413e-05,1.0717529923818533e-07,1.1555353876397707e-08,771.856848300522,873.5121505054121,0.003686747582980039,0.0010433162930242742,0.0011079397709614336,1.2317967577762934e-06,-5.2913517932319726e-05,1.170996000483978e-05,1.3915612253598907e-08,1.8769810891304727e-08,0.003146698692100472,0.003211322174945962,25.986398261366173,25.818119285016486,0.7740972030758858,0.005442506870762869,0.021713581108179295,1.0,9.738193475260028e-06,3.1302664235731034e-05,99.0,2.0,3.1174136302422818e-09,1.3806385746505795e-09,2.1564470760471003e-05,20,20,SCMSR (NTIRE 2025) + TwinAudit gaze (ours),NATURAL VIDEO WITH SIMULATED SENSING
REDS_train,nominal,256,448,4,64,area,neural_sensor,SCMSR2025_patch,0.09821428571428571,6.443139125088533e-06,4.635032200450861e-06,1.1078171325539398e-05,0.0,8.365870815319294e-09,1.2765781815976692e-08,,2.5,0.08906979730206029,138.0407085500192,0.0,1.0,0.03215030414917943,1.0,1.0,,27.999999999999993,4.449126634151362e-08,100.0,4.690870123226326e-09,0.033175075145841754,0.027983863103816613,0.9388410617503415,-3.470234791992376e-06,2.9729043330961635e-06,4.883034711070583e-09,7.465366998819175e-09,2.0,8.365870815319294e-09,1.0,0.0,0.03571428571428571,0.003093918267346453,-3.470234791992376e-06,2.9729043330961635e-06,-8.192396786725183e-23,7.465366998819175e-09,3.675000692092968e-09,653.2989450499299,745.8256612517289,0.003114186809014225,0.0012780945713168157,0.0012845377104419042,1.8681443779607008e-06,4.635032200450863e-06,1.1078171325539401e-05,1.2765781815976689e-08,8.365870815319294e-09,0.003204879030879965,0.003211322174945962,25.796690467099047,25.62763791678746,0.7698565134704113,0.005656279989808823,0.0,1.0,0.0,0.0,0.0,2.0,0.0,0.0,0.0,20,20,SCMSR (NTIRE 2025) + patch,NATURAL VIDEO WITH SIMULATED SENSING
REDS_train,nominal,256,448,4,64,area,neural_sensor,SPANF2025_memory,0.09821428571428571,0.00042579455207451995,-1.1243565531360838e-05,0.00041455098654315914,0.0,5.025951894652194e-09,1.2018384584294173e-08,,2.5,0.08075749897010781,246.7935373497894,0.0,1.0,0.02775754437352652,1.0,1.0,,27.999999999999993,1.4796270225284981e-08,100.0,3.5180178388385364e-09,0.14091129857239687,0.207719614074662,0.6513690873529411,-2.3575553748524357e-05,0.0004022189983259956,4.777227318096928e-09,7.26004989079148e-09,2.0,5.025951894652194e-09,1.0,1.0,0.03571428571428571,0.0026888314674688445,-2.3575553748524357e-05,0.0004022189983259956,-2.0874703468608605e-20,7.26004989079148e-09,1.5079340558136576e-09,365.00407394976355,423.7861339954543,0.0026600855400811087,0.0006771963070516231,0.001102990859126143,5.103629946513571e-07,-1.1243565531360843e-05,0.00041455098654315914,1.2018384584294175e-08,5.025951894652194e-09,0.002785527617055777,0.003211322174945962,26.41629631518551,26.255719704075933,0.7802119046151639,0.004962188956271733,0.014325555110288754,1.0,-2.0550031872136306e-06,1.1398510125481982e-05,99.0,2.0,1.183130521554807e-09,5.356775250378854e-09,1.345351331269561e-05,20,20,SPAN-F (NTIRE 2025) + patch + memory,NATURAL VIDEO WITH SIMULATED SENSING
REDS_train,nominal,256,448,4,64,area,neural_sensor,SPANF2025_memory_R9,0.09821428571428571,0.00042955164605148815,-9.699375002333019e-06,0.0004198522710491551,0.0,9.098652210332878e-09,5.162195239678297e-09,0.07599205084497714,2.5,0.06951141793489089,247.068956800882,0.0,1.0,0.030698400526538862,1.0,1.0,0.13810650543876474,3.2593397778609683,2.2826629212079045e-08,100.0,5.344099038194191e-09,0.14319470255308547,0.19717174439799587,0.6596335530489187,1.5104934543276903e-05,0.000444656580594765,8.49781169038316e-09,7.792885869521391e-09,2.0,1.1396983941678103e-08,2.00000000002,2.00000000002,0.0038859353478852116,0.0026274878546901164,0.00029116274127263407,0.0007207143873241221,0.0003262389627437085,1.7608518031585117e-07,3.754553172138687e-09,365.27949340085615,424.25326525612036,0.0032457209388299783,0.0005270591930529825,0.0009566108391044707,3.262980773702557e-07,2.9363193244737185e-05,0.00045891483929622534,2.183833834844008e-08,1.6892352146583303e-08,0.0027817705238121562,0.003211322174945962,26.53064795400927,26.363744971774935,0.7813259082436562,0.004852722755241863,0.01936120685615386,1.0,9.513341234692108e-06,2.6421414809603584e-05,99.0,2.0,2.467518155473561e-09,9.879809509326116e-10,1.6908073574911474e-05,20,20,SPAN-F (NTIRE 2025) + TwinAudit gaze (ours),NATURAL VIDEO WITH SIMULATED SENSING
REDS_train,nominal,256,448,4,64,area,neural_sensor,SPANF2025_patch,0.09821428571428571,0.00039513365377433235,-6.6198020534457005e-06,0.0003885138517208867,0.0,4.359272056150519e-09,4.889216937158486e-09,,2.5,0.07228647456073728,136.48212425029487,0.0,1.0,0.02574342186789192,1.0,1.0,,27.999999999999993,1.2547569503450742e-08,100.0,2.6966535825373497e-09,0.16568550113060812,0.1300423921377351,0.7042721067316567,-1.7093290413031866e-05,0.0003780403633613005,3.804280319386983e-09,3.4021125560615307e-09,2.0,4.359272056150519e-09,1.0,0.0,0.03571428571428571,0.0027186258683286725,-1.7093290413031866e-05,0.0003780403633613005,-1.9736463241066238e-20,3.4021125560615307e-09,1.6626184736131694e-09,254.69266085026902,297.7267612531432,0.0027197221822140333,0.0006527562473313344,0.0010478899011056668,4.817378376077924e-07,-6.619802053445703e-06,0.0003885138517208867,4.889216937158486e-09,4.359272056150519e-09,0.002816188520311698,0.003211322174945962,26.375986555927305,26.206839317556312,0.7770056143105031,0.00501432602453346,0.0,1.0,0.0,0.0,0.0,2.0,0.0,0.0,0.0,20,20,SPAN-F (NTIRE 2025) + patch,NATURAL VIDEO WITH SIMULATED SENSING
REDS_train,nominal,256,448,4,64,area,reds_train_detail,PEM_R6_fixed,0.09821428571428571,0.00028180930238476485,-2.320637294570613e-06,0.0002794886650901942,0.0,2.4919482328946036e-09,2.2934119603496433e-09,,2.5,0.10540928527723237,218.72726393362004,0.0,1.0,0.03357237738506009,1.0,1.0,,1.5568346319278878,2.205124334236855e-09,100.0,2.1043307070981246e-09,0.556785001107674,0.4249576756453701,0.018257323246955882,-1.69544681615396e-05,0.00026485483422322524,9.277778216244094e-09,9.125691850282661e-09,2.0,2.4919482328946036e-09,1.9999999999999067,0.0,0.0017857142857142852,0.003007344505568747,9.41321254831402e-05,0.0003759414278679051,9.879178846552896e-05,2.2046832840560452e-08,3.8761752579647876e-10,340.006536358657,409.7455704607516,0.0036224858586053938,-2.27022422334266e-05,0.00025910706015133824,3.730034054768352e-09,-3.236304379847621e-05,0.0002494462585862887,1.2971698328922387e-08,1.283020076374634e-08,0.00319088963921788,0.0034726989434875574,26.132007647691797,25.954676694519705,0.7439042086830027,0.005796250077997638,0.0,1.0,0.0,0.0,0.0,2.0,0.0,0.0,0.0,60,60,"Joint gaze, fixed proxy (prior version)",NATURAL VIDEO WITH SIMULATED SENSING
REDS_train,nominal,256,448,4,64,area,reds_train_detail,PEM_R8_certified,0.09821428571428571,0.00025419027065248036,1.0660798042822147e-06,0.0002552563504567626,0.0,7.094569541393874e-10,8.37456632801951e-10,0.019252339647257,2.5,0.019252339647257,400.9664585082016,0.0,1.0,0.008285967082765506,1.0,1.0,,3.5983595621285622,6.657610994467545e-10,100.0,6.430382900022372e-10,0.5717150484339324,0.41681535977039175,0.01146959179567584,1.4636934221603636e-06,0.00025565396407464076,2.1219500976226715e-09,2.739764274472525e-09,2.0,7.144259619669129e-10,1.9999999999999867,2.5845108595269233,0.001806098298564852,0.003049706208779282,0.00029557361616289825,0.0005497638868153786,0.0002909741938667262,1.0894131413141529e-07,6.641866413715008e-11,522.2457309332385,617.5837323765882,0.0035393511600259977,-2.8216139953787406e-05,0.00022597413069869299,3.3831061029159352e-09,-8.101264949689176e-06,0.00024608900570279117,3.3017778907111343e-09,3.6886645462082477e-09,0.0032185086709501645,0.0034726989434875574,26.06278460699372,25.88682328832601,0.7418011780242433,0.005878575626536579,0.007559126914631395,1.0,-6.984136533370222e-09,5.908779375128859e-05,99.0,2.0,1.1293517158270987e-10,9.857364659969059e-11,5.909477788782196e-05,60,60,Ours w/o write-audit constraint,NATURAL VIDEO WITH SIMULATED SENSING
REDS_train,nominal,256,448,4,64,area,reds_train_detail,PEM_R9_TwinAudit,0.09821428571428571,0.00025288305424591464,-9.970397282282208e-07,0.0002518860145176864,0.0,6.424919774911597e-10,5.747896089544879e-10,0.01913457094088444,2.5,0.018702209308301843,400.1757049080431,0.0,1.0,0.007792051931493662,1.0,1.0,0.17403098516696686,3.6389070237550034,5.952998033906829e-10,100.0,5.766566870205742e-10,0.5933843432481332,0.3893875410275145,0.017228115724352355,-2.9209849279566476e-06,0.000249962069317958,1.9378058720489416e-09,2.499006374452464e-09,2.0,6.467787177954273e-10,2.00000000002,1.8321585583946154,0.0018729911495189342,0.003053237956076472,0.00031240500121090077,0.0005652880554568154,0.0003087903434571889,1.2522142472316908e-07,6.583529047058557e-11,521.45497733308,613.2133071621744,0.003518672718054952,-2.9201647204643818e-05,0.00022368140704127085,3.4481646503101068e-09,-3.1515161756597943e-06,0.00024973153807025485,2.488921092637292e-09,3.598131492247687e-09,0.00321981588735673,0.0034726989434875574,26.055288296387065,25.87890582600404,0.7415448616426894,0.005883843932349586,0.007288624346050567,1.0,8.133450553353476e-07,6.010628821722839e-05,99.0,2.0,9.733657947418227e-11,8.906948243875067e-11,5.929294316189304e-05,60,60,TwinAudit (ours),NATURAL VIDEO WITH SIMULATED SENSING
REDS_train,nominal,256,448,4,64,area,reds_train_detail,PEM_R9_dual_fixed,0.09821428571428571,0.00025983477119678825,2.9232081636039297e-06,0.0002627579793603922,0.0,7.912515844981559e-10,1.0218330150385231e-09,0.019432687473138262,2.5,0.019426990437393835,398.3338074668524,0.0,1.0,0.008444788051881464,1.0,1.0,0.03911592128721749,2.803237881522734,7.374489121618286e-10,100.0,7.124312616885606e-10,0.5769914167624937,0.4075979198660434,0.015410663371463056,1.5912876649542962e-06,0.0002614260588617425,2.3213477873370826e-09,1.835152906423056e-09,2.0,7.912515844981559e-10,2.00000000002,1.9053201338538572,0.0017928610229949557,0.003039282488394944,0.00031937420729926156,0.0005792089784960497,0.00031418099520928104,1.2902238432659679e-07,7.88203228095953e-11,519.6130798918894,613.7040904159221,0.003620704896997865,-2.1687783611471515e-05,0.00023814698758531673,3.4044340085894766e-09,-5.9651057254594995e-06,0.00025386966547132875,6.496982323607011e-09,8.079145047028114e-09,0.0032128641704058567,0.0034726989434875574,26.077803188278274,25.90104838837362,0.7420166313538031,0.005857687952161445,0.007609949761030369,1.0,-1.8530769020744855e-07,6.067407648482974e-05,99.0,2.0,1.070844753219185e-10,7.890526690345754e-11,6.085938417503719e-05,60,60,Ours w/o online proxy mixture,NATURAL VIDEO WITH SIMULATED SENSING
REDS_train,nominal,256,448,4,64,area,reds_train_detail,PEM_audit_only,0.09821428571428571,0.00017379815680362409,1.604221755400553e-06,0.00017540237855902463,0.0,1.5930586329244202e-10,1.6684647780598463e-10,,2.5,0.012418046433253862,215.4903782831437,0.0,1.0,0.006103665824557566,1.0,1.0,,8.7386947075924,1.3852868120648694e-10,100.0,1.3773558982084083e-10,0.7591562752167785,0.2267862030843762,0.014057521698845287,2.786507448080048e-06,0.00017658466425170413,2.5051264638364516e-10,2.435903881418275e-10,2.0,1.5930586329244202e-10,0.8640051572333249,0.0,0.00565465985116924,0.0031699570077847574,0.0007286047782651515,0.0009024029350687756,0.0007083358903390169,7.011522273038451e-07,2.1570273471601196e-11,336.7696507081807,406.65336174514476,0.0030988844930531696,-1.026737100026715e-05,0.00016353078580335696,1.442692794808303e-09,5.591103154725492e-07,0.00017435726711909666,9.704325113043358e-10,1.2730989910167687e-09,0.0032989007847990205,0.0034726989434875574,25.848753941799803,25.67945683001473,0.7357934188135289,0.006098437313841429,0.0,1.0,0.0,0.0,0.0,2.0,0.0,0.0,0.0,60,60,Audit-only gaze,NATURAL VIDEO WITH SIMULATED SENSING
REDS_train,nominal,256,448,4,64,area,reds_train_detail,PEM_greedy,0.09821428571428571,0.00028911186713714295,2.2266547420834503e-05,0.0003113784145579775,0.0,2.601451280398602e-08,3.437583750445753e-08,,2.5,1.1831490280120625,211.09238651653868,0.0,1.0,0.41189681385731447,1.0,1.0,,1.1037745146348674,2.1592975359486668e-08,100.0,2.0641921985151832e-08,0.6548563955484049,0.326413388793705,0.018730215657890112,-1.365935344595231e-06,0.00028774593179254775,1.1438551802914164e-07,1.296863300785027e-07,2.0,2.601451280398602e-08,19.99580774871182,0.0,0.0017857142857142859,0.00299803540224112,7.814174118426732e-06,0.0002969260412555697,7.677614515963685e-06,1.6346933658754215e-08,5.372590818834185e-09,332.3716589415756,400.6783575827285,0.0036278288170171293,-2.3530854371897635e-05,0.0002655810127652453,4.01230232465361e-09,3.1646848872893493e-06,0.0002922765520244323,6.225314969321567e-08,4.733395289616822e-08,0.003183587074465502,0.0034726989434875574,26.14907227627071,25.971043462453785,0.7445589604328923,0.005779791661142907,0.0,1.0,0.0,0.0,0.0,2.0,0.0,0.0,0.0,60,60,Greedy gaze,NATURAL VIDEO WITH SIMULATED SENSING
REDS_train,nominal,256,448,4,64,area,reds_train_detail,PEM_risk_only,0.09821428571428571,0.00020791457696118793,8.452432286288002e-07,0.00020875982018981674,0.0,6.466020844461491e-10,7.683563261708946e-10,,2.5,0.046424192026367016,213.50122248306675,0.0,1.0,0.012657295665627429,1.0,1.0,,26.209713658551173,5.487069270788442e-10,100.0,5.319040850094831e-10,0.6116757102211393,0.3788406346256812,0.009483655153179461,-2.1799124401137518e-06,0.00020573466452107416,2.4013534506953202e-09,2.2663362709309152e-09,2.0,6.466020844461491e-10,1.2666516874724634,0.0,0.013732345697073116,0.0031354513556665787,2.28349497801113e-05,0.00023074952674129924,2.6067026763071824e-05,4.268441344343082e-09,1.1469799943666604e-10,334.7804949081037,403.39654583675537,0.003099107426177546,-1.545018062573097e-05,0.00019246439633545696,1.9512314798532508e-09,1.6181295665028863e-07,0.00020807638991783822,7.743943201246878e-10,6.607545804072954e-10,0.003264784364641457,0.0034726989434875574,25.90422281130499,25.734975236662297,0.7398060338733254,0.006043247519089523,0.0,1.0,0.0,0.0,0.0,2.0,0.0,0.0,0.0,60,60,Risk-only gaze,NATURAL VIDEO WITH SIMULATED SENSING
REDS_train,nominal,256,448,4,64,area,reds_train_detail,PEM_softmax,0.09821428571428571,0.0002548626910632293,6.911906092717693e-07,0.00025555388167250106,0.0,3.1192156084975885e-09,4.3577623424303085e-09,,2.5,0.36157756182661965,212.95224174141185,0.0,1.0,0.08831377190736014,1.0,1.0,,11.291398384126854,2.2652985239175733e-09,100.0,2.1839373293389356e-09,0.7314546544416826,0.25631054017633564,0.012234805381981816,7.73457629577913e-07,0.00025563614869280715,1.538715867912123e-08,1.748396488147448e-08,2.0,3.1192156084975885e-09,6.509653854539992,0.0,0.0038310814166781317,0.0030596999765390934,-1.7951609773789724e-05,0.00023691108128943953,-1.7974937959564047e-05,7.163687379703515e-09,9.352782791586532e-10,334.2315141664488,401.93792054048873,0.0033373345883227204,-1.91484797218629e-05,0.00023571421134136638,2.937998482184072e-09,7.28269509622368e-07,0.0002555909605728516,5.513071466737447e-09,4.203182265144435e-09,0.0032178362505394156,0.0034726989434875574,26.039780622899855,25.86611277016938,0.7429145786633987,0.0058993579781877895,0.0,1.0,0.0,0.0,0.0,2.0,0.0,0.0,0.0,60,60,Benefit-softmax gaze,NATURAL VIDEO WITH SIMULATED SENSING
REDS_train,nominal,256,448,4,64,area,reds_train_detail,PEM_uniform,0.09821428571428571,0.00018591645992675852,-6.914948128513633e-08,0.0001858473104454734,0.0,6.493968728864343e-10,7.522784078311553e-10,,2.5,0.05159450389705108,212.87095472488727,0.0,1.0,0.013317759761697873,1.0,1.0,,27.999999999999996,5.547743195567339e-10,100.0,5.393725804686637e-10,0.6128187880249295,0.3736669408408606,0.013514271134209945,-4.551696325823648e-06,0.00018136476360093486,2.35094806551411e-09,2.525602476903313e-09,2.0,6.493968728864343e-10,1.0,0.0,0.03571428571428571,0.0031722838463209627,-4.551696325823648e-06,0.00018136476360093486,-1.0017480238036715e-20,2.525602476903313e-09,1.1002429241777064e-10,334.1502271499242,401.2336968382685,0.0029642900319269507,-1.128817136458584e-05,0.0001746282885621727,1.4531302676386643e-09,-6.914948128513633e-08,0.0001858473104454734,7.522784078311553e-10,6.493968728864344e-10,0.0032867824816758865,0.0034726989434875574,25.841428843389263,25.672899541015916,0.7381693817717248,0.006114610437751966,0.0,1.0,0.0,0.0,0.0,2.0,0.0,0.0,0.0,60,60,Uniform gaze,NATURAL VIDEO WITH SIMULATED SENSING
REDS_train,nominal,256,448,4,64,area,reds_train_detail,PPAT2026_M1,0.09821428571428571,0.00018452719755364069,9.955172787882785e-07,0.00018552271483242896,0.0,3.626721157618297e-10,3.890056981765699e-10,,2.5,0.014335999196868036,215.9712167415661,0.0,1.0,0.0064843349377609666,1.0,1.0,,18.068081927632914,2.583374875996245e-10,100.0,2.5378013173891034e-10,0.6040432896651569,0.3809241934739262,0.015032516860916926,-6.146326347989494e-07,0.0001839125649188417,7.541612422988572e-10,5.718074093309839e-10,2.0,2.924781028533921e-10,0.8991672261207815,0.0,0.01939635689719767,0.0031675514472908695,0.00026611486537269345,0.00045064206292633413,0.0002638702804747724,8.78751098920222e-08,1.0889198402291936e-10,337.2504891666031,406.066141711417,0.0029830864372902017,-0.00018452719755364069,2.8152231301871184e-22,4.680900081024162e-08,9.95517278788279e-07,0.00018552271483242896,3.8900569817656994e-10,3.626721157618297e-10,0.0032881717440490037,0.0034726989434875574,25.850489118324404,25.681485355066236,0.7373728336485709,0.006101689669651887,0.0,1.0,0.0,0.0,0.0,2.0,0.0,0.0,0.0,60,60,"PPAT (2026), M=1",NATURAL VIDEO WITH SIMULATED SENSING
REDS_train,nominal,256,448,4,64,area,reds_train_full,PEM_R6_fixed,0.09821428571428571,0.000283636520138957,-2.1241648347252013e-06,0.00028151235530423177,0.0,2.956319649699591e-09,3.40753630528136e-09,,2.5,0.1085086197796584,207.21838120827306,0.0,1.0,0.03420954941867331,1.0,1.0,,1.5451615828096505,2.566610654771237e-09,100.0,2.326470568989833e-09,0.5486713583146855,0.42907789998968165,0.022250741695632802,-1.7999427009099436e-06,0.000281836577438047,1.0144614199780543e-08,1.2351389164087673e-08,2.0,2.956319649699591e-09,1.9999999999999136,0.0,0.0017857142857142852,0.0028873382521087602,0.00011232118169948311,0.0003959577018384401,0.00011093381867578606,3.250271418755968e-08,6.298490807097579e-10,323.5464231998679,387.3526326279534,0.0035380727504393684,-2.3839464785383466e-05,0.00025979705535357354,4.71209675020803e-09,-1.1260667344793454e-05,0.0002723758527941635,1.4692597239560792e-08,1.3674312262224823e-08,0.0030673800051591524,0.0033510165255429456,26.30583211936711,26.169540452149523,0.746924111913461,0.005574155389058704,0.0,1.0,0.0,0.0,0.0,2.0,0.0,0.0,0.0,240,240,"Joint gaze, fixed proxy (prior version)",NATURAL VIDEO WITH SIMULATED SENSING
REDS_train,nominal,256,448,4,64,area,reds_train_full,PEM_R9_TwinAudit,0.09821428571428571,0.00025130036928864755,-1.7339009614698706e-06,0.0002495664683271777,0.0,7.180853488265215e-10,6.610260303202172e-10,0.01881778934487694,2.5,0.018362960321644584,378.7140079999396,0.0,1.0,0.007742143435883772,1.0,1.0,0.18221496223337974,3.693208946211358,6.598393395762858e-10,100.0,6.212810627088559e-10,0.5683726392733117,0.40535217958686426,0.026275181139824078,-2.196245334499008e-06,0.00024910412395414853,2.008180884327035e-09,1.9782316151394035e-09,2.0,7.32726770689113e-10,2.00000000002,1.8695825195756919,0.0019544258624767386,0.0029365271248416036,0.0003129267202796443,0.000564227089568292,0.0003220255744878841,1.2899493585032394e-07,9.680428611766552e-11,495.04204999153444,584.4649519357941,0.0034259574232980887,-2.8594641621160835e-05,0.00022270572766748675,3.6898459035786434e-09,2.9358349955544783e-06,0.00025423620428420205,4.029006351979015e-09,3.6572982714602705e-09,0.003099716156009462,0.0033510165255429456,26.22225097265819,26.087688326562233,0.7443672032283123,0.005666419971172139,0.007254223284806978,1.0,-2.487398632028723e-07,5.82034779584998e-05,99.0,2.0,1.2252446929343097e-10,9.125924222465049e-11,5.845221782170268e-05,240,240,TwinAudit (ours),NATURAL VIDEO WITH SIMULATED SENSING
REDS_train,nominal,256,448,4,64,area,reds_train_full,PEM_greedy,0.09821428571428571,0.0002904080315814246,6.777460166332254e-06,0.0002971854917477569,0.0,3.274967958549279e-08,2.4814948132632595e-08,,2.5,1.186091396405422,198.04738177510202,0.0,1.0,0.41781807939866983,1.0,1.0,,1.1037745146348674,2.6905011553341536e-08,100.0,2.3949040468593216e-08,0.6277654787220015,0.3470963973924928,0.02513812388550573,6.287104245901609e-06,0.0002966951358273262,1.256187908913866e-07,1.1378305567449845e-07,2.0,3.274967958549279e-08,19.995815987723596,0.0,0.0017857142857142859,0.0028786990556049297,2.3511222711103258e-05,0.00031391925429252786,2.4266031177795613e-05,2.2600321706423116e-08,8.80063911689957e-09,314.3754237666969,373.30733573465596,0.003539994030995236,-2.406938245740337e-05,0.00026633864912402127,5.066201952194709e-09,5.98255561200549e-06,0.00029639058719343006,4.871157615593458e-08,5.4873711413023e-08,0.0030606084937166845,0.0033510165255429456,26.320842073480616,26.183772318984314,0.7475763224895755,0.005558046911009497,0.0,1.0,0.0,0.0,0.0,2.0,0.0,0.0,0.0,240,240,Greedy gaze,NATURAL VIDEO WITH SIMULATED SENSING
REDS_train,nominal,256,448,4,64,area,reds_train_full,PPAT2026_M1,0.09821428571428571,0.00017689025232781744,7.679429455624576e-07,0.0001776581952733799,0.0,3.910713101820002e-10,3.654302889283905e-10,,2.5,0.01448772406938752,205.79957638753208,0.0,1.0,0.00644699431231881,1.0,1.0,,17.745762080752176,2.9281390809744043e-10,100.0,2.7221046273256454e-10,0.6052138934479809,0.3730511044352347,0.021735002116784384,-7.654636853780124e-07,0.00017612478864243944,7.722972349422334e-10,7.671481113024883e-10,2.0,3.217375572103836e-10,0.9120632831168092,0.0,0.019215398236944823,0.003057126472224657,0.00026261053922927043,0.00043950079155708784,0.00026449251006291087,9.067364733691787e-08,1.1886084744943566e-10,322.12761837912694,385.0134402101806,0.002918089242423286,-0.00017689025232781744,1.0473407825731689e-22,4.403441383291885e-08,7.679429455624587e-07,0.0001776581952733799,3.654302889283904e-10,3.910713101820002e-10,0.0031741262729702915,0.0033510165255429456,25.998447796477368,25.87251249252925,0.7398011193947583,0.005890335428825033,0.0,1.0,0.0,0.0,0.0,2.0,0.0,0.0,0.0,240,240,"PPAT (2026), M=1",NATURAL VIDEO WITH SIMULATED SENSING
REDS_train,nominal,256,448,4,64,area,write_kappa,PEM_R9_writek1,0.09821428571428571,0.0001614466686966358,-4.6203586886724344e-07,0.00016098463282776854,0.0,1.6980055987751085e-10,1.9461207635470386e-10,0.014199865107959292,2.5,0.011677890083397752,398.9471846004405,0.0,1.0,0.0060091217321991625,1.0,1.0,0.9817593979203686,18.281387157467126,1.6864846457062313e-10,100.0,1.6037475203278364e-10,0.6425787554910721,0.3351990222867058,0.02222222222222222,-3.5898228793255825e-06,0.00015785684581731024,5.186333837670025e-10,6.795861003931412e-10,2.0,1.7141585288279527e-10,2.00000000002,1.00000000001,0.007906540844484014,0.0027530133818459324,0.00023179291813314946,0.00039323958682978527,0.0002482340196644828,7.526626283249939e-08,9.425807844727225e-12,515.7020766674929,611.2848580178494,0.0026094380414782305,-1.2447536623831874e-05,0.00014899913207280395,9.816806404340283e-10,1.4475967019662506e-06,0.00016289426539860206,2.6303831427286357e-10,2.4852577335402315e-10,0.0028609230357216422,0.003022369702909297,26.392654020736508,26.220455013976707,0.7610039463924516,0.005159422436237445,0.005811343188694156,1.0,6.261760730985742e-07,3.764321852545323e-05,99.0,1.0,3.392918717315609e-11,4.207579846596655e-11,3.7017042452354655e-05,15,15,"Ours, write kappa=1",NATURAL VIDEO WITH SIMULATED SENSING
REDS_train,nominal,256,448,4,64,area,write_kappa,PEM_R9_writek1.25,0.09821428571428571,0.00021970309505858066,-3.5221667937955317e-06,0.00021618092826478511,0.0,3.6847423948685234e-10,2.649252695283345e-10,0.016505496453428012,2.5,0.016020532685138186,393.2032332669478,0.0,1.0,0.007265303435691946,1.0,1.0,0.24365725114969647,4.4413447770180685,3.6492060862574803e-10,100.0,3.394819869929503e-10,0.5699291271952209,0.4051409502515048,0.024929922553274312,-1.0710913750993648e-05,0.00020899218130758697,1.250440215553958e-09,1.3858514046590563e-09,2.0,3.7167337387383243e-10,2.00000000002,1.2500000000125,0.001939996822255249,0.002656327560280433,0.00026047027224501994,0.00048017336730360054,0.0002702338598604084,8.414390270884043e-08,2.899225249390204e-11,510.4234585999511,602.159897669529,0.0030338652679361843,-1.9469630745705204e-05,0.0002002334643128754,2.366549172939302e-09,9.490820822641743e-06,0.00022919391588122238,3.4827046770607714e-09,2.2638581595749675e-09,0.0028026666093596978,0.003022369702909297,26.58896273963245,26.407517295934728,0.7649731005512427,0.004979240341569058,0.00683980960435498,1.0,-2.476401574850613e-06,4.87161833528701e-05,99.0,1.25,5.032788125126494e-11,3.743876289055413e-11,5.119258492772071e-05,15,15,"Ours, write kappa=1.25",NATURAL VIDEO WITH SIMULATED SENSING
REDS_train,nominal,256,448,4,64,area,write_kappa,PEM_R9_writek2,0.09821428571428571,0.00022433350975229168,7.667157327868376e-06,0.00023200066708016007,0.0,3.9594859222838284e-10,4.4879830551615997e-10,0.01710519124766485,2.5,0.016735862187418727,396.78486419981346,0.0,1.0,0.007478955571288478,1.0,1.0,0.15899055724626143,3.5145391658151808,3.952902702728112e-10,100.0,3.6579832784053714e-10,0.4388237013546062,0.5369308709728565,0.024245427672537328,-3.6134105134962295e-06,0.00022072009923879545,1.3903305426809896e-09,1.0826561079642588e-09,2.0,3.9961442273515595e-10,2.00000000002,1.9362319641007353,0.0018536698911887888,0.002647219445679183,0.000268940121060713,0.0004932736308130046,0.0002755471089686997,8.84505839496672e-08,3.0150264387845736e-11,514.8437837326977,603.738178993226,0.0031045048788121,-1.7681157277740726e-05,0.00020665235247455097,2.3693548336035272e-09,2.1608696638270288e-05,0.00024594220639056195,3.230732949985626e-09,2.999704338561516e-09,0.0027980361946659867,0.003022369702909297,26.60461001345997,26.421890501645382,0.7651162908605008,0.004959250179669805,0.00702211806184599,1.0,1.6949335968835915e-06,5.37300135659216e-05,99.0,2.0,5.485528087143722e-11,4.956680808901551e-11,5.203507996903801e-05,15,15,"Ours, write kappa=2",NATURAL VIDEO WITH SIMULATED SENSING
REDS_train,nominal,256,448,4,64,area,write_kappa,PEM_R9_writek4,0.09821428571428571,0.00022662470839686968,3.585481894084399e-06,0.0002302101902909541,0.0,4.044669571779797e-10,4.809258160040579e-10,0.017300448332830846,2.5,0.016966689195911287,398.8590239996168,0.0,1.0,0.007498514559181801,1.0,1.0,0.15798579844048902,3.510453343207348,4.0539769891367136e-10,100.0,3.756531686706811e-10,0.47635809522406863,0.5014196825537092,0.022222222222222233,-1.4761479242163798e-06,0.0002251485604726533,1.4239183026219926e-09,1.1217859004903246e-09,2.0,4.0820232906875385e-10,2.00000000002,2.534975528156866,0.0018536698911887888,0.0026454855951915917,0.00027583406222841874,0.0005024587706252884,0.00026997664352040575,9.362335467357753e-08,2.8813788507298665e-11,516.8390049999192,610.6436890132803,0.0030846080159534534,-1.8835635531693374e-05,0.00020778907286517632,2.3575464896706393e-09,2.5725129157671962e-05,0.00025234983755454164,4.149271258948857e-09,3.0628967063768938e-09,0.0027957449960214083,0.003022369702909297,26.608299476652082,26.426325017006587,0.7652168114482248,0.004956061706113535,0.007036489303128557,1.0,1.4090247262126297e-06,5.3565646032568126e-05,99.0,4.0,5.5607564104073304e-11,7.241043956251606e-11,5.215662130635549e-05,15,15,"Ours, write kappa=4",NATURAL VIDEO WITH SIMULATED SENSING
REDS_train,nominal,256,448,4,64,area,write_kappa,PEM_R9_writek8,0.09821428571428571,0.00022662470839686968,3.585427793993265e-06,0.00023021013619086296,0.0,4.044671286659898e-10,4.809272443866755e-10,0.017300448440607807,2.5,0.01696668976819748,393.9094180011501,0.0,1.0,0.007498516731491347,1.0,1.0,0.15798253811275842,3.5104337723527332,4.0539787927587305e-10,100.0,3.756533490328828e-10,0.47635809522406863,0.5014196825537092,0.022222222222222233,-1.476304623288607e-06,0.00022514840377358108,1.4239187312887769e-09,1.1217826980544148e-09,2.0,4.082024921796121e-10,2.00000000002,2.539794254684319,0.0018536698911887888,0.0026454855951915917,0.00027583406222841874,0.0005024587706252884,0.00026997782796858906,9.362335467357753e-08,2.881377963310699e-11,513.0118646010524,609.6139323346628,0.0030846080159534534,-1.883562349071492e-05,0.00020778908490615478,2.357546263415782e-09,2.5725062388745617e-05,0.0002523497707856153,4.149276679811468e-09,3.062902309463503e-09,0.0027957449960214083,0.003022369702909297,26.608299476652082,26.426325017006587,0.7652168114482248,0.004956061706113535,0.007036491955261471,1.0,1.409024676429915e-06,5.3565645982785404e-05,99.0,8.0,5.560756502210973e-11,7.241044026326394e-11,5.215662130635549e-05,15,15,"Ours, write kappa=8",NATURAL VIDEO WITH SIMULATED SENSING
REDS_train,nominal,256,448,4,64,bicubic,bicubic,PEM_R6_fixed,0.09821428571428571,0.00028795596219618,3.007103821164774e-05,0.0003180270004078277,0.0,1.5128936690857912e-09,2.8029572780018446e-09,,2.5,0.10610888776775314,219.63778673217166,0.0,1.0,0.032528817502416346,1.0,1.0,,1.5505697773753893,1.9386170011520078e-09,100.0,1.4362340343392762e-09,0.2143006525037126,0.7587356249878547,0.026963722508432677,4.961851769373597e-05,0.000337574479889916,8.176749738890653e-09,8.807299784262596e-09,2.0,1.5128936690857912e-09,1.9999999999999172,0.0,0.0017857142857142852,0.0025531617176236376,0.00012274971429847813,0.0004107056764946581,9.942807582349384e-05,2.6100743632991087e-08,7.665963474651506e-11,346.01729106608155,418.2331073222061,0.0030787432122997413,-4.705392339111862e-05,0.00024090203880506138,6.9567238242806224e-09,3.377517086443456e-05,0.0003217311330606145,1.0479900339558028e-08,1.0800374772582799e-08,0.0027123811893499435,0.003000337154167937,26.77362543322515,26.59396491614289,0.7632314424517209,0.004785586425273663,0.0,1.0,0.0,0.0,0.0,2.0,0.0,0.0,0.0,15,15,"Joint gaze, fixed proxy (prior version)",NATURAL VIDEO WITH SIMULATED SENSING
REDS_train,nominal,256,448,4,64,bicubic,bicubic,PEM_R8_certified,0.09821428571428571,0.00026221770250333374,6.688446195483879e-06,0.0002689061486988176,0.0,4.2091586763180443e-10,4.1077261138233933e-10,0.01731527414888768,2.5,0.017315274148887682,395.32304453329806,0.0,1.0,0.007857704645660681,1.0,1.0,,3.48181580673198,5.089492667612438e-10,100.0,4.051438173450732e-10,0.25076241768703433,0.726835442401168,0.022402139911797663,1.926897406933687e-05,0.0002814866765726706,1.7623820672336284e-09,1.5876915151293168e-09,2.0,4.2235662687920224e-10,1.999999999999985,2.970086841288414,0.0017998455811793956,0.002590624533031095,0.00033374686417027847,0.0005959645666736122,0.0003048668607896357,1.316631884958827e-07,1.5772050286731185e-11,521.702548867208,617.1682536636945,0.0030162163017821097,-5.0430663362675625e-05,0.00021178703914065815,6.0013718928551254e-09,8.948514068849985e-07,0.00026311255391021877,4.192599877562162e-09,3.215994104719761e-09,0.00273811944904279,0.003000337154167937,26.697444648240808,26.517352622262138,0.7606108429669806,0.004853846830116052,0.007140238423051156,1.0,2.088124314910796e-06,5.605265351092506e-05,99.0,2.0,5.2138150939666725e-11,6.054899907666591e-11,5.396452919601426e-05,15,15,Ours w/o write-audit constraint,NATURAL VIDEO WITH SIMULATED SENSING
REDS_train,nominal,256,448,4,64,bicubic,bicubic,PEM_R9_TwinAudit,0.09821428571428571,0.0002613950313565428,7.603881165558687e-06,0.0002689989125221015,0.0,3.7600341179648935e-10,4.1035709691979645e-10,0.017160290740854126,2.5,0.016819016992650624,394.1730523338386,0.0,1.0,0.007480031916318749,1.0,1.0,0.16126900793023446,3.5414175736613176,4.567368800960219e-10,100.0,3.632869263600341e-10,0.25083532139740733,0.7269424563803705,0.022222222222222223,7.600327805555358e-06,0.0002689953591620982,1.611465827851582e-09,9.251081885393246e-10,2.0,3.774495588468878e-10,2.00000000002,1.8897858431680625,0.0019725552472999513,0.0025941324308961077,0.0003138644945008086,0.0005752595258573513,0.00030606739972524513,1.1431760347531626e-07,1.2716485436455255e-11,520.5525566677485,616.3082223269157,0.002985640954074657,-4.8710082355619726e-05,0.0002126849490009231,5.464083857769077e-09,1.838780264189288e-05,0.0002797828339984357,3.6626293297362108e-09,3.1970862104617637e-09,0.002738942120189581,0.003000337154167937,26.694272915791597,26.516524975801822,0.7607907350426427,0.004862966755744682,0.006962927858907677,1.0,1.4529666793577639e-06,5.595173043115711e-05,99.0,2.0,4.568127017989888e-11,3.799331053259867e-11,5.4498763751799345e-05,15,15,TwinAudit (ours),NATURAL VIDEO WITH SIMULATED SENSING
REDS_train,nominal,256,448,4,64,bicubic,bicubic,PEM_greedy,0.09821428571428571,0.0002997737011538439,5.9726003287601233e-05,0.00035949970444144517,0.0,1.5381235582666896e-08,1.1482192534425666e-08,,2.5,1.112955411622952,212.89510126586538,0.0,1.0,0.38802964705252285,1.0,1.0,,1.1037745146348674,1.8996575773258612e-08,100.0,1.3940818163476385e-08,0.3113106914760858,0.6680074511084996,0.020681857415414624,0.00010405677946297749,0.0004038304806168214,1.0147058479595756e-07,1.3444172283389266e-07,2.0,1.5381235582666896e-08,19.995231367322145,0.0,0.0017857142857142859,0.0025372049800151935,3.806552284735812e-05,0.000337839224001202,3.317738947684306e-05,1.495668490181099e-08,1.4404174191905127e-09,339.27460559977527,413.70413067944656,0.00310563997911335,-5.2405145453300646e-05,0.00024736855570054323,7.706393632588972e-09,8.487306039923733e-05,0.00038464676155308117,2.981541805410843e-08,3.65303557598832e-08,0.00270056345039228,0.003000337154167937,26.800650797956003,26.6217826718047,0.7639933319738879,0.004754905467933646,0.0,1.0,0.0,0.0,0.0,2.0,0.0,0.0,0.0,15,15,Greedy gaze,NATURAL VIDEO WITH SIMULATED SENSING
REDS_train,nominal,256,448,4,64,bicubic,bicubic,PEM_uniform,0.09821428571428571,0.00019923716165505705,3.911532054042404e-08,0.00019927627697559745,0.0,3.60361339708944e-10,3.223615703491893e-10,,2.5,0.04918621356753196,212.93441533305062,0.0,1.0,0.012843551419479241,1.0,1.0,,27.999999999999996,4.237103595830706e-10,100.0,3.387257994662844e-10,0.30847604486598973,0.6816649261133322,0.009859029020678072,-4.489582627552621e-06,0.0001947475790275044,2.1602314798554296e-09,1.5129870133008236e-09,2.0,3.60361339708944e-10,1.0,0.0,0.03571428571428571,0.0027044772304238786,-4.489582627552621e-06,0.0001947475790275044,-9.424292605274487e-21,1.5129870133008236e-09,2.1635540242659607e-11,339.31391966696054,413.4231596564253,0.0024469052413484075,-3.856270732684e-05,0.00016067445432821703,3.231203815837657e-09,3.911532054042765e-08,0.00019927627697559745,3.223615703491893e-10,3.6036133970894405e-10,0.0028010999898910667,0.003000337154167937,26.463071522863753,26.302546422719306,0.7574834635374378,0.005067197740295287,0.0,1.0,0.0,0.0,0.0,2.0,0.0,0.0,0.0,15,15,Uniform gaze,NATURAL VIDEO WITH SIMULATED SENSING
REDS_train,nominal,256,448,8,64,area,scale8,PEM_R6_fixed,0.05133928571428571,0.00017051446979622048,-8.611403311069653e-05,8.440043668552394e-05,0.0,2.6504439254000942e-08,4.180630858242033e-08,,2.5,0.18769999016302685,206.580492466921,0.0,1.0,0.05532044148420902,1.0,1.0,,1.6230511254716362,2.5210524897573475e-08,100.0,1.5701406550352054e-08,0.5401666268050997,4.045377470358756e-17,0.45983337319490025,-4.747553317901003e-05,0.00012303893661721042,2.6350335838108187e-08,2.5140326356365584e-08,2.0,2.6504439254000942e-08,1.9999999999999571,0.0,0.0017857142857142854,0.005800705159783781,-8.101052777679515e-05,8.950394201942532e-05,-5.012805670850878e-05,5.175712445468708e-08,1.080303270364889e-08,322.9651916677055,392.4380339953738,0.007269950056884248,0.0003892436551561481,0.0005597581249523686,1.944179458409953e-07,-7.38465069727371e-05,9.666796282348336e-05,6.610781346690295e-08,5.83088589234498e-08,0.00617121884214158,0.006341733301718098,23.146641482676216,22.980428462275906,0.5999561509272822,0.01018207978792069,0.0,1.0,0.0,0.0,0.0,2.0,0.0,0.0,0.0,15,15,"Joint gaze, fixed proxy (prior version)",NATURAL VIDEO WITH SIMULATED SENSING
REDS_train,nominal,256,448,8,64,area,scale8,PEM_R8_certified,0.05133928571428571,0.00015174939163550632,7.719079354443506e-07,0.00015252129957095067,0.0,8.862906634768725e-09,1.2013251683381912e-08,0.0380070845890206,2.5,0.03800708458902061,373.6495114667341,0.0,1.0,0.01387134434673526,1.0,1.0,,3.880490018635079,9.286021041488335e-09,100.0,6.108145366637582e-09,0.4585581976574434,0.003656140161285466,0.5377856621812712,1.2950763100585945e-05,0.00016470015473609229,8.426898073711031e-09,9.382785298702373e-09,2.0,1.0181125586501326e-08,1.9999999999999964,3.4326120832752047,0.0018273764811387345,0.005848404927852507,0.00020768481178968278,0.00035943420342518913,0.0001678121785000836,7.106684910179596e-08,2.7547612681311423e-09,490.0342106675186,580.7616210082779,0.006910223877351498,0.00030493557621993987,0.0004566849678554462,1.277509524084303e-07,4.2035742106131856e-05,0.00019378513374163818,2.3101214814946858e-08,1.6062722949522177e-08,0.006189983920302293,0.006341733301718098,23.109322102590987,22.94443439007329,0.5981314812004711,0.010262328307473223,0.012709986586917625,1.0,-3.9430427404062473e-07,7.139594540160061e-05,99.0,2.0,1.2676796879710577e-09,8.272539407554943e-10,7.179024967564123e-05,15,15,Ours w/o write-audit constraint,NATURAL VIDEO WITH SIMULATED SENSING
REDS_train,nominal,256,448,8,64,area,scale8,PEM_R9_TwinAudit,0.05133928571428571,0.0001561050445612372,-2.339965993303444e-05,0.0001327053846282028,0.0,7.444042280516141e-09,1.225010290120727e-08,0.03533556304661377,2.5,0.03307254537696163,371.1135104667628,0.0,1.0,0.011871790391209338,1.0,1.0,0.23170574608904745,3.969462779568052,7.486041500170757e-09,100.0,5.154001420326304e-09,0.45124561019137777,0.012376558608634677,0.5363778311999875,-6.787168671967864e-07,0.00015542632769404043,7.331229988489114e-09,5.2698637036894065e-09,2.0,8.528873711121618e-09,2.00000000002,1.927461186306181,0.0021038142734112913,0.005848823855011498,0.00018998672073050748,0.0003460917652917447,0.00020436026865471883,6.009081597593534e-08,2.290040860189837e-09,487.4982096675473,577.6418933318928,0.006870774181610587,0.0002847481217695458,0.0004408531663307831,1.083504612032392e-07,6.26879431156746e-06,0.00016237383887280466,1.9445498644562277e-08,1.565495496012888e-08,0.006185628267376563,0.006341733301718098,23.104301714018636,22.93797057521747,0.598227177684419,0.010283887322594968,0.011278301083709785,1.0,-6.895682088243582e-06,6.0561598177566e-05,99.0,2.0,1.28214629144293e-09,3.1845820907020193e-09,6.745728026580959e-05,15,15,TwinAudit (ours),NATURAL VIDEO WITH SIMULATED SENSING
REDS_train,nominal,256,448,8,64,area,scale8,PEM_greedy,0.05133928571428571,0.0001748964240298572,-0.00014605669962029132,2.8839724409565875e-05,0.0,3.0791447405245594e-07,2.7452173348653365e-07,,2.5,1.8246209066541899,199.8478751993583,0.0,1.0,0.6586521262566765,1.0,1.0,,1.1037745146348674,3.167570695351404e-07,100.0,1.7700640315954916e-07,0.494605955681682,6.330793540759574e-17,0.505394044318318,0.00015808800813476206,0.00033298443216461923,2.9257157683907606e-07,4.481487789583868e-07,2.0,3.0791447405245594e-07,19.997832775311217,0.0,0.0017857142857142859,0.005786226463988204,-0.00016170998188442276,1.3186442145434408e-05,-0.00016742253619118048,9.25013655224496e-08,1.3090807089290678e-07,316.23257440014277,389.7885596670676,0.007415477668177576,0.0004029996336578329,0.00057789605768769,2.1127268268086475e-07,-0.00011565042026455385,5.9246003765303344e-05,1.640137680462881e-07,2.8630583952354944e-07,0.006166836887907942,0.006341733301718098,23.15689827208059,22.993372830165306,0.6003877552540917,0.010152587533228872,0.0,1.0,0.0,0.0,0.0,2.0,0.0,0.0,0.0,15,15,Greedy gaze,NATURAL VIDEO WITH SIMULATED SENSING
REDS_train,nominal,256,448,8,64,area,scale8,PEM_uniform,0.05133928571428571,8.270460828762352e-05,-1.4079253262516734e-05,6.862535502510681e-05,0.0,8.577578189382682e-09,9.170551678287163e-09,,2.5,0.08053395100220243,196.74777153343894,0.0,1.0,0.021102980353543303,1.0,1.0,,27.999999999999996,7.691762043688056e-09,100.0,5.005551642307768e-09,0.45808603238902346,0.024711468881053467,0.5172024987299231,-1.5086908647422847e-05,6.761769964020069e-05,7.893211905723376e-09,6.177380691289167e-09,2.0,8.577578189382682e-09,1.0,0.0,0.03571428571428571,0.006040509365334634,-1.5086908647422847e-05,6.761769964020069e-05,-3.836432820075511e-21,6.177380691289167e-09,3.5720265470749134e-09,313.13247073422343,381.5903800025505,0.0058351964652398865,0.00037080022356032435,0.0004535048318479479,1.9531450060662497e-07,-1.407925326251673e-05,6.862535502510681e-05,9.170551678287163e-09,8.577578189382682e-09,0.006259028703650176,0.006341733301718098,22.928298381138735,22.779504212961765,0.5913706736113508,0.01060682777199825,0.0,1.0,0.0,0.0,0.0,2.0,0.0,0.0,0.0,15,15,Uniform gaze,NATURAL VIDEO WITH SIMULATED SENSING
