acquisition_fraction,audit_true,augmented_error,augmented_estimate,augmented_mean_conditional_bias,augmented_pqv,augmented_squared_error,certificate_gamma_max,certificate_kappa,certified_importance_actual_max,clip_id,controller_ms_mean,cs_empty_frames,cs_final_covered,cs_final_width,cs_simultaneous_covered,cs_valid_assumptions,dataset,draw,dual_reference_mix_mean,effective_actions_mean,energy_pqv,factor,fovea,frames,height,hindsight_best_fixed_pqv,hindsight_weight_energy,hindsight_weight_learned,hindsight_weight_zero,ipw_error,ipw_estimate,ipw_pqv,ipw_squared_error,kappa,learned_pqv,max_predicted_moment_ratio,max_write_predicted_moment_ratio,method,min_propensity,mse,naive_error,naive_estimate,naive_mean_conditional_bias,naive_squared_error,online_mixture_regret_pqv,online_total_ms_mean,online_total_ms_p95,past_fovea_mse,plugin_error,plugin_estimate,plugin_squared_error,ppat_m1_error,ppat_m1_estimate,ppat_m1_squared_error,ppat_pqv,pre_mse,preview_kernel,preview_mse,psnr_frame_mean,psnr_from_mean_mse,regime,role,source_group,ssim,study,temporal_residual_mse,width,write_cs_final_width,write_cs_simultaneous_covered,write_error,write_estimate,write_frames,write_kappa,write_pqv,write_squared_error,write_true
0.09821428571428571,5.652073462299554e-05,-8.67713137529233e-06,4.784360324770321e-05,0.0,1.644825140354397e-10,7.529260890408256e-11,,2.5,0.030320652669585186,bmx-trees,318.77214625128545,0,True,0.009885950858275445,True,True,DAVIS,0,,27.999999999999993,1.619281189526416e-10,4,64,80,256,1.582952904574961e-10,0.4512888194411998,0.5341094315020868,0.014601749056713539,-7.988624174402382e-06,4.853211044859316e-05,5.132006411068907e-10,6.381811619984614e-11,2.0,1.644825140354397e-10,1.0,0.0,PEM_uniform,0.03571428571428571,0.0018851166944044422,-7.988624174402382e-06,4.853211044859316e-05,-1.5339237279183346e-21,6.381811619984614e-11,6.18722357794361e-12,520.6654775036441,712.5829799944768,0.002058395618911026,9.59968255198962e-07,5.74807028781945e-05,9.215390509897394e-13,-8.67713137529233e-06,4.784360324770321e-05,7.529260890408256e-11,1.6448251403543973e-10,0.0019611400495905696,area,0.002017660795536358,27.67191485807249,27.246617604888137,nominal,legacy_test,DAVIS:bmx-trees,0.7923603087744175,pareto_addon,0.0037523890210382402,448,0.0,True,0.0,0.0,0,2.0,0.0,0.0,0.0
0.09821428571428571,7.446625542527747e-05,9.972208050395954e-06,8.443846347567343e-05,0.0,8.561559010918196e-09,9.944493340038188e-11,,2.5,1.1892705976871236,bmx-trees,210.82175625197124,0,True,0.29948298421869624,True,True,DAVIS,0,,1.1037745146348676,7.972507714735918e-09,4,64,80,256,7.87916070487203e-09,0.7113488298242157,0.2632472508146936,0.025403919361090727,-6.883093720065472e-05,5.635318224622758e-06,2.6997392325254963e-08,4.7376979159204736e-09,2.0,8.561559010918196e-09,19.993735470085806,0.0,PEM_greedy,0.0017857142857142859,0.0017777242294352937,7.58098802460624e-05,0.00015027613567133988,7.140522462101071e-05,5.747137942922323e-09,6.823983060461662e-10,412.71508750432986,524.0218299964909,0.0034610364847129844,9.897077090010459e-06,8.436333251528793e-05,9.795213492560988e-11,-3.855955121417581e-06,7.06103003038599e-05,1.486838989838647e-11,1.0546438767282202e-08,0.0019431945287882875,area,0.002017660795536358,27.955769618500547,27.501356083395972,nominal,legacy_test,DAVIS:bmx-trees,0.7946024075058704,pareto_addon,0.00353284895993992,448,0.0,True,0.0,0.0,0,2.0,0.0,0.0,0.0
0.09821428571428571,4.8662119075741586e-05,-2.4831051821781966e-06,4.617901389356339e-05,0.0,5.702211634734841e-11,6.165811345760215e-12,,2.5,0.007844361352177602,bmx-trees,152.01307624884066,0,True,0.006460854697665617,True,True,DAVIS,0,,16.448094237880106,2.8866619415135466e-11,4,64,80,256,2.886661941513549e-11,1.0,0.0,0.0,7.2018181244067904e-06,5.5863937200148376e-05,7.724648070930134e-11,5.186618429703414e-11,2.0,3.2547407318927236e-11,0.9705860426709688,0.0,PPAT2026_M1,0.018566208862941847,0.0018983449897174178,0.00013506035768549735,0.00018372247676123893,0.00013570751766155798,1.8241300218134483e-08,2.8155496932212922e-11,353.9064075011993,434.2022150347475,0.00222697806171611,-4.8662119075741586e-05,1.4191110588959742e-21,2.368001832941653e-09,-2.4831051821782034e-06,4.617901389356338e-05,6.165811345760249e-12,5.702211634734841e-11,0.0019689986651378237,area,0.002017660795536358,27.646965881629434,27.21624859603361,nominal,legacy_test,DAVIS:bmx-trees,0.7917149294271517,pareto_addon,0.003772959976696806,448,0.0,True,0.0,0.0,0,2.0,0.0,0.0,0.0
0.09821428571428571,4.902826684649508e-05,-1.2011619441775343e-06,4.782710490231755e-05,0.0,2.7334514039664537e-11,1.4427900161403542e-12,,2.5,0.005914366455507766,bmx-trees,158.08196125217364,0,True,0.006381681543255089,True,True,DAVIS,0,,13.03852239982216,2.684937371304176e-11,4,64,80,256,2.6849373713041766e-11,1.0,0.0,0.0,3.5272264369859375e-06,5.255549328348102e-05,4.887161930053412e-11,1.2441326337772512e-11,2.0,2.7334514039664537e-11,0.9927185816811761,0.0,PEM_audit_only,0.009239991676649142,0.0018887098404460102,0.00019890472135803347,0.00024793298820452854,0.00021284928096267818,3.9563088178516935e-08,4.851403266227715e-13,359.97529250453226,444.42724499385804,0.0026420073336627615,3.486557131969167e-06,5.251482397846425e-05,1.2156080634485062e-11,-6.446107143634187e-06,4.2582159702860894e-05,4.15522973072117e-11,1.212037841142538e-10,0.00196863251736707,area,0.002017660795536358,27.643182953743633,27.23834756939148,nominal,legacy_test,DAVIS:bmx-trees,0.7923449422062927,pareto_addon,0.0037539324900929478,448,0.0,True,0.0,0.0,0,2.0,0.0,0.0,0.0
0.09821428571428571,6.458953432967743e-05,-3.991932100941817e-06,6.059760222873561e-05,0.0,9.401221471218522e-11,1.5935521898529746e-11,0.010003285530645795,2.5,0.009863270736754174,bmx-trees,291.8924949990469,0,True,0.006659285393205525,True,True,DAVIS,0,0.2245008352601386,3.7850762558544644,8.077491053266202e-11,4,64,80,256,8.077491053266213e-11,1.0,0.0,0.0,6.27662091645522e-06,7.086615524613265e-05,2.1416362216404974e-10,3.939597012888317e-11,2.0,9.498224305362423e-11,2.00000000002,1.662584923611489,PEM_R9_TwinAudit,0.0026901754879643165,0.0018082000602957595,0.00026096512115373287,0.0003255546554834103,0.00020460954228472303,6.810279445878247e-08,1.3237304179523091e-11,493.7858262514055,572.0942750223912,0.0030782290890855454,1.091396396425966e-05,7.550349829393709e-05,1.1911460941315845e-10,-1.2558974025633143e-05,5.2030560304044286e-05,1.5772782857652795e-10,5.331715954506563e-10,0.001953071249883888,area,0.002017660795536358,27.873459518347715,27.4275352061076,nominal,legacy_test,DAVIS:bmx-trees,0.7938907703925906,pareto_addon,0.003601203765112816,448,0.006651402142095735,True,5.963097243672462e-08,2.9063335134144766e-05,79,2.0,2.1170100512158343e-11,3.5558528737494116e-15,2.900370416170804e-05
0.09821428571428571,0.0010823818982156116,4.411949416588466e-05,0.0011265013923814962,0.0,1.0359922578261773e-08,1.9465297654535307e-09,,2.5,0.08639225249300186,breakdance,302.89817857140275,0,True,0.03504369980070984,True,True,DAVIS,0,,27.999999999999993,2.2723901144262945e-09,4,64,84,256,2.272390114426263e-09,1.0,0.0,0.0,0.00013338819877837258,0.0012157700969939842,4.689711122966011e-08,1.7792411573338636e-08,2.0,1.0359922578261773e-08,1.0,0.0,PEM_uniform,0.03571428571428571,0.0039501800424057345,0.00013338819877837258,0.0012157700969939842,-4.8401882700245735e-21,1.7792411573338636e-08,8.087532463835509e-09,503.0272571450388,675.027234989102,0.0033438801188256616,-0.00020599835703316734,0.0008763835411824442,4.243532310036429e-08,4.411949416588466e-05,0.0011265013923814962,1.9465297654535307e-09,1.0359922578261773e-08,0.004100142589272592,area,0.0051825244279046145,24.06088654492265,24.033831095276213,nominal,legacy_test,DAVIS:breakdance,0.7698424845977133,pareto_addon,0.0028836557347845784,448,0.0,True,0.0,0.0,0,2.0,0.0,0.0,0.0
0.09821428571428571,0.0010639060504422009,0.0013230237695533492,0.00238692981999555,0.0,2.949171316122242e-07,1.7503918948031537e-06,,2.5,1.7088564952972218,breakdance,196.48324643189665,0,True,0.9366012503302384,True,True,DAVIS,0,,1.1037745146348674,7.52545444986354e-08,4,64,84,256,7.525454449863414e-08,1.0,0.0,0.0,0.002039278360755078,0.0031031844111972786,1.253582258680987e-06,4.158656232643918e-06,2.0,2.949171316122242e-07,19.999041950540352,0.0,PEM_greedy,0.0017857142857142859,0.0038820658872947026,-0.0007326228048338437,0.0003312832456083571,-0.0008463645826783018,5.367361741626082e-07,2.1966258711359007e-07,396.6123250055326,528.2076699397294,0.004069258354103794,-0.00017570300509718497,0.0008882030453450159,3.0871546000181405e-08,0.0014888754140560008,0.0025527814644982017,2.216749998580428e-06,5.560735540040154e-07,0.004118618437046002,area,0.0051825244279046145,24.12771664424135,24.109370979415537,nominal,legacy_test,DAVIS:breakdance,0.7653297855400347,pareto_addon,0.002840074439124656,448,0.0,True,0.0,0.0,0,2.0,0.0,0.0,0.0
0.09821428571428571,0.0007889236212663473,-5.077990162197666e-05,0.0007381437196443706,0.0,2.9187923429045596e-09,2.578598408737628e-09,,2.5,0.04178873232237366,breakdance,157.54100594980022,0,True,0.015066649488961664,True,True,DAVIS,0,,21.60831160367122,8.600991341523096e-10,4,64,84,256,8.600991341523131e-10,1.0,0.0,0.0,5.5033956079052204e-05,0.0008439575773453995,1.2691889479088618e-08,3.0287363217110473e-09,2.0,3.409076254964897e-09,0.6852364815519628,0.0,PPAT2026_M1,0.023652429108890916,0.004263480269926496,0.0008810342819006153,0.0016699579031669626,0.0008424417747291186,7.762214058841329e-07,2.0586932087522465e-09,357.67008452343623,425.11092493659817,0.003605686228772969,-0.0007889236212663473,9.28842235251594e-21,6.224004801920069e-07,-5.077990162197666e-05,0.0007381437196443706,2.578598408737628e-09,2.9187923429045596e-09,0.004393600866221856,area,0.0051825244279046145,23.726311775379674,23.702357424571268,nominal,legacy_test,DAVIS:breakdance,0.7553037139355888,pareto_addon,0.0028582147492138806,448,0.0,True,0.0,0.0,0,2.0,0.0,0.0,0.0
0.09821428571428571,0.0004964000100913301,5.5445702700506936e-05,0.0005518457127918371,0.0,8.578198618253263e-10,3.074225947953002e-09,,2.5,0.013236115197334088,breakdance,158.71447499722265,0,True,0.007293450158460342,True,True,DAVIS,0,,4.456369789243309,7.025069909536944e-11,4,64,84,256,7.025069909536925e-11,1.0,0.0,0.0,7.450225076591265e-05,0.0005709022608572428,1.331453419944353e-09,5.550585369186931e-09,2.0,8.578198618253263e-10,0.5508305442309274,0.0,PEM_audit_only,0.003184500799027835,0.004590202561460856,0.004052664244202535,0.004549064254293865,0.0036027242452864256,1.6424087476237704e-05,7.87569162729957e-10,358.84355357085866,443.2327950111357,0.003768032102333459,-0.0001700172394544103,0.00032638277063691984,2.890586171169829e-08,-5.174656472342642e-05,0.00044465344536790373,2.6777069606757594e-09,7.541321553889693e-09,0.004686124477396874,area,0.0051825244279046145,23.40079658678833,23.38168149019684,nominal,legacy_test,DAVIS:breakdance,0.7304620462473848,pareto_addon,0.002814514422679353,448,0.0,True,0.0,0.0,0,2.0,0.0,0.0,0.0
0.09821428571428571,0.0009546445482982065,-0.0001400802239722534,0.0008145643243259531,0.0,5.811609292957126e-09,1.9622469148116674e-08,0.04818922259499637,2.5,0.04617425804854684,breakdance,282.2453642826683,0,True,0.016980977990801904,True,True,DAVIS,0,0.16654704147809435,3.7175841617489738,2.711161362796619e-09,4,64,84,256,2.7111613627966185e-09,1.0,0.0,0.0,-9.858137916352299e-05,0.0008560631691346835,2.3257235961963744e-08,9.718288317782284e-09,2.0,6.445280062573536e-09,2.00000000002,2.00000000002,PEM_R9_TwinAudit,0.0017857142857142859,0.004024744960565269,0.0003854742150739246,0.001340118763372131,0.0008080443378981446,1.485903704868583e-07,3.1004479301605074e-09,482.37444285630426,570.5473099398657,0.004210379315470384,-0.000227792648405055,0.0007268518998931515,5.188949066738901e-08,-4.803119697062972e-05,0.0009066133513275767,2.30699588243143e-09,3.262347305318997e-08,0.004227879939189998,area,0.0051825244279046145,23.969851692451975,23.952616347317598,nominal,legacy_test,DAVIS:breakdance,0.755366971606463,pareto_addon,0.0028522683134255184,448,0.014310498523629247,True,4.057525478531475e-06,0.0001271700419877359,83,2.0,4.312314901234765e-11,1.6463513008932077e-11,0.00012311251650920442
0.09821428571428571,9.483211842207525e-07,-2.6218675853197624e-06,-1.6735464010990097e-06,0.0,4.702338685070174e-12,6.8741896349504815e-12,,2.5,0.005916629274470867,disc-jockey,284.64089342282693,0,True,0.006481512881012048,True,True,DAVIS,0,,27.999999999999993,6.071776040481209e-13,4,64,76,256,6.071776040481207e-13,1.0,0.0,0.0,-7.788611118671663e-07,1.6946007235358618e-07,1.2349614943176693e-12,6.066246315789585e-13,2.0,4.702338685070174e-12,1.0,0.0,PEM_uniform,0.03571428571428571,7.439811917946402e-05,-7.788611118671663e-07,1.6946007235358618e-07,5.354497922409458e-23,6.066246315789585e-13,4.095161081022053e-12,490.09348157989353,663.7222999997903,6.834731047142463e-05,7.316104151514404e-06,8.264425335735156e-06,5.352537995580629e-11,-2.6218675853197624e-06,-1.6735464010990097e-06,6.8741896349504815e-12,4.702338685070175e-12,7.299550366506637e-05,area,7.394382426259414e-05,41.491709459642074,41.2843804349048,nominal,legacy_test,DAVIS:disc-jockey,0.9658645327712703,pareto_addon,0.0001388744024321809,448,0.0,True,0.0,0.0,0,2.0,0.0,0.0,0.0
0.09821428571428571,7.576256786166729e-06,-9.004794359732978e-07,6.675777350193431e-06,0.0,3.1153488007536513e-10,8.108632146107885e-13,,2.5,0.18865682700529413,disc-jockey,211.85412236847793,0,True,0.056978869499273645,True,True,DAVIS,0,,1.1037745146348674,7.569795555182375e-11,4,64,76,256,7.569795555182358e-11,1.0,0.0,0.0,-6.837386097416639e-06,7.388706887500897e-07,4.004140980182822e-10,4.674984864514634e-11,2.0,3.1153488007536513e-10,19.956878958465026,0.0,PEM_greedy,0.0017857142857142859,6.347555215711873e-05,1.4534978788275798e-05,2.2111235574442527e-05,1.564865330436608e-05,2.112656083756274e-10,2.358369245235415e-10,417.30671052554453,575.7864999904996,7.688450540213042e-05,8.76604588086759e-06,1.634230266703432e-05,7.684356038547566e-11,5.979478232906443e-06,1.3555735019073172e-05,3.575415993780196e-11,3.1450070883687416e-10,6.636756806312038e-05,area,7.394382426259414e-05,42.09740070886136,41.97393512624436,nominal,legacy_test,DAVIS:disc-jockey,0.9673237038976893,pareto_addon,0.00011982329204160376,448,0.0,True,0.0,0.0,0,2.0,0.0,0.0,0.0
0.09821428571428571,4.777184047310385e-07,-5.45133958188452e-07,-6.741555345741352e-08,0.0,2.0730218841294368e-12,2.9717103237020897e-13,,2.5,0.002685699314658457,disc-jockey,137.75092894808805,0,True,0.006455008283435313,True,True,DAVIS,0,,13.750600125656128,1.1312660505037312e-13,4,64,76,256,1.1312660505037308e-13,1.0,0.0,0.0,-4.746233757003046e-07,3.0950290307338724e-09,1.8795625639430735e-13,2.252673487611525e-13,2.0,1.0620939606477997e-12,0.9999999745311131,0.0,PPAT2026_M1,0.01458849910502006,7.521442783157225e-05,-4.127428657627046e-07,6.49755389683339e-08,3.9091126769892997e-07,1.7035667323801e-13,1.9598952790790637e-12,343.2035171051546,428.0786249873927,5.652867188805889e-05,-4.777184047310386e-07,-1.0285959820081388e-22,2.2821487421876843e-13,-5.451339581884519e-07,-6.741555345741343e-08,2.9717103237020886e-13,2.0730218841294368e-12,7.346610644455608e-05,area,7.394382426259414e-05,41.44638919356495,41.236988438947165,nominal,legacy_test,DAVIS:disc-jockey,0.9658096537026012,pareto_addon,0.00013983134875232014,448,0.0,True,0.0,0.0,0,2.0,0.0,0.0,0.0
0.09821428571428571,9.265085303447649e-08,-4.40030733102597e-07,-3.473798800681205e-07,0.0,6.894077640514871e-13,1.9362704607480895e-13,,2.5,0.0008454392065523561,disc-jockey,142.03455526531846,0,True,0.00644272384552953,True,True,DAVIS,0,,12.882596459972007,6.039686364291456e-15,4,64,76,256,6.0396863642914585e-15,1.0,0.0,0.0,-8.32950670508321e-08,9.355785983644384e-09,1.4184502029803089e-14,6.938068195002615e-15,2.0,6.894077640514871e-13,0.9999999744672307,0.0,PEM_audit_only,0.012583628308719395,7.567891507979494e-05,-2.2221964142968045e-08,7.042888889150844e-08,2.6092869682258416e-07,4.938156903713575e-16,6.833680776871956e-13,347.48714342238503,421.8924000306288,5.026534600924767e-05,5.291437401701416e-06,5.384088254735892e-06,2.799930977612463e-11,-7.224466736175055e-07,-6.29795820583029e-07,5.219291962209985e-13,1.7188855561892307e-12,7.385117399625265e-05,area,7.394382426259414e-05,41.42469444430892,41.210251025343254,nominal,legacy_test,DAVIS:disc-jockey,0.9656366327257497,pareto_addon,0.00014042987854599314,448,0.0,True,0.0,0.0,0,2.0,0.0,0.0,0.0
0.09821428571428571,5.697367033447128e-06,-7.185150434288397e-07,4.978851990018289e-06,0.0,6.259926852160352e-12,5.162638676335474e-13,0.001510081753590388,2.5,0.0014559465598029165,disc-jockey,266.2422355244512,0,True,0.006453391156709979,True,True,DAVIS,0,0.3299852241011311,4.332970715325961,5.65333718694632e-13,4,64,76,256,5.653337186946317e-13,1.0,0.0,0.0,-4.6752135644217337e-07,5.229845677004955e-06,1.731159310792297e-12,2.1857621872952973e-13,2.0,6.2990645559590195e-12,2.00000000002,2.00000000002,PEM_R9_TwinAudit,0.0046435414439815765,6.583918021785323e-05,2.5634263182348797e-05,3.1331630215795926e-05,2.51352047599669e-05,6.571154489019231e-10,5.69459313346572e-12,471.6948236815178,557.8850000310922,8.536024223522271e-05,8.448711739766354e-06,1.4146078773213484e-05,7.138073006166582e-11,-2.5674145372633488e-06,3.1299524961837796e-06,6.591617406151175e-12,1.512549707128915e-11,6.824645781583999e-05,area,7.394382426259414e-05,41.979542342832666,41.815155852848385,nominal,legacy_test,DAVIS:disc-jockey,0.9670897167243212,pareto_addon,0.00012306714411002882,448,0.006536358136780071,True,1.5097890764044135e-07,1.0854913283407719e-06,75,2.0,2.3137886917849553e-13,2.279463055230092e-14,9.345124207003305e-07
0.09821428571428571,1.9895133945058446e-05,-3.396783851956253e-06,1.6498350093102193e-05,0.0,4.5904509605534384e-11,1.153814053691076e-11,,2.5,0.025659505614234975,dog,307.63750499851693,0,True,0.01069738656648803,True,True,DAVIS,0,,27.999999999999993,3.1216600398062755e-11,4,64,60,256,3.12166003980627e-11,1.0,0.0,0.0,4.1532385286720125e-06,2.404837247373046e-05,1.162076060704516e-10,1.7249390276045663e-11,2.0,4.5904509605534384e-11,1.0,0.0,PEM_uniform,0.03571428571428571,0.000870991013778346,4.1532385286720125e-06,2.404837247373046e-05,-1.2295212624988204e-21,1.7249390276045663e-11,1.468790920747168e-11,521.5739183321906,696.4672150294062,0.000693727235736734,1.0170651680730574e-05,3.006578562578902e-05,1.0344215561074766e-10,-3.3967838519562496e-06,1.6498350093102197e-05,1.1538140536910737e-11,4.5904509605534404e-11,0.0009052065120977329,area,0.000925101639101437,31.16082341450278,30.599863256887893,nominal,legacy_test,DAVIS:dog,0.8247396145392969,pareto_addon,0.001772577804932659,448,0.0,True,0.0,0.0,0,2.0,0.0,0.0,0.0
0.09821428571428571,2.6925886239648478e-05,4.903838941240745e-05,7.596427565205593e-05,0.0,2.7081445481417676e-09,2.404763636162915e-09,,2.5,0.48526957414104804,dog,291.33609500228584,0,True,0.20368443505902192,True,True,DAVIS,0,,1.1037745146348674,1.8304109163193865e-09,4,64,60,256,1.7032201594213854e-09,0.3333333333333333,0.3333333333333333,0.3333333333333333,1.5356185268021485e-05,4.228207150766996e-05,3.660257689469542e-09,2.358124259858001e-10,2.0,2.7081445481417676e-09,19.98503302387159,0.0,PEM_greedy,0.0017857142857142859,0.0008524270475085296,-1.160291702326413e-05,1.532296921638435e-05,-1.1251123784891974e-05,1.3462768344875253e-10,1.0049243887203822e-09,505.27250833595946,667.6366099534788,0.0008829973050103485,1.6243261051435948e-05,4.3169147291084426e-05,2.6384352958509603e-10,5.8392741353152586e-05,8.531862759280106e-05,3.409712242736176e-09,3.0527559731941155e-09,0.0008981757598031428,area,0.000925101639101437,31.252236770573372,30.69342778576158,nominal,legacy_test,DAVIS:dog,0.8265933785727222,pareto_addon,0.0017347684824598453,448,0.0,True,0.0,0.0,0,2.0,0.0,0.0,0.0
0.09821428571428571,1.936424933255452e-05,-7.369798715629922e-06,1.1994450616924599e-05,0.0,4.7900322137011084e-11,5.431393310890045e-11,,2.5,0.007236740869767427,dog,170.41165167174768,0,True,0.008446381075224925,True,True,DAVIS,0,,18.902246359941937,1.9410367824876985e-11,4,64,60,256,1.9410367824876982e-11,1.0,0.0,0.0,-6.1523039949603975e-06,1.3211945337594123e-05,3.4657287682481434e-11,3.7850844446405666e-11,2.0,2.4836078126529246e-11,1.0,0.0,PPAT2026_M1,0.02215593702923613,0.0008682394277321173,2.87699431141378e-05,4.813419244669232e-05,5.024365426069858e-05,8.27709626790725e-10,2.8489954312134102e-11,384.34806500542135,485.45167503762053,0.0007566148844611761,-1.936424933255452e-05,3.931042921416962e-22,3.749741522133382e-10,-7.369798715629922e-06,1.1994450616924599e-05,5.431393310890045e-11,4.7900322137011084e-11,0.0009057373967102366,area,0.000925101639101437,31.168448190404014,30.613604962470383,nominal,legacy_test,DAVIS:dog,0.8249055412261832,pareto_addon,0.0017673977686664003,448,0.0,True,0.0,0.0,0,2.0,0.0,0.0,0.0
0.09821428571428571,1.8243762695292605e-05,-3.010391201488475e-06,1.523337149380413e-05,0.0,1.495038397346764e-11,9.062455185999226e-12,,2.5,0.00523556609505404,dog,157.97877166769467,0,True,0.00839912275627735,True,True,DAVIS,0,,16.59677307755854,1.3260937126420846e-11,4,64,60,256,1.2971549604978182e-11,0.3333333333333333,0.3333333333333333,0.3333333333333333,-6.793186238657477e-06,1.1450576456635128e-05,1.8900136161414643e-11,4.614737927308532e-11,2.0,1.495038397346764e-11,1.0,0.0,PEM_audit_only,0.012597111110654369,0.0008695504934577448,2.7419935749531656e-05,4.566369844482426e-05,5.9376254041031865e-05,7.518528765084441e-10,1.978834368489456e-12,371.91518500136834,447.96153499337373,0.000706763585412558,1.1311823908853754e-05,2.955558660414636e-05,1.2795736014491542e-10,1.9295785358938483e-06,2.0173341231186453e-05,3.7232733261822475e-12,4.366011963394909e-11,0.0009068578833474986,area,0.000925101639101437,31.175283419482728,30.60705194117432,nominal,legacy_test,DAVIS:dog,0.8247972992054624,pareto_addon,0.0017709118750615133,448,0.0,True,0.0,0.0,0,2.0,0.0,0.0,0.0
0.09821428571428571,2.416063226950525e-05,6.905449590934762e-06,3.1066081860440014e-05,0.0,3.8707046556283404e-11,4.768523405294108e-11,0.008054589403647242,2.5,0.007974005873436104,dog,293.7856300016089,0,True,0.008564932020565824,True,True,DAVIS,0,0.25868245418438135,4.3647298175716,3.078073719094251e-11,4,64,60,256,3.017554445096461e-11,0.3333333333333333,0.3333333333333333,0.3333333333333333,1.284026051016813e-05,3.700089277967338e-05,6.480696927755597e-11,1.6487228996898314e-10,2.0,3.917136199022094e-11,2.00000000002,1.657359214972848,PEM_R9_TwinAudit,0.0020215383310500557,0.0008622474855897147,7.091539725762918e-05,9.507602952713444e-05,3.755278509907609e-05,5.028993568207361e-09,8.53150210531879e-12,507.72204333528254,600.4878049978288,0.000854450935505604,1.4794749772486014e-05,3.8955382041991266e-05,2.1888462083047497e-10,9.077704507810977e-06,3.323833677731623e-05,8.240471913113174e-11,3.161345798766575e-10,0.0009009410137732862,area,0.000925101639101437,31.19899666023726,30.643680634100985,nominal,legacy_test,DAVIS:dog,0.8256153959305917,pareto_addon,0.0017572369143823952,448,0.008663461728395279,True,2.3490082739966077e-06,1.2781617328855132e-05,59,2.0,7.442893013118238e-12,5.5178398713045215e-12,1.0432609054858525e-05
0.09821428571428571,8.688091623770942e-05,4.384978839450531e-05,0.00013073070463221474,0.0,2.4506271051151755e-09,1.922803942242893e-09,,2.5,0.05337650671338075,dog-gooses,303.7681779045839,0,True,0.013857550984548037,True,True,DAVIS,0,,27.999999999999996,1.7955622699125762e-09,4,64,86,256,1.7955622699125752e-09,1.0,0.0,0.0,-5.987191754139079e-06,8.089372448357034e-05,4.5541669090780955e-09,3.584646510083098e-11,2.0,2.4506271051151755e-09,1.0,0.0,PEM_uniform,0.03571428571428571,0.002326341160545761,-5.987191754139079e-06,8.089372448357034e-05,5.005404168149453e-22,3.584646510083098e-11,6.550648352026003e-10,500.64238255876006,680.4838749667397,0.0018290114532968323,4.627451678112066e-05,0.00013315543301883008,2.1413309033262177e-09,4.384978839450531e-05,0.00013073070463221474,1.922803942242893e-09,2.4506271051151755e-09,0.002403707954997039,area,0.0024905888821258274,26.43935067214077,26.333265951631518,nominal,legacy_test,DAVIS:dog-gooses,0.6935969181180341,pareto_addon,0.0031459015319346903,448,0.0,True,0.0,0.0,0,2.0,0.0,0.0,0.0
0.09821428571428571,0.00027323056483800066,-0.00017417840845343837,9.905215638456227e-05,0.0,1.7803938547747257e-07,3.0338117971372816e-08,,2.5,1.4385952659218788,dog-gooses,193.0792744178054,0,True,0.6310013883897951,True,True,DAVIS,0,,1.1037745146348674,1.0729283457070666e-07,4,64,86,256,1.0729283457070675e-07,1.0,0.0,0.0,0.00021127790248928388,0.00048450846732728454,3.6520371005583395e-07,4.4638352080271346e-08,2.0,1.7803938547747257e-07,19.997784400862024,0.0,PEM_greedy,0.0017857142857142859,0.0019802296262438905,2.453671406370001e-05,0.00029776727890170067,0.00012831250895585633,6.020503370437739e-10,7.074655090676582e-08,389.9534790719816,511.1785500048427,0.0035351791489792936,6.433272590980975e-05,0.0003375632907478104,4.138699622986707e-09,0.0003361770973657128,0.0006094076622037135,1.1301504079323596e-07,2.0299192705577365e-07,0.002217358306396748,area,0.0024905888821258274,27.119178831021358,27.032844462898076,nominal,legacy_test,DAVIS:dog-gooses,0.7012735891880122,pareto_addon,0.002824513616304045,448,0.0,True,0.0,0.0,0,2.0,0.0,0.0,0.0
0.09821428571428571,0.00012926506058768885,-2.1166588849597914e-05,0.00010809847173809094,0.0,6.017535522284822e-10,4.4802448352792275e-10,,2.5,0.014239115658067758,dog-gooses,156.02795465451362,0,True,0.006710758021474182,True,True,DAVIS,0,,13.777698620763072,3.421432279402544e-10,4,64,86,256,3.421432279402544e-10,1.0,0.0,0.0,-3.071513502068064e-05,9.854992556700822e-05,8.976201948278242e-10,9.434195193386422e-10,2.0,4.48998337057555e-10,0.5598519426963299,0.0,PPAT2026_M1,0.018102122866191107,0.0022541923325425685,0.00032720360430562754,0.0004564686648933164,0.0004678334920672018,1.0706219867059368e-07,2.596103242882278e-10,352.9021593086898,432.546674986952,0.0022125122207052378,-0.00012926506058768885,1.0869977681450993e-21,1.670945588873887e-08,-2.1166588849597914e-05,0.00010809847173809094,4.4802448352792275e-10,6.017535522284822e-10,0.002361323810647059,area,0.0024905888821258274,26.568101795399667,26.470090317688868,nominal,legacy_test,DAVIS:dog-gooses,0.6956989539595905,pareto_addon,0.0030599799944086973,448,0.0,True,0.0,0.0,0,2.0,0.0,0.0,0.0
0.09821428571428571,0.00010195702044035611,1.1709836446096339e-05,0.00011366685688645245,0.0,1.3074771259572094e-10,1.3712026959432612e-10,,2.5,0.00659456001990853,dog-gooses,160.65906394993192,0,True,0.006125737777837129,True,True,DAVIS,0,,6.009081327403269,1.1282639030779183e-10,4,64,86,256,1.128263903077917e-10,1.0,0.0,0.0,-2.1264116934126504e-06,9.983060874694346e-05,2.097982797157396e-10,4.521626689882056e-12,2.0,1.3074771259572094e-10,0.8605038911673247,0.0,PEM_audit_only,0.005601798704110526,0.0022964640066346505,0.0009288745515820073,0.0010308315720223634,0.0009930552090635114,8.628079325766751e-07,1.792132228792923e-11,357.5332686041081,430.51334998745006,0.0016133187023238055,1.799841887005473e-05,0.00011995543931041084,3.2394308182194216e-10,5.73539333046053e-05,0.00015931095374496142,3.2894736655091134e-09,6.359062536793112e-10,0.0023886318507943924,area,0.0024905888821258274,26.481466045164186,26.38940357057491,nominal,legacy_test,DAVIS:dog-gooses,0.6928419200541087,pareto_addon,0.0030787190677367517,448,0.0,True,0.0,0.0,0,2.0,0.0,0.0,0.0
0.09821428571428571,0.00025526112237518085,8.197286789327605e-05,0.0003372339902684569,0.0,2.252751072934034e-09,6.719551070648488e-09,0.02247590485737381,2.5,0.020959548865033983,dog-gooses,287.04796511974985,0,True,0.008008231877439733,True,True,DAVIS,0,0.2953601660046528,4.224825233088308,1.636267876412988e-09,4,64,86,256,1.6362678764129874e-09,1.0,0.0,0.0,5.266837001026691e-05,0.00030792949238544776,3.832104581528027e-09,2.773957199538383e-09,2.0,2.3797189909922387e-09,2.00000000002,1.8930178832465319,PEM_R9_TwinAudit,0.0023385254112329723,0.0020508231903048854,0.0008666988284044624,0.0011219599507796432,0.0007327820454220555,7.511668591576677e-07,6.164831965210468e-10,483.92216977392604,579.8230999789666,0.0033442722829540787,1.5540315844229057e-05,0.0002708014382194099,2.4150141653839664e-10,0.00022451570442055964,0.0004797768267957405,5.0407301531460105e-08,5.012917494785487e-09,0.002235327748859567,area,0.0024905888821258274,26.963434465351504,26.880717802873715,nominal,legacy_test,DAVIS:dog-gooses,0.6990857301548001,pareto_addon,0.002876007533211174,448,0.007509018977635281,True,6.512121966545392e-06,0.00012052422517141724,85,2.0,2.7165009366346907e-10,4.240773250716302e-11,0.00011401210320487185
0.09821428571428571,0.00024053100114553898,-7.753959136298235e-06,0.00023277704200924074,0.0,2.6385628368041573e-10,6.012388228738288e-11,,2.5,0.037613140942411125,goat,153.7209655572143,0,True,0.014056387538239555,True,True,DAVIS,0,,27.999999999999996,3.43239726868579e-10,4,64,90,256,2.638562836804151e-10,0.0,1.0,0.0,-1.996337120365203e-05,0.00022056762994188695,1.4272274120103364e-09,3.985361898148031e-10,2.0,2.6385628368041573e-10,1.0,0.0,PEM_uniform,0.03571428571428571,0.0026688549293320046,-1.996337120365203e-05,0.00022056762994188695,-5.195135409826376e-21,3.985361898148031e-10,6.203854594147708e-25,240.46514000252097,270.59906998765655,0.0023586860174952965,-5.823293112244105e-05,0.00018229807002309792,3.391074267110964e-09,-7.753959136298235e-06,0.00023277704200924074,6.012388228738288e-11,2.6385628368041573e-10,0.0027605512704694385,area,0.0030010822436047926,25.75203542764804,25.736750324706037,nominal,legacy_test,DAVIS:goat,0.7124389231062115,pareto_addon,0.005377830729509383,448,0.0,True,0.0,0.0,0,2.0,0.0,0.0,0.0
0.09821428571428571,0.0002798427452692187,-1.0089072928262189e-05,0.0002697536723409565,0.0,7.925385698152933e-09,1.0178939255179297e-10,,2.5,0.7061606686735294,goat,155.44602666502922,0,True,0.34412440544721834,True,True,DAVIS,0,,1.1037745146348676,1.2004846968777748e-08,4,64,90,256,7.92538569815294e-09,0.0,1.0,0.0,-8.914655270358542e-05,0.0001906961925656333,5.2893664004372274e-08,7.947107858933132e-09,2.0,7.925385698152933e-09,19.993182839191373,0.0,PEM_greedy,0.0017857142857142859,0.002612933945276606,-0.00013231292706537584,0.00014752981820384287,-0.00012105228319051682,1.7506710668607468e-08,-8.271806125530277e-24,242.1902011103359,270.15430998580996,0.00250371886421451,-6.982445807321409e-05,0.00021001828719600463,4.875454945218032e-09,0.0001466369366455394,0.0004264796819147581,2.1502391188787936e-08,2.381661185835933e-08,0.0027212395263457585,area,0.0030010822436047926,25.84222016436814,25.828715690573954,nominal,legacy_test,DAVIS:goat,0.7151090004836927,pareto_addon,0.005263297064528789,448,0.0,True,0.0,0.0,0,2.0,0.0,0.0,0.0
0.09821428571428571,0.00023598122068697576,-1.242575493856765e-05,0.0002235554657484081,0.0,1.89994917264266e-10,1.5439938579333836e-10,,2.5,0.013012725431652985,goat,148.396851110091,0,True,0.007285194961362201,True,True,DAVIS,0,,21.341361367223058,1.9314755059318695e-10,4,64,90,256,1.5282304512678555e-10,0.0,1.0,0.0,-5.802757856817486e-06,0.00023017846283015828,5.059381949655729e-10,3.3671998744857066e-11,2.0,1.5282304512678553e-10,0.9999990596449955,0.0,PPAT2026_M1,0.023003578762991972,0.002680017015813094,0.0002478950507996984,0.0004838762714866742,0.00019065749140286152,6.145195621098505e-08,3.717187213748045e-11,235.1410255553977,268.45241502160206,0.0023653829544091694,-0.00023598122068697576,3.0305350452850314e-21,5.5687136516915155e-08,-1.2425754938567705e-05,0.00022355546574840806,1.543993857933397e-10,1.89994917264266e-10,0.0027651010509280017,area,0.0030010822436047926,25.732404868924824,25.71862448564393,nominal,legacy_test,DAVIS:goat,0.7108159874741343,pareto_addon,0.005402779285031824,448,0.0,True,0.0,0.0,0,2.0,0.0,0.0,0.0
0.09821428571428571,0.0001529967208635966,-4.315049198195202e-06,0.0001486816716654014,0.0,6.652695136682188e-11,1.8619649582845057e-11,,2.5,0.009949779194219839,goat,145.1908811118402,0,True,0.006386658290194997,True,True,DAVIS,0,,9.307978735263617,7.465489077739118e-11,4,64,90,256,6.65269513668219e-11,0.0,1.0,0.0,6.349510185090304e-06,0.0001593462310486869,1.2909276323398837e-10,4.03162795905655e-11,2.0,6.652695136682188e-11,0.9999990572988481,0.0,PEM_audit_only,0.007365930800827772,0.0027767491406071295,0.0005267293014357228,0.0006797260222993195,0.0004622340875400616,2.7744375699096454e-07,-1.2924697071141057e-26,231.93505555714688,266.0073500184808,0.0022696790821074204,-3.195279726231146e-05,0.00012104392360128513,1.0209812528863788e-09,-1.3532205348960809e-05,0.00013946451551463579,1.8312058160644354e-10,3.3188331257756226e-10,0.0028480855507513805,area,0.0030010822436047926,25.5770611033173,25.56463353872786,nominal,legacy_test,DAVIS:goat,0.7008526727765763,pareto_addon,0.005601958280937957,448,0.0,True,0.0,0.0,0,2.0,0.0,0.0,0.0
0.09821428571428571,0.00025530983068909765,2.5568938589769555e-05,0.0002808787692788672,0.0,3.0918382785188946e-10,6.537706206074068e-10,0.017159321186056967,2.5,0.016985781305110307,goat,277.31694555453333,0,True,0.008503876086115782,True,True,DAVIS,0,0.1402775515209115,3.518904409801276,4.1097081026915115e-10,4,64,90,256,3.0659763980057176e-10,0.0,1.0,0.0,7.261137011197171e-05,0.00032792120080106936,1.271264891270056e-09,5.272411069537738e-09,2.0,3.0659763980057196e-10,2.00000000002,1.6016082979054223,PEM_R9_TwinAudit,0.0017857142857142859,0.0026435613541043834,0.00020901997866949523,0.0004643298093585929,0.0001218023073707028,4.368935148299624e-08,2.586188051317701e-12,364.06111999984,414.78069000295363,0.002511507315451812,-6.197506056948015e-05,0.0001933347701196175,3.840908132590733e-09,6.956458568226098e-05,0.0003248744163713586,4.839231581144629e-09,2.1829479585866695e-09,0.0027457724409258796,area,0.0030010822436047926,25.790936960364085,25.778106056523768,nominal,legacy_test,DAVIS:goat,0.7106195736537811,pareto_addon,0.005329025072085595,448,0.007985927756651263,True,1.7412057185208136e-06,3.927045454252401e-05,89,2.0,3.299261734091551e-11,3.031797354209583e-12,3.7529248824003197e-05
0.09821428571428571,7.362617541934656e-05,1.1417212567715779e-05,8.504338798706234e-05,0.0,2.8799102658567724e-10,1.3035274281640712e-10,,2.5,0.03931487770015102,loading,155.08263800176792,0,True,0.016144954745004686,True,True,DAVIS,0,,27.99999999999999,3.190068642348603e-10,4,64,50,256,2.8799102658567677e-10,0.0,1.0,0.0,-4.504411204799916e-05,2.85820633713474e-05,1.4613375223796009e-09,2.028972030192703e-09,2.0,2.8799102658567724e-10,1.0,0.0,PEM_uniform,0.03571428571428571,0.0021389384410059175,-4.504411204799916e-05,2.85820633713474e-05,-8.368685510794551e-21,2.028972030192703e-09,4.652890945610781e-25,236.97394400136545,272.3452999838628,0.0017224511086590603,4.184316860176944e-06,7.78104922795235e-05,1.750850758636104e-11,1.1417212567715792e-05,8.504338798706235e-05,1.3035274281640743e-10,2.8799102658567724e-10,0.002199679992094144,area,0.0022733061644248666,26.78196293325219,26.698017143140042,nominal,legacy_test,DAVIS:loading,0.8319487444130893,pareto_addon,0.004239632523132949,448,0.0,True,0.0,0.0,0,2.0,0.0,0.0,0.0
0.09821428571428571,0.00016737806507139365,4.1704269453318455e-05,0.0002090823345247121,0.0,1.773262959383004e-08,1.739246090634991e-09,,2.5,0.9077858259294441,loading,154.90238399244845,0,True,0.48680094630879334,True,True,DAVIS,0,,1.1037745146348674,1.9705353647001167e-08,4,64,50,256,1.7732629593830025e-08,0.0,1.0,0.0,0.0002907122397041366,0.00045809030477553025,9.118929695092843e-08,8.451360631379536e-08,2.0,1.773262959383004e-08,19.994452669345215,0.0,PEM_greedy,0.0017857142857142859,0.0019762421648001033,-3.135178026391098e-05,0.00013602628480748267,-4.92073814726912e-05,9.829341257165581e-10,1.3234889800848443e-23,236.79368999204598,278.4106999839423,0.0026806632232218913,-8.270181691040685e-06,0.00015910788338035296,6.839590520282457e-11,4.9361684230662245e-05,0.0002167397493020559,2.43657587008761e-09,2.878911238835373e-08,0.002105928102442097,area,0.0022733061644248666,27.12963346770056,27.041598389020244,nominal,legacy_test,DAVIS:loading,0.8396222296804733,pareto_addon,0.0038923008080505614,448,0.0,True,0.0,0.0,0,2.0,0.0,0.0,0.0
0.09821428571428571,9.641682393957583e-05,3.346895773355575e-06,9.976371971293141e-05,0.0,1.9073461758742952e-10,1.1201711317705413e-11,,2.5,0.0094818275938161,loading,157.90786999859847,0,True,0.010556882716372387,True,True,DAVIS,0,,17.059025388029344,1.3716838735287092e-10,4,64,50,256,1.2804441514563593e-10,0.0,1.0,0.0,-2.608925032096098e-05,7.032757361861485e-05,3.8682722839759354e-10,6.806489823097627e-10,2.0,1.2804441514563593e-10,0.999996681028614,0.0,PPAT2026_M1,0.0208407470899107,0.0020978573901826105,0.00010093274842927202,0.00019734957236884786,0.000211835138939824,1.0187419705486714e-08,6.269020244179359e-11,239.799175998196,277.0096299966099,0.0018695194499882303,-9.641682393957583e-05,-2.9077052892464037e-22,9.296203938595164e-09,3.346895773355575e-06,9.976371971293141e-05,1.1201711317705413e-11,1.9073461758742952e-10,0.0021768893435739145,area,0.0022733061644248666,26.86345182859734,26.782240379545826,nominal,legacy_test,DAVIS:loading,0.8338558257003494,pareto_addon,0.004154480608329574,448,0.0,True,0.0,0.0,0,2.0,0.0,0.0,0.0
0.09821428571428571,0.00011734193514759902,-9.922419330034797e-06,0.00010741951581756422,0.0,8.48467986119152e-11,9.84544053610482e-11,,2.5,0.006573012232580584,loading,152.94990200200118,0,True,0.010278457084090092,True,True,DAVIS,0,,8.569048581899354,8.818885393309496e-11,4,64,50,256,8.484679861191524e-11,0.0,1.0,0.0,-2.029742793485495e-05,9.704450721274407e-05,1.8662623214930592e-10,4.119855807706301e-10,2.0,8.48467986119152e-11,0.9999966727379844,0.0,PEM_audit_only,0.008144216945683931,0.002067339846730248,0.0005085893549118168,0.0006259312900594158,0.0006671065938841445,2.586631319296179e-07,-3.877409121342317e-26,234.84120800159872,276.6653800033964,0.0016750095490827594,-1.4538497666029374e-05,0.00010280343748156965,2.1136791438514156e-10,1.616881614280366e-05,0.00013351075129040268,2.6143061545978824e-10,4.694853002891077e-10,0.0021559642323658915,area,0.0022733061644248666,26.927258998393025,26.845881245204435,nominal,legacy_test,DAVIS:loading,0.8356905327055322,pareto_addon,0.004103627853697609,448,0.0,True,0.0,0.0,0,2.0,0.0,0.0,0.0
0.09821428571428571,0.0001469017619717307,-3.8653140322020345e-05,0.00010824862164971036,0.0,3.233820887243315e-10,1.494065256753795e-09,0.013190186837269309,2.5,0.01282873842346574,loading,284.70040399581194,0,True,0.011232979882068984,True,True,DAVIS,0,0.1824429864112378,3.6645695626242247,3.6123102312950617e-10,4,64,50,256,3.245983816315947e-10,0.0,1.0,0.0,-7.829403656508112e-05,6.860772540664959e-05,1.1023110798515622e-09,6.129956161654259e-09,2.0,3.2459838163159444e-10,2.00000000002,2.00000000002,PEM_R9_TwinAudit,0.002221529895139266,0.0020036910843757813,0.00019909629179035184,0.00034599805376208254,0.0003095057452898228,3.9639333404668924e-08,-1.2162929072632006e-12,366.5917099954095,414.2090999521315,0.0023240877674130835,-8.142884920190149e-06,0.00013875887705154055,6.630657482346012e-11,-4.436885855544457e-05,0.00010253290341628613,1.968595609513047e-09,2.384846693939424e-09,0.00212640440554176,area,0.0022733061644248666,27.048543227112027,26.981692342481107,nominal,legacy_test,DAVIS:loading,0.838145128652799,pareto_addon,0.0039659972697371,448,0.011210237145762438,True,-9.976138175205673e-06,3.1652530166322296e-05,49,2.0,1.0762464712910616e-10,9.952333289079598e-11,4.162866834152797e-05
0.09821428571428571,2.9464064622836102e-05,-4.2053753075085526e-06,2.525868931532755e-05,0.0,2.584363739016863e-10,1.7685181477002653e-11,,2.5,0.03745480097320256,longboard,149.3559134620367,0,True,0.013951832677601795,True,True,DAVIS,0,,27.999999999999993,2.1295080211953257e-10,4,64,52,256,2.1130022496256075e-10,0.3333333333333333,0.3333333333333333,0.3333333333333333,-3.164071003876335e-05,-2.176645415927247e-06,4.91137857911371e-10,1.0011345317570997e-09,2.0,2.584363739016863e-10,1.0,0.0,PEM_uniform,0.03571428571428571,0.0014073132916729617,-3.164071003876335e-05,-2.176645415927247e-06,-7.49298407486249e-22,1.0011345317570997e-09,4.7136148939125554e-11,242.24342884777937,282.8856150241336,0.0012923063374490724,2.7408287758975427e-05,5.687235238181153e-05,7.512142378788022e-10,-4.2053753075085526e-06,2.525868931532755e-05,1.7685181477002653e-11,2.584363739016863e-10,0.0014603370696948481,area,0.0014898011381424463,29.1144691000699,28.516092105261993,nominal,legacy_test,DAVIS:longboard,0.832428920876721,pareto_addon,0.0027181480614296293,448,0.0,True,0.0,0.0,0,2.0,0.0,0.0,0.0
0.09821428571428571,5.679044499771861e-05,-0.00015906985449007304,-0.00010227940949235443,0.0,2.199108966088906e-08,2.5303218607493008e-08,,2.5,1.0124506229718448,longboard,149.50097884642534,0,True,0.418505807542472,True,True,DAVIS,0,,1.1037745146348674,1.721418095597533e-08,4,64,52,256,1.533699940886506e-08,0.537712322199071,0.19016513658962697,0.27212254121130214,-9.279731724958543e-05,-3.6006872251866825e-05,3.381899478126162e-08,8.611342088720206e-09,2.0,2.199108966088906e-08,19.995507979058083,0.0,PEM_greedy,0.0017857142857142859,0.0013170845455629345,-1.8833323631850235e-05,3.7957121365868374e-05,-1.4906360070632254e-05,3.546940790220085e-10,6.6540902520239995e-09,242.388494232168,275.5714149941923,0.0020711133362952133,5.296748936466374e-05,0.00010975793436238235,2.8055549295957663e-09,-9.94548571752107e-05,-4.2664412177492085e-05,9.891268615741558e-09,2.2949541443713388e-08,0.0014330106893199652,area,0.0014898011381424463,29.368907536977638,28.80386346152152,nominal,legacy_test,DAVIS:longboard,0.8379701824626408,pareto_addon,0.002541053403304382,448,0.0,True,0.0,0.0,0,2.0,0.0,0.0,0.0
0.09821428571428571,4.518591783352009e-05,2.2196479400896492e-05,6.738239723441658e-05,0.0,1.7509131666228957e-10,4.926836977944223e-10,,2.5,0.007823005235013536,longboard,146.6539884579386,0,True,0.009884529190497593,True,True,DAVIS,0,,15.784562803964642,7.302850383406035e-11,4,64,52,256,7.302850383406035e-11,1.0,0.0,0.0,-9.0415057945064e-06,3.614441203901369e-05,1.5229264596816832e-10,8.17488270320928e-11,2.0,9.396137286468114e-11,0.8686307068804096,0.0,PPAT2026_M1,0.01792885047973233,0.0013809137635234438,9.238183905709043e-05,0.00013756775689061052,0.00012381754440282582,8.534404187570159e-09,1.0206281282822922e-10,239.54150384368126,274.376409969409,0.0016231355725274247,-4.518591783352009e-05,1.702692206610939e-21,2.041767170457629e-09,2.2196479400896492e-05,6.738239723441658e-05,4.926836977944223e-10,1.7509131666228957e-10,0.0014446152164841637,area,0.0014898011381424463,29.189663528689234,28.5983344176554,nominal,legacy_test,DAVIS:longboard,0.8339565462916158,pareto_addon,0.002671909968339227,448,0.0,True,0.0,0.0,0,2.0,0.0,0.0,0.0
0.09821428571428571,3.802920944484895e-05,-3.7863186000531464e-06,3.42428908447958e-05,0.0,4.915890549293448e-11,1.4336208541108419e-11,,2.5,0.007506861343064808,longboard,142.88490769439915,0,True,0.00976129296761987,True,True,DAVIS,0,,10.696902076708435,4.4533743698471066e-11,4,64,52,256,4.4387160587463216e-11,0.3333333333333333,0.3333333333333333,0.3333333333333333,-8.663960511955232e-06,2.9365248932893715e-05,6.853534420911692e-11,7.506421175271956e-11,2.0,4.915890549293448e-11,0.8684822512589417,0.0,PEM_audit_only,0.007981491264046679,0.0013936872991151426,0.00015605633361361138,0.00019408554305846032,0.0002044789689733197,2.4353579260922774e-08,4.771744905471266e-12,235.7724230801418,286.25686500163283,0.0015764186512543328,2.482355344822499e-05,6.285276289307394e-05,6.162088057968828e-10,-1.4377491204874913e-07,3.78854345328002e-05,2.0671225334625546e-14,2.1575109496128458e-10,0.0014517719248728351,area,0.0014898011381424463,29.14551322612347,28.558346577321316,nominal,legacy_test,DAVIS:longboard,0.8322764931432706,pareto_addon,0.0027009754417403053,448,0.0,True,0.0,0.0,0,2.0,0.0,0.0,0.0
0.09821428571428571,5.198021970314531e-05,4.633579403412484e-06,5.6613799106557796e-05,0.0,1.9971579211425325e-10,2.147005808772839e-11,0.012908944403970796,2.5,0.012908944403970798,longboard,272.03823461492834,0,True,0.010177520121576586,True,True,DAVIS,0,0.24265753493992465,4.1823539055202215,1.6475386062925082e-10,4,64,52,256,1.6475386062925085e-10,1.0,0.0,0.0,1.594366995658414e-05,6.792388965972945e-05,3.5398705866924307e-10,2.542006116844837e-10,2.0,2.0638004714557357e-10,2.00000000002,1.9495578940818645,PEM_R9_TwinAudit,0.0017857142857142859,0.001336807295207167,0.0001557896897074037,0.00020776990941054902,0.00011634307109994869,2.4270427419129123e-08,3.4961931485002396e-11,364.925750000671,412.77816998481285,0.002014497805324806,3.571241631089895e-05,8.769263601404426e-05,1.2753766787629612e-09,-8.145751865565742e-06,4.383446783757957e-05,6.635327345536777e-11,1.7965707347045435e-09,0.0014378209146145386,area,0.0014898011381424463,29.325765454839125,28.739311930820705,nominal,legacy_test,DAVIS:longboard,0.8362326241271713,pareto_addon,0.002577073122792686,448,0.010267650490892427,True,-2.1525646379808606e-06,2.2299943681570913e-05,51,2.0,7.551024495489061e-11,4.633534520685673e-12,2.4452508319551774e-05
0.09821428571428571,7.764626575346598e-05,6.136484892958261e-06,8.378275064642424e-05,0.0,6.686346117602441e-10,3.765644684150496e-11,,2.5,0.03938301809446279,mbike-trick,143.92613038226162,0,True,0.012326660791583868,True,True,DAVIS,0,,27.999999999999993,3.9380728052144255e-10,4,64,79,256,3.938072805214424e-10,1.0,0.0,0.0,2.0622546155771602e-05,9.826881190923758e-05,1.0570037726140214e-09,4.252894099469301e-10,2.0,6.686346117602441e-10,1.0,0.0,PEM_uniform,0.03571428571428571,0.0015319874593183748,2.0622546155771602e-05,9.826881190923758e-05,-3.1522491552100004e-21,4.252894099469301e-10,2.7482733123880173e-10,228.40523797667976,271.15802002954297,0.0014528381299352712,4.3330324512687196e-05,0.00012097659026615318,1.877517022374781e-09,6.136484892958275e-06,8.378275064642426e-05,3.765644684150513e-11,6.686346117602441e-10,0.001592245802796866,area,0.0016698920671957768,28.262238482328325,28.147447897759477,nominal,legacy_test,DAVIS:mbike-trick,0.8156078380220461,pareto_addon,0.0022282750386683585,448,0.0,True,0.0,0.0,0,2.0,0.0,0.0,0.0
0.09821428571428571,0.00016148867755935413,-8.732296510110339e-05,7.416571245825074e-05,0.0,2.2761432278275314e-08,7.625300234048521e-09,,2.5,0.8835727461348754,mbike-trick,147.40445822568705,0,True,0.3821386653359211,True,True,DAVIS,0,,1.1037745146348674,1.5600614752804017e-08,4,64,79,256,1.5584180852542672e-08,0.9543335004004829,0.045666499599517074,0.0,5.8144931762274695e-05,0.00021963360932162883,5.833942427506048e-08,3.3808330896395806e-09,2.0,2.2761432278275314e-08,19.997057246424763,0.0,PEM_greedy,0.0017857142857142859,0.0013768855676026,0.00013294544374351042,0.00029443412130286456,0.00011217759930879948,1.7674491012158894e-08,7.177251425732642e-09,231.8835658201052,266.5948699635919,0.0018819369011838134,5.310705566659689e-05,0.00021459573322595103,2.8203593615750214e-09,-6.505687010536292e-05,9.643180745399121e-05,4.2323963479060635e-09,2.8813054668139965e-08,0.001508403390990978,area,0.0016698920671957768,28.7622244551148,28.611021522803664,nominal,legacy_test,DAVIS:mbike-trick,0.8244725600956873,pareto_addon,0.0019662892861167422,448,0.0,True,0.0,0.0,0,2.0,0.0,0.0,0.0
0.09821428571428571,5.140490769143568e-05,1.8579012642245425e-05,6.99839203336811e-05,0.0,2.863134967799987e-10,3.451797107607153e-10,,2.5,0.00953419314083072,mbike-trick,142.06992910918484,0,True,0.006799330938337587,True,True,DAVIS,0,,15.2655962831901,1.01903575685317e-10,4,64,79,256,1.0190357568531683e-10,1.0,0.0,0.0,-2.2290928226732014e-06,4.9175814868762476e-05,1.8814009660754455e-10,4.968854812093181e-12,2.0,1.3513062386957872e-10,0.9999974349613113,0.0,PPAT2026_M1,0.01426747221800991,0.0015827198001075419,0.00010924809973640584,0.0001606530074278415,0.00014687670120094677,1.1935147296015679e-08,1.8440992109468187e-10,226.54903670360298,260.8538300090004,0.0011208057336972062,-5.140490769143568e-05,-8.29932895242173e-22,2.642464534765023e-09,1.8579012642245425e-05,6.99839203336811e-05,3.451797107607153e-10,2.863134967799987e-10,0.0016184871608588966,area,0.0016698920671957768,28.11267111506158,28.005959645048186,nominal,legacy_test,DAVIS:mbike-trick,0.8126125194600331,pareto_addon,0.0023281902450850473,448,0.0,True,0.0,0.0,0,2.0,0.0,0.0,0.0
0.09821428571428571,9.553237964721268e-05,-1.0123100997790668e-05,8.540927864942201e-05,0.0,7.62357120303196e-11,1.0247717381147042e-10,,2.5,0.009923225023699828,mbike-trick,148.40314050700186,0,True,0.006847037526340499,True,True,DAVIS,0,,6.729898808121422,6.497070774969061e-11,4,64,79,256,6.497070774969064e-11,1.0,0.0,0.0,-2.725436760552582e-06,9.28069428866601e-05,1.2636154660155176e-10,7.428005535771352e-12,2.0,7.62357120303196e-11,0.9999974285568539,0.0,PEM_audit_only,0.005361835705649697,0.0015037028597862409,0.000624972094246333,0.0007205044738935457,0.0006537430228621019,3.905901185866473e-07,1.126500428062896e-11,232.88224810142,270.60460000648163,0.0012232476280185252,3.833778670094169e-05,0.00013387016634815437,1.4697858891269016e-09,-1.9669332604309902e-05,7.586304704290278e-05,3.8688264509896855e-10,1.0002327737632866e-09,0.0015743596889031197,area,0.0016698920671957768,28.36867612478243,28.228379743191727,nominal,legacy_test,DAVIS:mbike-trick,0.8172588910378685,pareto_addon,0.0022173154193658225,448,0.0,True,0.0,0.0,0,2.0,0.0,0.0,0.0
0.09821428571428571,0.00015823323089748435,1.1138015968038416e-06,0.0001593470324942882,0.0,7.001140589621371e-10,1.2405539970427872e-12,0.01610196407377928,2.5,0.01602635099631317,mbike-trick,269.7216835450617,0,True,0.008158872090571912,True,True,DAVIS,0,0.15911646041307034,3.4563617248245055,5.700509597073057e-10,4,64,79,256,5.700509597073063e-10,1.0,0.0,0.0,-2.7893399170385926e-05,0.00013033983172709842,1.1952975575323977e-09,7.780417172784863e-10,2.0,7.400067936889229e-10,2.00000000002,2.00000000002,PEM_R9_TwinAudit,0.0017857142857142859,0.0013963758609458901,0.0003313968498035798,0.0004896300807010641,0.0003335024477630925,1.0982387205973643e-07,1.3006309925483075e-10,354.2007911394798,397.95961997588165,0.0018069149970742647,3.9123253491660915e-05,0.00019735648438914526,1.530628963772758e-09,8.464292707033424e-05,0.0002428761579678186,7.164425103033922e-09,5.2389032109099005e-09,0.0015116588376528476,area,0.0016698920671957768,28.703018661435543,28.54997667412006,nominal,legacy_test,DAVIS:mbike-trick,0.8221905417968302,pareto_addon,0.002011261794621689,448,0.007788122428962468,True,5.183490480257105e-06,5.1037939023531634e-05,78,2.0,9.472942681254789e-11,2.686857355891603e-11,4.585444854327453e-05
0.09821428571428571,6.25472337655498e-06,-2.7251212924641797e-06,3.5296020840908002e-06,0.0,1.238203248049522e-11,7.426286058641642e-12,,2.5,0.018961954597227923,motocross-jump,149.694520002231,0,True,0.013282655107379113,True,True,DAVIS,0,,27.99999999999999,1.2941676539475674e-11,4,64,40,256,1.2382032480495242e-11,0.0,1.0,0.0,3.008310505225759e-05,3.633782842881257e-05,7.097391088791268e-11,9.049932095851662e-10,2.0,1.238203248049522e-11,1.0,0.0,PEM_uniform,0.03571428571428571,0.000497146203805068,3.008310505225759e-05,3.633782842881257e-05,6.495022119279275e-22,9.049932095851662e-10,-2.1002632740604218e-26,240.9688375031692,278.78971997997724,0.00037996789677149776,2.7628249897370194e-06,9.017548366292e-06,7.63320192391536e-12,-2.7251212924641797e-06,3.5296020840908002e-06,7.426286058641642e-12,1.238203248049522e-11,0.0005164756460101438,area,0.0005227303678111639,33.30791800708466,33.03515872497483,nominal,legacy_test,DAVIS:motocross-jump,0.9016582993664572,pareto_addon,0.0009899706741890325,448,0.0,True,0.0,0.0,0,2.0,0.0,0.0,0.0
0.09821428571428571,1.4665524434762707e-05,8.881992185265229e-06,2.3547516620027936e-05,0.0,1.5959780201140454e-09,7.88897851791126e-11,,2.5,0.4514156727480037,motocross-jump,141.9993199975579,0,True,0.2230727170049059,True,True,DAVIS,0,,1.1037745146348676,1.3255995308633212e-09,4,64,40,256,1.1477755764720421e-09,0.37393890948247815,0.38998671878668334,0.23607437173083856,-1.3864367991509748e-05,8.01156443252959e-07,4.1024654218475344e-09,1.9222069980400004e-10,2.0,1.5959780201140454e-09,19.975214444065738,0.0,PEM_greedy,0.0017857142857142859,0.00045694184231481603,1.2473443867441878e-05,2.7138968302204586e-05,1.5370621729347595e-05,1.555868019142234e-10,4.482024436420033e-10,233.2736374984961,272.2355950740166,0.0008316574389535316,1.0109709243583317e-05,2.4775233678346024e-05,1.0220622098979396e-10,1.348001106554345e-06,1.6013525541317052e-05,1.8171069832717385e-12,1.7605644198686878e-09,0.0005080648449519361,area,0.0005227303678111639,33.70827082334224,33.40139071634804,nominal,legacy_test,DAVIS:motocross-jump,0.9058197175731714,pareto_addon,0.0009072467426323044,448,0.0,True,0.0,0.0,0,2.0,0.0,0.0,0.0
0.09821428571428571,2.6453758482402107e-06,2.0105518506547534e-06,4.655927698894964e-06,0.0,4.3772263130390655e-12,4.042318744171254e-12,,2.5,0.0026493405344606515,motocross-jump,150.89022000174737,0,True,0.012300621940316883,True,True,DAVIS,0,,21.991620586537334,2.8276242490823736e-12,4,64,40,256,2.216717325610734e-12,0.3333333333333333,0.3333333333333333,0.3333333333333333,3.3017983479910823e-06,5.947174196231293e-06,3.942845758129407e-12,1.090187233079664e-11,2.0,2.942029748051384e-12,1.0,0.0,PPAT2026_M1,0.01743046961920374,0.0005060528125283072,1.252699385225614e-05,1.5172369700496352e-05,7.16076956900218e-06,1.5692557497446313e-10,2.1605089874283316e-12,242.16453750268556,271.1443500011228,0.00044281977304723956,-2.6453758482402107e-06,1.13094792143076e-22,6.998013378452614e-12,2.0105518506547534e-06,4.655927698894964e-06,4.042318744171254e-12,4.3772263130390655e-12,0.0005200849935384586,area,0.0005227303678111639,33.255088315404016,32.958041570875764,nominal,legacy_test,DAVIS:motocross-jump,0.9011945276013578,pareto_addon,0.0010074583308311174,448,0.0,True,0.0,0.0,0,2.0,0.0,0.0,0.0
0.09821428571428571,5.129565936296303e-06,2.276724581960292e-06,7.406290518256595e-06,0.0,4.038932818240408e-12,5.183474822102267e-12,,2.5,0.003248268539178441,motocross-jump,140.67566999729024,0,True,0.012308527238204334,True,True,DAVIS,0,,20.90366400711858,3.738526590968588e-12,4,64,40,256,2.94652776440151e-12,0.3333333333333333,0.3333333333333333,0.3333333333333333,4.779881080944043e-06,9.909447017240347e-06,6.876795292697621e-12,2.2847263147966796e-11,2.0,4.038932818240408e-12,1.0,0.0,PEM_audit_only,0.016327015785668097,0.0004974532802108588,6.990471500436778e-05,7.503428094066408e-05,3.480826941016115e-05,4.886669179841882e-09,1.0924050538388977e-12,231.94998749822844,276.6565600235481,0.0004859480238881203,4.541021946470358e-06,9.670587882766661e-06,2.062088031832544e-11,-4.60268212739159e-08,5.083539115022387e-06,2.1184682765809974e-15,1.2957518785315086e-11,0.0005176008034504024,area,0.0005227303678111639,33.31420812572386,33.03247701047692,nominal,legacy_test,DAVIS:motocross-jump,0.9017189623233743,pareto_addon,0.000989462601565828,448,0.0,True,0.0,0.0,0,2.0,0.0,0.0,0.0
0.09821428571428571,1.644402053361378e-05,-1.2805784238987386e-06,1.5163442109715042e-05,0.0,1.586830671258461e-11,1.6398810997549775e-12,0.005212052961433369,2.5,0.005176438962677121,motocross-jump,267.25890500383684,0,True,0.012386649823509848,True,True,DAVIS,0,0.2933651535142833,4.229314245005032,1.459903201486968e-11,4,64,40,256,1.3949203681580079e-11,0.3333333333333333,0.3333333333333333,0.3333333333333333,-1.3029071987304154e-05,3.4149485463096264e-06,4.305951597867323e-11,1.6975671685035383e-10,2.0,1.5886949217831813e-11,2.00000000002,2.00000000002,PEM_R9_TwinAudit,0.002288054429206495,0.00046198606967075143,1.953194665400504e-05,3.597596718761882e-05,6.979010512488585e-05,3.8149694009489865e-10,1.9191030310045314e-12,358.53322250477504,413.52551003219554,0.0007356635005200062,7.110404737524865e-06,2.3554425271138646e-05,5.0557855531416046e-11,-1.2616393859916751e-05,3.8276266736970294e-06,1.591733940285451e-10,2.3957556266008033e-10,0.000506286348853085,area,0.0005227303678111639,33.65652209387836,33.353711195874546,nominal,legacy_test,DAVIS:motocross-jump,0.9053132970396955,pareto_addon,0.0009180870140766125,448,0.012675691078575748,True,1.0147234895149128e-06,1.0433768491939908e-05,39,2.0,5.9522103413292415e-12,1.0296637601733213e-12,9.419045002424995e-06
0.09821428571428571,2.2592418714690412e-05,-9.02674125697941e-06,1.3565677457711002e-05,0.0,1.0493656456408913e-10,8.148205772045422e-11,,2.5,0.03149515838462,paragliding-launch,151.62032624939457,0,True,0.009842229472120798,True,True,DAVIS,0,,27.999999999999993,7.852565860591452e-11,4,64,80,256,6.487397159959066e-11,0.3333333333333333,0.3333333333333333,0.3333333333333333,-1.5217587608728834e-05,7.374831105961578e-06,2.1769130194563584e-10,2.3157497262933737e-10,2.0,1.0493656456408913e-10,1.0,0.0,PEM_uniform,0.03571428571428571,0.001182831798427408,-1.5217587608728834e-05,7.374831105961578e-06,-1.2090072035023445e-21,2.3157497262933737e-10,4.0062592964498474e-11,238.9829412502877,275.56637996749487,0.0012877983970885402,1.6163406818058577e-05,3.875582553274899e-05,2.6125571996606253e-10,-9.02674125697941e-06,1.3565677457711002e-05,8.148205772045422e-11,1.0493656456408913e-10,0.0012243345143875869,area,0.0012469269371649717,29.535688195561242,29.27077008718183,nominal,legacy_test,DAVIS:paragliding-launch,0.8063294246243654,pareto_addon,0.002257756097765742,448,0.0,True,0.0,0.0,0,2.0,0.0,0.0,0.0
0.09821428571428571,9.73074232678168e-05,2.8876416911574084e-05,0.00012618384017939088,0.0,5.439348609283882e-09,8.338474536510417e-10,,2.5,0.8643382381029913,paragliding-launch,154.13735624824767,0,True,0.37344211611471523,True,True,DAVIS,0,,1.1037745146348676,3.7163687975750804e-09,4,64,80,256,3.4127354996142528e-09,0.753450748952315,0.13172604637575783,0.11482320467192718,-8.387075249097965e-05,1.3436670776837144e-05,2.8889278741865853e-08,7.03430312340317e-09,2.0,5.439348609283882e-09,19.99172146508833,0.0,PEM_greedy,0.0017857142857142859,0.0010045030063094995,0.00026078696910709334,0.0003580943923749101,0.0002625451871458483,6.800984325606405e-08,2.026613109669629e-09,241.4999712491408,277.7301050518872,0.0018960077822883091,3.454093496610796e-05,0.00013184835823392476,1.1930761883328993e-09,4.12904276193573e-05,0.0001385978508871741,1.7048994129893842e-09,7.79085817416711e-09,0.0011496195098344604,area,0.0012469269371649717,30.36167014470512,29.98048759143036,nominal,legacy_test,DAVIS:paragliding-launch,0.8132680569882751,pareto_addon,0.0019312107330671897,448,0.0,True,0.0,0.0,0,2.0,0.0,0.0,0.0
0.09821428571428571,4.322080300750286e-05,-5.425099691210382e-06,3.779570331629248e-05,0.0,4.443505394250118e-11,2.943170665957098e-11,,2.5,0.00540933224149444,paragliding-launch,152.36285624996526,0,True,0.006346151294165969,True,True,DAVIS,0,,13.540007702359315,1.5183792311594624e-11,4,64,80,256,1.5183792311594618e-11,1.0,0.0,0.0,1.4368608757725688e-06,4.465766388327543e-05,6.896078748136566e-11,2.0645691763259135e-12,2.0,1.7005709005904537e-11,0.9999990758984016,0.0,PPAT2026_M1,0.018972108526225908,0.0011431696622411505,0.00017981302928423744,0.0002230338322917403,0.00018534448970228653,3.233272550037403e-08,2.9251261630906564e-11,239.7254712508584,270.7384550187271,0.0011429286469757953,-4.322080300750286e-05,-6.828848631260987e-22,1.8680378126133684e-09,-5.425099691210382e-06,3.779570331629248e-05,2.943170665957098e-11,4.443505394250118e-11,0.0012037061300947745,area,0.0012469269371649717,29.76971368247148,29.418893094935804,nominal,legacy_test,DAVIS:paragliding-launch,0.8083968380775175,pareto_addon,0.0021971507746224575,448,0.0,True,0.0,0.0,0,2.0,0.0,0.0,0.0
0.09821428571428571,4.097638255545805e-05,-3.146344184614552e-06,3.78300383708435e-05,0.0,1.498505390329803e-11,9.89948172805781e-12,,2.5,0.0038437596462846937,paragliding-launch,149.06258750488632,0,True,0.006258984000877342,True,True,DAVIS,0,,7.652218991613395,1.3787286839966126e-11,4,64,80,256,1.3787286839966122e-11,1.0,0.0,0.0,-6.4091441884835465e-06,3.4567238366974504e-05,3.739383388515576e-11,4.107712922877242e-11,2.0,1.498505390329803e-11,0.9999990735929196,0.0,PEM_audit_only,0.011370115160316734,0.001136329213775837,0.00034673088879033935,0.0003877072713457974,0.00037297680693942816,1.2022230924133868e-07,1.1977670633319074e-12,236.42520250577945,268.6177050229162,0.001004385034292436,1.3693034069676868e-05,5.466941662513492e-05,1.8749918203333145e-10,1.1165086958254676e-06,4.209289125128352e-05,1.2465916678538865e-12,8.289416363972192e-11,0.0012059505505468194,area,0.0012469269371649717,29.790232304685922,29.444958279445682,nominal,legacy_test,DAVIS:paragliding-launch,0.8074846626913443,pareto_addon,0.0021710282919127017,448,0.0,True,0.0,0.0,0,2.0,0.0,0.0,0.0
0.09821428571428571,9.832378837844318e-05,1.2262550176165218e-05,0.0001105863385546084,0.0,8.905680917968492e-11,1.503701368229696e-10,0.008886009877478503,2.5,0.00881081899782904,paragliding-launch,277.1532450031373,0,True,0.006874928559207845,True,True,DAVIS,0,0.16808080338150516,3.0237372806756477,7.41134527370671e-11,4,64,80,256,7.41134527370669e-11,1.0,0.0,0.0,3.783910400334805e-06,0.00010210769877877798,2.775364946896004e-10,1.4317977917761903e-11,2.0,9.060907319526736e-11,2.00000000002,2.00000000002,PEM_R9_TwinAudit,0.0023238182837455497,0.0010176690463185427,0.00045638325702290365,0.0005547070454013468,0.0004370316484092063,2.0828567729083372e-07,1.4943356442618013e-11,364.5158600040304,417.80136497400235,0.00235582337018146,2.264576743108477e-05,0.00012096955580952795,5.128307825427797e-10,5.551037303031054e-06,0.00010387482568147423,3.081401513964228e-11,1.277614592736227e-09,0.001148603144723834,area,0.0012469269371649717,30.275104616088072,29.923934348935155,nominal,legacy_test,DAVIS:paragliding-launch,0.8122291641138883,pareto_addon,0.0019448043521731041,448,0.0068127004859464485,True,4.489391138261669e-06,4.591063340281126e-05,79,2.0,2.3328443080157173e-11,2.0154632792302408e-11,4.142124226454959e-05
0.09821428571428571,3.374483298372242e-05,6.1791052947330865e-06,3.9923938278455505e-05,0.0,6.876736370807351e-11,3.818134224339846e-11,,2.5,0.02999254773226446,pigs,151.03673038096463,0,True,0.010332949769725907,True,True,DAVIS,0,,27.999999999999993,2.733554462009332e-11,4,64,79,256,2.7335544620093357e-11,1.0,0.0,0.0,6.610382057096429e-06,4.035521504081885e-05,2.1650548017445103e-10,4.369715094078241e-11,2.0,6.876736370807351e-11,1.0,0.0,PEM_uniform,0.03571428571428571,0.0005812269004850405,6.610382057096429e-06,4.035521504081885e-05,-1.7423146073330494e-21,4.369715094078241e-11,4.143181908798016e-11,236.9541240520068,267.1775999420788,0.0005394347097244954,1.5893630288960487e-05,4.9638463272682906e-05,2.5260748376216225e-10,6.17910529473308e-06,3.99239382784555e-05,3.818134224339838e-11,6.876736370807351e-11,0.0005993915545705976,area,0.0006331363895501281,32.445072163498764,32.35654293785823,nominal,legacy_test,DAVIS:pigs,0.8788957871131556,pareto_addon,0.0007440210246210125,448,0.0,True,0.0,0.0,0,2.0,0.0,0.0,0.0
0.09821428571428571,5.924942774565618e-05,0.00010694768394426654,0.00016619711168992273,0.0,3.2525555411038582e-09,1.1437807101042728e-08,,2.5,0.7106766333916212,pigs,149.6761544317278,0,True,0.24685105284134243,True,True,DAVIS,0,,1.1037745146348674,1.1377134104207006e-09,4,64,79,256,9.080715139943699e-10,0.761632353146959,0.2383676468530411,0.0,0.00012956308246155431,0.0001888125102072105,9.213433804646522e-09,1.6786592336939524e-08,2.0,3.2525555411038582e-09,19.98992536874987,0.0,PEM_greedy,0.0017857142857142859,0.0005368215537234849,-6.254433587444416e-06,5.299499415821176e-05,-1.3659228011929047e-05,3.911793949975283e-11,2.344484027109488e-09,235.59354810277,271.4299399405718,0.0008110139783685489,3.287543094304033e-05,9.212485868869651e-05,1.0807939596906138e-09,0.00012855207848536872,0.0001878015062310249,1.6525636882908397e-08,3.85047461917204e-09,0.0005738869598086639,area,0.0006331363895501281,32.79792569995509,32.70170055292021,nominal,legacy_test,DAVIS:pigs,0.8844741974909692,pareto_addon,0.0007096011189210598,448,0.0,True,0.0,0.0,0,2.0,0.0,0.0,0.0
0.09821428571428571,3.983228039884969e-05,5.755217818496917e-06,4.5587498217346606e-05,0.0,6.332072661520797e-11,3.312253213834442e-11,,2.5,0.006955527036263316,pigs,154.95111772354363,0,True,0.006553853745920066,True,True,DAVIS,0,,13.816643897596823,1.0076374415746767e-11,4,64,79,256,1.007637441574679e-11,1.0,0.0,0.0,-9.588728340857888e-06,3.02435520579918e-05,4.2413380270527434e-11,9.194371119477127e-11,2.0,1.56526340989758e-11,0.9999990758984525,0.0,PPAT2026_M1,0.020678475329566987,0.0005733546837216601,0.00011390525329330503,0.00015373753369215471,0.00014856080471494567,1.2974406727811978e-08,5.3244352199461176e-11,240.8685113945858,278.0682700278703,0.00044796062798138956,-3.983228039884969e-05,9.912405937190611e-23,1.5866105617725852e-09,5.755217818496924e-06,4.558749821734661e-05,3.3122532138344496e-11,6.332072661520797e-11,0.0005933041071554704,area,0.0006331363895501281,32.51278394849264,32.41576635399566,nominal,legacy_test,DAVIS:pigs,0.8800194872654286,pareto_addon,0.0007407180637981788,448,0.0,True,0.0,0.0,0,2.0,0.0,0.0,0.0
0.09821428571428571,3.6614598309674366e-05,-3.3551864210432726e-06,3.325941188863109e-05,0.0,7.649891486225004e-12,1.1257275919953165e-11,,2.5,0.0062808051811057974,pigs,148.41106075784663,0,True,0.006463781790756709,True,True,DAVIS,0,,8.831161220502612,5.107954657265048e-12,4,64,79,256,5.107954657265051e-12,1.0,0.0,0.0,-1.994612937941384e-06,3.461998537173298e-05,1.651085089515369e-11,3.97848077220316e-12,2.0,7.649891486225004e-12,0.9999990735929196,0.0,PEM_audit_only,0.009413898588925652,0.0005748709245767911,0.0002653582334757257,0.00030197283178540007,0.0002783110744583133,7.041499207335776e-08,2.5419368289599537e-12,234.32845442888882,265.771819971269,0.000453364071590479,1.5549229088115106e-05,5.216382739778947e-05,2.417785252346849e-10,6.664054413059781e-06,4.327865272273415e-05,4.440962122022154e-11,9.654276121370963e-11,0.0005965217892446458,area,0.0006331363895501281,32.48768024240491,32.40429656243885,nominal,legacy_test,DAVIS:pigs,0.8798763555268801,pareto_addon,0.0007443938194725695,448,0.0,True,0.0,0.0,0,2.0,0.0,0.0,0.0
0.09821428571428571,5.6229970917298525e-05,1.2328031213326121e-06,5.746277403863114e-05,0.0,4.854016080757842e-11,1.519803535967431e-12,0.009138795246063773,2.5,0.00913569439282547,pigs,283.5075164558602,0,True,0.006860485772288666,True,True,DAVIS,0,0.17843401085000948,3.6621727129940678,2.9484737582462265e-11,4,64,79,256,2.948473758246234e-11,1.0,0.0,0.0,-1.062407727976728e-05,4.5605893637531244e-05,1.2638215016948131e-10,1.1287101804646734e-10,2.0,5.3083259348502844e-11,2.00000000002,2.00000000002,PEM_R9_TwinAudit,0.0017857142857142859,0.0005415909173127408,7.038313502364559e-05,0.00012661310594094412,0.00011813571653674687,4.953785695756727e-09,1.9055423225116077e-11,369.4249101269024,429.6026399882976,0.0008207748713154756,2.4183239986702733e-05,8.041321090400126e-05,5.84829096254458e-10,2.2471485678592323e-05,7.870145659589085e-05,5.049676686031799e-10,1.0026085033349985e-09,0.0005769064166370215,area,0.0006331363895501281,32.75799961673964,32.66328627546755,nominal,legacy_test,DAVIS:pigs,0.8842234830771439,pareto_addon,0.0007178439969702204,448,0.006816339846297823,True,-4.490229529632147e-06,1.2702339864824907e-05,78,2.0,4.5055708130783384e-12,2.0162161228780533e-11,1.7192569394457054e-05
0.09821428571428571,0.0011542587650326195,6.299121744022368e-05,0.0012172499824728432,0.0,5.205561312948206e-09,3.96789347460154e-09,,2.5,0.07223546199741047,schoolgirls,142.22978000179864,0,True,0.03449351260462206,True,True,DAVIS,0,,27.999999999999993,2.8203285414103136e-09,4,64,80,256,2.7398398692144435e-09,0.8469739319630945,0.1530260680369055,1.431146867680866e-17,-9.876907691311766e-05,0.0010554896881195019,3.4554913821666596e-08,9.755330554269351e-09,2.0,5.205561312948206e-09,1.0,0.0,PEM_uniform,0.03571428571428571,0.003819773662762162,-9.876907691311766e-05,0.0010554896881195019,-5.3871295364594145e-20,9.755330554269351e-09,2.4657214437337624e-09,226.41790000125184,262.52731504209805,0.0030319324439232317,-0.00013035211932173373,0.0010239066457108858,1.6991675011667508e-08,6.299121744022368e-05,0.0012172499824728432,3.96789347460154e-09,5.205561312948207e-09,0.003945781034580574,area,0.005100039817625657,24.220485940132114,24.179623700531174,nominal,legacy_test,DAVIS:schoolgirls,0.7338396339285318,pareto_addon,0.002790502312664952,448,0.0,True,0.0,0.0,0,2.0,0.0,0.0,0.0
0.09821428571428571,0.0014081843087396335,-0.00018760105580317103,0.0012205832529364625,0.0,1.6901892951793642e-07,3.519415613846449e-08,,2.5,1.4417267290502784,schoolgirls,139.7272262503975,0,True,0.8546937206172721,True,True,DAVIS,0,,1.1037745146348676,1.164281872809262e-07,4,64,80,256,1.1470281759629135e-07,0.8487319242621244,0.15126807573787568,0.0,-0.0006237406010121257,0.0007844437077275078,1.2814715251104017e-06,3.890523373509678e-07,2.0,1.6901892951793642e-07,19.99934929821407,0.0,PEM_greedy,0.0017857142857142859,0.003512996585449191,-0.000882037518394216,0.0005261467903454175,-0.0008547859487570035,7.77990183855027e-07,5.4316111921645076e-08,223.9153462498507,255.07275502022821,0.003654393319637629,-0.00011340448364233809,0.0012947798250972954,1.2860576910185327e-08,-0.0008437476230985062,0.0005644366856411273,7.119100514843789e-07,6.835905949113116e-07,0.003691855490873559,area,0.005100039817625657,24.591648973597234,24.543222723318845,nominal,legacy_test,DAVIS:schoolgirls,0.7392046789294227,pareto_addon,0.0026805066969353016,448,0.0,True,0.0,0.0,0,2.0,0.0,0.0,0.0
0.09821428571428571,0.0011018392510941514,4.042326811990143e-05,0.0011422625192140528,0.0,3.151771986660829e-09,1.6340406054934395e-09,,2.5,0.04493225914120206,schoolgirls,146.37178249831777,0,True,0.01908057169233696,True,True,DAVIS,0,,23.168591994698378,1.6604687385227155e-09,4,64,80,256,1.6600335251736399e-09,0.9875854787481402,0.012414521251859822,0.0,7.870395447750339e-05,0.0011805432055716548,1.9995512178884662e-08,6.194312450396926e-09,2.0,4.414209251214675e-09,0.996576212280331,0.0,PPAT2026_M1,0.023130881218167525,0.0038847811281754905,0.0008539272478343468,0.001955766498928498,0.0007233558199237683,7.291917445939419e-07,1.4917384614871893e-09,230.55990249777096,268.16417006775737,0.002677514160300717,-0.0011018392510941514,3.490999969994296e-20,1.2140497352517204e-06,4.042326811990143e-05,0.0011422625192140528,1.6340406054934395e-09,3.151771986660829e-09,0.003998200548519041,area,0.005100039817625657,24.144802346039036,24.106334446888873,nominal,legacy_test,DAVIS:schoolgirls,0.7231419273635169,pareto_addon,0.0028211757995916693,448,0.0,True,0.0,0.0,0,2.0,0.0,0.0,0.0
0.09821428571428571,0.0004331694618962276,-2.2347984467830208e-07,0.0004329459820515493,0.0,5.397609427189465e-10,4.9943240977438026e-14,,2.5,0.018031969836451663,schoolgirls,146.49292625690578,0,True,0.008076287081291008,True,True,DAVIS,0,,5.465847372097396,1.8924980318567562e-10,4,64,80,256,1.892498031856757e-10,1.0,0.0,0.0,-1.2010990735329349e-05,0.00042115847116089826,9.000703263147502e-10,1.4426389844416747e-10,2.0,5.397609427189465e-10,0.996569487951947,0.0,PEM_audit_only,0.002958006571755151,0.004580187371565429,0.002193451126764351,0.0026266205886605787,0.0023708013687047686,4.8112278455038015e-06,3.5051113953327076e-10,230.68104625635897,267.75494496396277,0.002693124016868983,-1.7184447667162295e-05,0.0004159850142290653,2.9530524162543966e-10,8.1752615631125e-05,0.0005149220775273526,6.6834901625304645e-09,1.2714389995331084e-08,0.0046668703377169655,area,0.005100039817625657,23.399815793766248,23.39116755015251,nominal,legacy_test,DAVIS:schoolgirls,0.6826006166981526,pareto_addon,0.002786193043114819,448,0.0,True,0.0,0.0,0,2.0,0.0,0.0,0.0
0.09821428571428571,0.0012890178101200881,6.253741165767484e-05,0.001351555221777763,0.0,5.293849462167429e-09,3.910927856841485e-09,0.05825427672136493,2.5,0.053265758027026794,schoolgirls,271.9990350022272,0,True,0.023878168115627877,True,True,DAVIS,0,0.15144289634152988,3.659175202557016,3.1893174735330576e-09,4,64,80,256,3.058772522276981e-09,0.8346537651939829,0.16534623480601707,0.0,0.00016466827661566785,0.001453686086735756,3.607851795019122e-08,2.71156413235741e-08,2.0,6.385246838156568e-09,2.00000000002,1.9079198188525004,PEM_R9_TwinAudit,0.0017857142857142859,0.0036651089681767656,0.0005003981207842361,0.0017894159309043243,0.00030528518811337506,2.5039827928439493e-07,2.235076939890448e-09,356.18715500168037,401.7785350210033,0.0037134949745807706,-0.00022660368535640956,0.0010624141247636786,5.134923021710667e-08,8.46391839342815e-06,0.0012974817285135163,7.163791457061136e-11,5.164336330829598e-08,0.0038110219894931046,area,0.005100039817625657,24.41043866499013,24.359131087242556,nominal,legacy_test,DAVIS:schoolgirls,0.729079898718388,pareto_addon,0.002772054522722355,448,0.01864695751544614,True,5.462033858479859e-06,9.320256780103993e-05,79,2.0,6.731411677977481e-11,2.983381387118037e-11,8.774053394256007e-05
0.09821428571428571,7.294270840292164e-05,-8.136962451660163e-06,6.480574595126148e-05,0.0,1.4812778200764316e-10,6.621015793972737e-11,,2.5,0.0353402429027083,soapbox,157.0492565650681,0,True,0.010196737901631671,True,True,DAVIS,0,,27.999999999999996,1.3748891359512974e-10,4,64,99,256,1.358574888587331e-10,0.46958462858531463,0.5304153714146854,0.0,-1.1248715806822844e-05,6.16939925960988e-05,6.560177838270463e-10,1.265336073026661e-10,2.0,1.4812778200764316e-10,1.0,0.0,PEM_uniform,0.03571428571428571,0.001744711521797279,-1.1248715806822844e-05,6.16939925960988e-05,-5.6297745423962265e-21,1.265336073026661e-10,1.227029314891007e-11,240.08546767678732,272.63540996355005,0.0017631303360466544,5.19254985445762e-06,7.813525825737926e-05,2.6962573991027852e-11,-8.136962451660163e-06,6.480574595126148e-05,6.621015793972737e-11,1.4812778200764316e-10,0.0018105816180040138,area,0.001883524338329079,27.665065629002317,27.58276370910281,nominal,legacy_test,DAVIS:soapbox,0.8105992190195562,pareto_addon,0.0034655079425289876,448,0.0,True,0.0,0.0,0,2.0,0.0,0.0,0.0
0.09821428571428571,0.00011799161928867063,4.639113529024237e-05,0.000164382754578913,0.0,6.448290206169569e-09,2.152137433517571e-09,,2.5,0.8579568734545393,soapbox,153.59068788044775,0,True,0.28429644637618107,True,True,DAVIS,0,,1.1037745146348676,4.6627136016005885e-09,4,64,99,256,4.662713601600578e-09,1.0,0.0,0.0,-9.88475454054936e-06,0.00010810686474812127,2.5518564395261322e-08,9.77083723269112e-11,2.0,6.448290206169569e-09,19.99355320790511,0.0,PEM_greedy,0.0017857142857142859,0.0016463227833800453,4.5028084375469736e-06,0.0001224944277262176,2.159051614854e-07,2.0275283825244216e-11,1.785576604568991e-09,236.62689899216699,271.58176003722474,0.002253639532913311,1.2094982152275236e-05,0.00013008660144094586,1.462885932638565e-10,8.437835226276651e-05,0.00020236997155143713,7.119706330579514e-09,9.473836106738241e-09,0.0017655327071182648,area,0.001883524338329079,27.934580133114544,27.83485011591832,nominal,legacy_test,DAVIS:soapbox,0.814175598225892,pareto_addon,0.003269875668097629,448,0.0,True,0.0,0.0,0,2.0,0.0,0.0,0.0
0.09821428571428571,9.020081133787118e-05,1.094120281228372e-05,0.0001011420141501549,0.0,1.1782056499225161e-10,1.197099189795252e-10,,2.5,0.00808442840268679,soapbox,154.31597676937176,0,True,0.005483363217030946,True,True,DAVIS,0,,15.92595364403764,5.978662840387481e-11,4,64,99,256,5.97866284038748e-11,1.0,0.0,0.0,2.2052965143977703e-05,0.00011225377648184888,2.0832234655803497e-10,4.863332716414955e-10,2.0,8.58693247459972e-11,0.9999969522727569,0.0,PPAT2026_M1,0.019643026399161517,0.0017185004659250466,0.00035673298647050274,0.00044693379780837394,0.0002299467080868795,1.272584236361639e-07,5.8033936588376817e-11,237.352187881091,275.7430899539031,0.0017737034952948695,-9.020081133787118e-05,-9.814682979478387e-22,8.13618636601023e-09,1.094120281228372e-05,0.0001011420141501549,1.197099189795252e-10,1.1782056499225161e-10,0.0017933235150690643,area,0.001883524338329079,27.726811898905513,27.64850345779506,nominal,legacy_test,DAVIS:soapbox,0.8108466601583163,pareto_addon,0.003420533652744621,448,0.0,True,0.0,0.0,0,2.0,0.0,0.0,0.0
0.09821428571428571,7.570282023320961e-05,6.34214059654828e-06,8.20449608297579e-05,0.0,2.65656924889078e-11,4.022274734638578e-11,,2.5,0.006781720004875961,soapbox,153.9296090921547,0,True,0.005356014347311304,True,True,DAVIS,0,,9.258943931161303,2.947845948890611e-11,4,64,99,256,2.6565692488907808e-11,0.0,1.0,0.0,-3.3389747273346543e-06,7.236384550587496e-05,6.162449370727111e-11,1.114875222977953e-11,2.0,2.65656924889078e-11,0.999996944638181,0.0,PEM_audit_only,0.008739939010366285,0.0017377974293935653,0.00027580691339714445,0.00035150973363035407,0.00036210161346086493,7.606945347765994e-08,-9.693522803355793e-27,236.96582020387393,278.96312000229955,0.001846753519724061,5.537983868012395e-06,8.124080410122201e-05,3.066926532236553e-11,2.4732788288166357e-05,0.00010043560852137597,6.117108165072589e-10,1.4503075551904908e-10,0.0018078215061737262,area,0.001883524338329079,27.673667256914026,27.600008495351652,nominal,legacy_test,DAVIS:soapbox,0.8104380857189089,pareto_addon,0.0034696012282840966,448,0.0,True,0.0,0.0,0,2.0,0.0,0.0,0.0
0.09821428571428571,0.00011301715286832655,-1.0640549921806558e-05,0.00010237660294651999,0.0,1.4488521174723837e-10,1.1322130263845755e-10,0.010367932766675497,2.5,0.010367932766675499,soapbox,294.91665353234197,0,True,0.006207469032396022,True,True,DAVIS,0,0.11526595382740704,3.2313447406537334,1.418487215944665e-10,4,64,99,256,1.3825597301309535e-10,0.4301930821860751,0.509547479930635,0.06025943788328998,-4.713775817918704e-05,6.587939468913951e-05,4.058782330952403e-10,2.2219682461595148e-09,2.0,1.465247954501399e-10,2.00000000002,2.00000000002,PEM_R9_TwinAudit,0.0017857142857142859,0.001656316489621998,9.999751985433971e-05,0.00021301467272266626,0.0001817569244589128,9.999503977019064e-09,6.6292387341430274e-12,377.9528646440612,433.28869995311834,0.002209902113878283,1.2308537609237623e-05,0.00012532569047756417,1.5150009807801702e-10,-1.4906552983164368e-05,9.811059988516218e-05,2.2220532183988653e-10,1.519025576547648e-09,0.0017705071735386092,area,0.001883524338329079,27.90577178296409,27.808566744571742,nominal,legacy_test,DAVIS:soapbox,0.8139099531426793,pareto_addon,0.0032926819105037856,448,0.006048822558032315,True,-3.6446442960467117e-06,3.357030323264931e-05,98,2.0,2.3779822667462843e-11,1.3283432044705831e-11,3.721494752869602e-05
0.09821428571428571,0.00010297975127168808,-3.3900493105559976e-06,9.958970196113208e-05,0.0,3.949107362006634e-10,1.1492434328001195e-11,,2.5,0.03789435859899925,surf,141.2304218191738,0,True,0.013552014297909762,True,True,DAVIS,0,,27.999999999999993,4.3055772880169646e-10,4,64,55,256,3.947272631308414e-10,0.47041786787251333,0.5295821321274866,1.1102230246251565e-16,-1.0237801810031704e-05,9.274194946165638e-05,2.134027274063584e-09,1.0481258590148843e-10,2.0,3.949107362006634e-10,1.0,0.0,PEM_uniform,0.03571428571428571,0.0013884873789207688,-1.0237801810031704e-05,9.274194946165638e-05,-8.573531563068931e-21,1.0481258590148843e-10,1.8347306982203231e-13,224.8324945452623,260.801589966286,0.0013622806428127382,-9.355743010084768e-06,9.362400826160331e-05,8.752992727074999e-11,-3.3900493105559976e-06,9.958970196113208e-05,1.1492434328001195e-11,3.949107362006634e-10,0.001430741333274297,area,0.0015337210963480175,29.031385183519184,28.57458063547845,nominal,legacy_test,DAVIS:surf,0.8424072122221039,pareto_addon,0.002690398015244139,448,0.0,True,0.0,0.0,0,2.0,0.0,0.0,0.0
0.09821428571428571,0.0002749493403426502,-8.224499631660838e-05,0.00019270434402604182,0.0,2.6031410804929012e-08,6.764239419118925e-09,,2.5,0.9545706890887982,surf,143.1326945449903,0,True,0.46718974452831896,True,True,DAVIS,0,,1.1037745146348672,2.5509375313407247e-08,4,64,55,256,2.427216391875755e-08,0.5438899771777302,0.4561100228222698,0.0,5.807992628649645e-05,0.00033302926662914664,1.9019396975171385e-07,3.3732778374448615e-09,2.0,2.6031410804929012e-08,19.99808780452717,0.0,PEM_greedy,0.0017857142857142859,0.0011364767399129534,0.0003629338535656712,0.0006378831939083214,0.0003370107481259091,1.3172098206402805e-07,1.7592468861714629e-09,226.7347672710788,269.5007200236432,0.0017194840956385145,-2.5597276945218852e-05,0.00024935206339743134,6.552205870102326e-10,-0.0002708988375032487,4.050502839401496e-06,7.338618016061155e-08,6.091670928791012e-08,0.0012587717442033354,area,0.0015337210963480175,29.912005998612454,29.44439448483513,nominal,legacy_test,DAVIS:surf,0.857425151803397,pareto_addon,0.0021850800769625933,448,0.0,True,0.0,0.0,0,2.0,0.0,0.0,0.0
0.09821428571428571,0.00011423941144205946,6.014069547174186e-06,0.00012025348098923365,0.0,2.146510381577242e-10,3.616903251824792e-11,,2.5,0.007739576569202156,surf,139.67455636328933,0,True,0.009509608483886774,True,True,DAVIS,0,,16.223957917164938,1.438691291594556e-10,4,64,55,256,1.3730647513441571e-10,0.0,1.0,0.0,-3.332891895096669e-05,8.091049249109277e-05,5.209269555251607e-10,1.1108168384401066e-09,2.0,1.3730647513441608e-10,0.7796329777492995,0.0,PPAT2026_M1,0.01111687427033243,0.0013778846898717285,0.00015515218168411833,0.0002693915931261778,0.00022330977983093365,2.4072199481341665e-08,7.73445630233085e-11,223.27662908937782,263.20832999190316,0.0012057172581763076,-0.00011423941144205946,-2.132398569445272e-21,1.3050643126628146e-08,6.014069547174186e-06,0.00012025348098923365,3.616903251824792e-11,2.146510381577242e-10,0.001419481673103926,area,0.0015337210963480175,29.060162027856876,28.607871254238958,nominal,legacy_test,DAVIS:surf,0.8419186551673142,pareto_addon,0.0026715112853587216,448,0.0,True,0.0,0.0,0,2.0,0.0,0.0,0.0
0.09821428571428571,0.00015828865932101301,1.7310674214148468e-05,0.00017559933353516148,0.0,1.681788629400995e-10,2.996594417483847e-10,,2.5,0.008829264391873265,surf,147.02656364216554,0,True,0.009523908472044023,True,True,DAVIS,0,,9.14999904407694,1.7307466654504435e-10,4,64,55,256,1.6817886294009956e-10,0.0,1.0,0.0,2.4213411224654487e-05,0.0001825020705456675,3.5495415808608043e-10,5.862892831342239e-10,2.0,1.681788629400995e-10,0.7793263315841098,0.0,PEM_audit_only,0.005046406519227276,0.0013155714003302448,0.000734718997480057,0.0008930076568010699,0.0006608659974389655,5.398120052581e-07,-7.754818242684634e-26,230.62863636825404,263.5728199966252,0.0012229289878872298,-8.283877137040913e-06,0.0001500047821839721,6.862262042158915e-11,-3.059766229144561e-05,0.0001276909970295674,9.362169377013525e-10,1.9756804034489375e-09,0.0013754324252249724,area,0.0015337210963480175,29.233786457907435,28.808855763673755,nominal,legacy_test,DAVIS:surf,0.8440966017831043,pareto_addon,0.002529847438636949,448,0.0,True,0.0,0.0,0,2.0,0.0,0.0,0.0
0.09821428571428571,0.00026534463866033353,9.57486853692146e-06,0.000274919507197255,0.0,7.272667241819193e-10,9.167810749932851e-11,0.01569794443729521,2.5,0.01569044174476461,surf,253.36523818338966,0,True,0.011248399247618557,True,True,DAVIS,0,0.1741995040730132,3.5066884701881795,7.577345820559004e-10,4,64,55,256,7.110280324108824e-10,0.47203848432196116,0.527961515678039,0.0,-1.5689575638933267e-05,0.00024965506302140027,3.2117006067718024e-09,2.4616278372980824e-10,2.0,7.186171436796312e-10,2.00000000002,2.00000000002,PEM_R9_TwinAudit,0.0017857142857142859,0.0011629940496468748,0.0005496392792753654,0.0008149839179356989,0.0005540801665449802,3.021033373223431e-07,1.6238691771036905e-11,336.96731090947816,387.16283995308913,0.0016099111640832428,-3.073303030048946e-05,0.00023461160835984408,9.445191514508031e-10,-0.00012418672476403222,0.00014115791389630132,1.5422342607617494e-08,1.2031377031504126e-08,0.001268376445885652,area,0.0015337210963480175,29.771410897354826,29.34422507294027,nominal,legacy_test,DAVIS:surf,0.854365305054872,pareto_addon,0.002227182599548763,448,0.010574278865345125,True,1.958180474717057e-06,4.33644777398949e-05,54,2.0,9.412924427129967e-11,3.834470771563118e-12,4.140629726517784e-05
0.09821428571428571,0.0003005276937066073,7.099596243366057e-05,0.0003715236561402679,0.0,2.741268726087166e-09,5.040426681881742e-09,,2.5,0.08784734163978102,001,155.8915020065615,0,True,0.018397227793027108,True,True,REDS,0,,27.999999999999996,2.5659114098975137e-09,4,64,100,256,2.487840204557151e-09,0.5565088249494681,0.4434911750505319,0.0,0.00014423907002666443,0.00044476676373327175,5.919380634964664e-09,2.0804909322157005e-08,2.0,2.741268726087166e-09,1.0,0.0,PEM_uniform,0.03571428571428571,0.0037046173086291235,0.00014423907002666443,0.00044476676373327175,-3.157685884573654e-20,2.0804909322157005e-08,2.5342852153001493e-10,238.4524640091695,280.58003498008475,0.00331502418986099,-7.161553028403318e-05,0.00022891216342257415,5.1287841778632735e-09,7.099596243366062e-05,0.00037152365614026795,5.04042668188175e-09,2.741268726087166e-09,0.0038581800181714167,area,0.004158707703463733,24.33848950137615,24.312566485037394,nominal,external_test,REDS:001,0.7233963162429653,pareto_addon,0.007388361560168907,448,0.0,True,0.0,0.0,0,2.0,0.0,0.0,0.0
0.09821428571428571,0.0005841490927922293,-0.00014490222558342052,0.00043924686720880874,0.0,7.78794189229223e-08,2.099665497902849e-08,,2.5,1.5911206522905947,001,154.90667800069787,0,True,0.5825051135497056,True,True,REDS,0,,1.1037745146348674,7.048917348917167e-08,4,64,100,256,6.873125937510316e-08,0.6952357323573007,0.3047642676426993,4.5102810375396984e-17,-0.0005590580590901098,2.509103370211939e-05,2.9358022146197666e-07,3.1254591343360075e-07,2.0,7.78794189229223e-08,19.99653136964051,0.0,PEM_greedy,0.0017857142857142859,0.003309062285729329,0.00011580338993745672,0.000699952482729686,0.0001374674698475795,1.3410425121006651e-08,9.148159547819132e-09,237.46764000330586,276.7248500167625,0.0049622453081013896,-0.00014927900563401576,0.0004348700871582135,2.228422152308051e-08,-0.0001650509422073952,0.00041909815058483406,2.7241813523548907e-08,1.3926803341001e-07,0.003574558619085794,area,0.004158707703463733,24.835786213513906,24.80295058136622,nominal,external_test,REDS:001,0.7406406395614406,pareto_addon,0.00658804855880963,448,0.0,True,0.0,0.0,0,2.0,0.0,0.0,0.0
0.09821428571428571,0.00030257977067361995,-7.291546728814481e-05,0.00022966430338547514,0.0,1.0909011932753872e-09,5.316665369848516e-09,,2.5,0.021717082869868825,001,159.81891699659172,0,True,0.0071689103020875725,True,True,REDS,0,,18.525769696470952,1.0178306154035299e-09,4,64,100,256,9.408022053028179e-10,0.0,1.0,0.0,-7.579378310886622e-05,0.00022678598756475373,1.6146441128245865e-09,5.7446975579538535e-09,2.0,9.408022053028183e-10,0.9999973468648634,0.0,PPAT2026_M1,0.022001482556685832,0.0036741520142715978,0.0002352608290179829,0.0005378405996916028,0.000369906001344123,5.534765767022858e-08,1.5009898797256934e-10,242.37987899919972,280.53772498096805,0.0032412897747669664,-0.00030257977067361995,3.953467196979978e-21,9.155451762090044e-08,-7.291546728814481e-05,0.00022966430338547514,5.316665369848516e-09,1.0909011932753872e-09,0.0038561279412044035,area,0.004158707703463733,24.375835766909486,24.348428791696843,nominal,external_test,REDS:001,0.7242518466389585,pareto_addon,0.007325196618970399,448,0.0,True,0.0,0.0,0,2.0,0.0,0.0,0.0
0.09821428571428571,0.0002746716645941388,3.215821698236026e-06,0.00027788748629237485,0.0,5.771438649336535e-10,1.034150919484564e-11,,2.5,0.017222769728817377,001,164.09222099988256,0,True,0.0068671877203327755,True,True,REDS,0,,7.2755301709669995,5.684863352948188e-10,4,64,100,256,5.505472746026371e-10,0.3333333333333333,0.3333333333333333,0.3333333333333333,-4.082145458170173e-06,0.00027058951913596865,6.701117369396191e-10,1.666391154165937e-11,2.0,5.771438649336535e-10,0.9999973402403697,0.0,PEM_audit_only,0.003946311316068382,0.003664754318460813,0.0012741364384735747,0.0015488081030677135,0.001077201100691571,1.6234236638461253e-06,2.659659033101638e-11,246.65318300249055,278.67039006669074,0.003717370994016999,-2.60283152683894e-05,0.0002486433493257494,6.774731957106727e-10,2.278482266051472e-05,0.00029745648725465354,5.191481436711051e-10,2.8098523063929e-09,0.003884036047283885,area,0.004158707703463733,24.384064401082938,24.3595513472358,nominal,external_test,REDS:001,0.7237901482464264,pareto_addon,0.007305759252341325,448,0.0,True,0.0,0.0,0,2.0,0.0,0.0,0.0
0.09821428571428571,0.00045265269506851604,-1.8455182995370442e-05,0.0004341975120731456,0.0,1.5431045249256222e-09,3.405937793926103e-10,0.023905433796448942,2.5,0.02276873034008648,001,293.4939159982605,0,True,0.009335208762390863,True,True,REDS,0,0.24267639753325745,4.235978896367318,1.5750530865976121e-09,4,64,100,256,1.5098373102137853e-09,0.49164402540087254,0.5083559745991274,0.0,-6.296086791442233e-06,0.0004463566082770738,3.988852488616004e-09,3.9640708885373357e-11,2.0,1.5340198829224015e-09,2.00000000002,2.00000000002,PEM_R9_TwinAudit,0.0017857142857142859,0.003465017700319109,0.000355332847738764,0.00080798554280728,0.0004748177744541991,1.2626143268213964e-07,3.326721471183688e-11,376.0548780008685,434.11614498181734,0.004353734811616321,-0.00010549359214382471,0.0003471591029246913,1.1128897983407634e-08,8.610604824996497e-06,0.00046126329989351253,7.414251545225295e-11,6.063679986445683e-09,0.0037060550168095075,area,0.004158707703463733,24.6278105467602,24.602945425438676,nominal,external_test,REDS:001,0.7334007902881892,pareto_addon,0.0068855006649668135,448,0.008352441462997011,True,3.7840830985572132e-06,8.435351261339409e-05,99,2.0,4.784685698098567e-10,1.431928489678636e-11,8.056942951483687e-05
0.09821428571428571,0.0001428622704075247,9.793247198407624e-06,0.0001526555176059323,0.0,2.377725900752524e-10,9.590769068911877e-11,,2.5,0.04202670884084949,005,154.25935200124513,0,True,0.01047170985743125,True,True,REDS,0,,27.999999999999996,2.5861767015617056e-10,4,64,100,256,2.3753359294311143e-10,0.46692538961049534,0.5330746103895045,5.551115123125783e-17,2.1043813518121704e-05,0.0001639060839256464,1.1504198498911091e-09,4.428420873854818e-10,2.0,2.377725900752524e-10,1.0,0.0,PEM_uniform,0.03571428571428571,0.0019417129247374793,2.1043813518121704e-05,0.0001639060839256464,-1.1519648244217197e-21,4.428420873854818e-10,2.3899713214096546e-13,237.81346100207884,273.2800900179427,0.0016502278863769332,-3.918793316826708e-05,0.00010367433723925761,1.5356941060005673e-09,9.793247198407596e-06,0.00015265551760593229,9.590769068911824e-11,2.377725900752525e-10,0.002007083178210302,area,0.0021499454451259226,27.21067824200597,27.118149785569223,nominal,external_test,REDS:005,0.7750490994047761,pareto_addon,0.0038860706968150004,448,0.0,True,0.0,0.0,0,2.0,0.0,0.0,0.0
0.09821428571428571,0.00028602670266147283,-3.924160300210265e-07,0.0002856342866314518,0.0,9.944348233817717e-09,1.5399034061746316e-13,,2.5,0.9374177221213894,005,159.84267699997872,0,True,0.3541431213848725,True,True,REDS,0,,1.1037745146348674,1.2497969263931501e-08,4,64,100,256,9.944348233817684e-09,0.0,1.0,0.0,3.2749433639191064e-05,0.0003187761363006639,7.323088996437636e-08,1.0725254036877792e-09,2.0,9.944348233817717e-09,19.995721867824955,0.0,PEM_greedy,0.0017857142857142859,0.0017332763394518594,0.0002117669244387949,0.0004977936271002677,0.00020664889217314017,4.484523028626626e-08,3.3087224502121107e-23,243.39678600081243,279.2213550186716,0.0023413377152579373,-7.725890570191226e-05,0.00020876779695956058,5.96893851025697e-09,-7.038979071998181e-05,0.00021563691194149102,4.954722637602837e-09,2.4417828713842193e-08,0.0018639187459563542,area,0.0021499454451259226,27.713795676138748,27.611321913936173,nominal,external_test,REDS:005,0.7857523246816104,pareto_addon,0.0034564604052682636,448,0.0,True,0.0,0.0,0,2.0,0.0,0.0,0.0
0.09821428571428571,0.00016462421873889203,-9.358355329391047e-06,0.00015526586340950098,0.0,1.1807358917937022e-10,8.757881447114182e-11,,2.5,0.009748053881411266,005,165.99176400224678,0,True,0.005684343109100918,True,True,REDS,0,,16.816339652254005,1.0904732991461958e-10,4,64,100,256,1.0334137027543816e-10,0.0,1.0,0.0,-7.196951915149953e-07,0.00016390452354737704,3.287580311131345e-10,5.179611686898058e-13,2.0,1.0334137027543812e-10,0.9999974349613266,0.0,PPAT2026_M1,0.018434806110924976,0.001907133278446834,0.00037716288436063,0.000541787103099522,0.0002869739630131525,1.4225184133922995e-07,1.4732218903932063e-11,249.5458730030805,285.2260699379258,0.0017691376616106706,-0.00016462421873889203,1.3648810979369978e-21,2.710113339539057e-08,-9.358355329391047e-06,0.00015526586340950098,8.757881447114182e-11,1.1807358917937022e-10,0.001985321229878935,area,0.0021499454451259226,27.29174684443552,27.19618955579349,nominal,external_test,REDS:005,0.7756390497432747,pareto_addon,0.0038212883349909273,448,0.0,True,0.0,0.0,0,2.0,0.0,0.0,0.0
0.09821428571428571,0.00014557205331319715,3.524033547804131e-06,0.00014909608686100129,0.0,4.6774556007310774e-11,1.241881244604897e-11,,2.5,0.007572881341241841,005,159.03892499976791,0,True,0.00539680147512368,True,True,REDS,0,,7.687350316597361,4.72625597560109e-11,4,64,100,256,4.677455600731075e-11,0.0,1.0,0.0,9.920570501293816e-06,0.00015549262381449097,1.1584777314477676e-10,9.841771907114104e-11,2.0,4.6774556007310774e-11,0.9999974285568539,0.0,PEM_audit_only,0.0076692789815332885,0.001925144525492909,0.0007955609960566036,0.0009411330493698007,0.0006763083820566595,6.329172984465752e-07,2.5849394142282115e-26,242.59303400060162,279.4402199506294,0.001654850977322185,-3.79789654132564e-05,0.00010759308789994076,1.4424018138613257e-09,-1.2255540329517481e-05,0.00013331651298367967,1.5019826876842945e-10,2.187991982085322e-10,0.00200437339530463,area,0.0021499454451259226,27.250996485352367,27.155366613409452,nominal,external_test,REDS:005,0.7737637418193828,pareto_addon,0.0038614573598695053,448,0.0,True,0.0,0.0,0,2.0,0.0,0.0,0.0
0.09821428571428571,0.00023311292216401464,-6.799703258825456e-06,0.00022631321890518918,0.0,2.484163142846187e-10,4.623596440808152e-11,0.013808704322935144,2.5,0.013640213764747843,005,296.39997799822595,0,True,0.006552293206007333,True,True,REDS,0,0.15532838783750422,3.4123035053264306,2.777383127654989e-10,4,64,100,256,2.4776242174913095e-10,0.0,1.0,0.0,-1.3051044612293901e-05,0.00022006187755172074,9.834514827291467e-10,1.7032976547208568e-10,2.0,2.4776242174913126e-10,2.00000000002,2.00000000002,PEM_R9_TwinAudit,0.0017857142857142859,0.0018040957756702905,0.0004665092767348557,0.0006996221988988704,0.00037597061489125173,2.176309052796782e-07,6.538925354877676e-13,379.95408699905965,418.8012449769303,0.002058953957226649,-6.941955275206502e-05,0.00016369336941194962,4.819074304296738e-09,-3.4515266649681113e-06,0.00022966139549904653,1.1913036318985893e-11,1.724580133199315e-09,0.001916832526453812,area,0.0021499454451259226,27.534028221215664,27.43740410396629,nominal,external_test,REDS:005,0.7814537555129789,pareto_addon,0.003601978286232962,448,0.006183861315272566,True,1.2221535698588994e-06,4.4475604521729004e-05,99,2.0,4.67216238985398e-11,1.4936593483188517e-12,4.3253450951870105e-05
0.09821428571428571,7.750912958753078e-05,3.8126764096609587e-06,8.132180599719173e-05,0.0,1.5787011273785408e-10,1.4536501404785179e-11,,2.5,0.030698134137164563,010,152.08540199731942,0,True,0.008938886160547109,True,True,REDS,0,,27.999999999999996,1.4600718677865105e-10,4,64,100,256,1.4536551108170633e-10,0.4426737796957358,0.5252860958733705,0.032040124430893685,-6.4907172057962855e-06,7.101841238173449e-05,4.714675485507424e-10,4.212940984561994e-11,2.0,1.5787011273785408e-10,1.0,0.0,PEM_uniform,0.03571428571428571,0.0015779578902073263,-6.4907172057962855e-06,7.101841238173449e-05,-4.438452643612534e-21,4.212940984561994e-11,1.2504601656147756e-11,236.63848599768244,274.38464499427937,0.001335810186373219,7.692959347988481e-07,7.827842552232962e-05,5.918162352980334e-13,3.8126764096609587e-06,8.132180599719173e-05,1.4536501404785179e-11,1.5787011273785408e-10,0.0016287110247778947,area,0.0017062201397493482,28.064546474376417,28.019045906669092,nominal,external_test,REDS:010,0.7847282988062894,pareto_addon,0.0031488284281661863,448,0.0,True,0.0,0.0,0,2.0,0.0,0.0,0.0
0.09821428571428571,0.00018630321304504268,-4.384499195577332e-05,0.00014245822108926935,0.0,9.085816441122735e-09,1.9223833196018276e-09,,2.5,0.8808839660623183,010,154.93497699964792,0,True,0.3213809663443689,True,True,REDS,0,,1.1037745146348674,8.283038073119662e-09,4,64,100,256,8.00450231950269e-09,0.663335266585423,0.336664733414577,5.074969669042565e-17,-0.00017665635209208435,9.646860952958332e-06,3.87281775373818e-08,3.120746673448248e-08,2.0,9.085816441122735e-09,19.994325484689803,0.0,PEM_greedy,0.0017857142857142859,0.0014029230013775135,0.00012525274813077506,0.00031155596117581774,0.00013267844183771705,1.5688250914311376e-08,1.0813141216200452e-09,239.48806100001093,277.37765995552763,0.0018422426752127117,5.63304689354309e-06,0.00019193625993858577,3.173121730485546e-11,4.291657968230291e-06,0.00019059487101327297,1.8418328116274553e-11,1.5756320668490712e-08,0.0015199169413203828,area,0.0017062201397493482,28.582441854246202,28.529661643205447,nominal,external_test,REDS:010,0.7976140695173146,pareto_addon,0.002800098479374532,448,0.0,True,0.0,0.0,0,2.0,0.0,0.0,0.0
0.09821428571428571,8.437471526054186e-05,8.10242105228379e-06,9.247713631282565e-05,0.0,8.07834213190893e-11,6.564922690849154e-11,,2.5,0.009501808153645706,010,156.84768999752123,0,True,0.005467948793312174,True,True,REDS,0,,15.979240220405073,5.580796875732845e-11,4,64,100,256,5.420076306536954e-11,0.0,1.0,0.0,4.592249273841788e-06,8.896696453438365e-05,1.353290389164288e-10,2.108875339310043e-11,2.0,5.420076306536966e-11,0.9999974463438936,0.0,PPAT2026_M1,0.01965316073688687,0.0015601547828212694,0.00019364157720141802,0.0002780162924619599,0.00017535390402596224,3.7497060421052734e-08,2.6582658253719755e-11,241.40077399788424,275.8661799976835,0.0014164062723919033,-8.437471526054186e-05,-2.916827909716272e-22,7.119092575297516e-09,8.10242105228379e-06,9.247713631282565e-05,6.564922690849154e-11,8.07834213190893e-11,0.0016218454391048833,area,0.0017062201397493482,28.121490984063026,28.068323131900577,nominal,external_test,REDS:010,0.7851356250497007,pareto_addon,0.003115317483886301,448,0.0,True,0.0,0.0,0,2.0,0.0,0.0,0.0
0.09821428571428571,0.00011432756839395578,-6.292502718173486e-06,0.0001080350656757823,0.0,7.051288885458601e-11,3.959559045822071e-11,,2.5,0.010182801087642733,010,161.11967800243292,0,True,0.00551752409146874,True,True,REDS,0,,8.501637758450094,6.401788554562523e-11,4,64,100,256,6.401788554562524e-11,1.0,0.0,0.0,-1.468505733365494e-05,9.964251106030084e-05,1.0100959965966677e-10,2.1565090889273272e-10,2.0,7.051288885458601e-11,0.9999974399673939,0.0,PEM_audit_only,0.006423357437928698,0.0015209466207472037,0.00028543543547408925,0.000399763003868045,0.00041843516346043815,8.147338782428297e-08,6.495003308960768e-12,245.67276200279593,281.5940099710133,0.001429816202003406,3.6875484015921705e-06,0.00011801511679554795,1.3598013214084972e-11,2.820341676769929e-06,0.00011714791007072571,7.954327173725415e-12,4.2281147237167265e-10,0.0015918925859714696,area,0.0017062201397493482,28.22420831630828,28.17886027710142,nominal,external_test,REDS:010,0.7870525374014123,pareto_addon,0.0030375968685247626,448,0.0,True,0.0,0.0,0,2.0,0.0,0.0,0.0
0.09821428571428571,0.00016142705783499654,2.116974033973239e-05,0.00018259679817472893,0.0,2.6873033444718486e-10,4.4815790605169284e-10,0.012844002015647992,2.5,0.012844002015647994,010,284.8503809981048,0,True,0.006540575350220527,True,True,REDS,0,0.11477031462939392,3.1690192777017727,2.5137129376952625e-10,4,64,100,256,2.513712937695265e-10,1.0,0.0,0.0,-1.0853576056627868e-05,0.00015057348177836867,6.350347029295559e-10,1.1780011321700572e-10,2.0,2.7113385876101967e-10,2.00000000002,2.00000000002,PEM_R9_TwinAudit,0.0017857142857142859,0.0014364969940899508,0.00020424595581075884,0.0003656730136457554,0.0002912433934604258,4.171641046505045e-08,1.7359040677658353e-11,369.4034649984678,420.5781150405528,0.001566401852385327,3.5388256395215193e-06,0.00016496588347451806,1.252328690693489e-11,4.1493481598109215e-05,0.00020292053943310576,1.721709015132628e-09,2.1636452430929205e-09,0.0015447930965304289,area,0.0017062201397493482,28.474331883587233,28.42695278444406,nominal,external_test,REDS:010,0.7947216955784022,pareto_addon,0.0028623847699529785,448,0.006132020722474528,True,9.214751454930599e-07,3.361488419076964e-05,99,2.0,5.070746504758856e-11,8.491164437614559e-13,3.269340904527658e-05
0.09821428571428571,0.0001303005131657185,-1.9065760363055892e-05,0.0001112347528026626,0.0,7.912601587394859e-10,3.6350321822147313e-10,,2.5,0.06342727460653452,011,154.90326499857474,0,True,0.014409960532576977,True,True,REDS,0,,27.999999999999996,6.621971629793795e-10,4,64,100,256,6.62197162979378e-10,1.0,0.0,0.0,-5.299359376663074e-05,7.730691939908775e-05,1.8476526569514901e-09,2.8083209803026843e-09,2.0,7.912601587394859e-10,1.0,0.0,PEM_uniform,0.03571428571428571,0.005614663773264516,-5.299359376663074e-05,7.730691939908775e-05,-1.3971808464959685e-20,2.8083209803026843e-09,1.2906299576010792e-10,239.49975900002755,277.4962250434328,0.00544632104548104,5.067524235190089e-05,0.00018097575551761938,2.5679801874238894e-09,-1.9065760363055906e-05,0.00011123475280266259,3.6350321822147365e-10,7.912601587394857e-10,0.005827603818104082,area,0.005957904304377735,22.601418427217187,22.506762457761567,nominal,external_test,REDS:011,0.6439986594411106,pareto_addon,0.011254613089199837,448,0.0,True,0.0,0.0,0,2.0,0.0,0.0,0.0
0.09821428571428571,0.00024709455274711533,-2.8945164942701345e-05,0.000218149387804414,0.0,2.2768771463814725e-08,8.378225735601869e-10,,2.5,1.2599101766045013,011,158.03682399564423,0,True,0.44826648489641074,True,True,REDS,0,,1.1037745146348674,1.8489923424817815e-08,4,64,100,256,1.84899234248179e-08,1.0,0.0,0.0,-0.00013163967481801916,0.00011545487792909617,1.0005707481744819e-07,1.732900398619383e-08,2.0,2.2768771463814725e-08,19.997161724190306,0.0,PEM_greedy,0.0017857142857142859,0.005407037283555138,4.523329242752148e-05,0.0002923278451746368,3.9485722824655205e-05,2.046050743833672e-09,4.278848038996824e-09,242.63331799709704,276.3422049843939,0.007185585716015639,1.240539260030009e-05,0.0002594999453474154,1.538937655675802e-10,-0.00021058892806790104,3.650562467921429e-05,4.43476966247876e-08,3.704204847414693e-08,0.005710809778522683,area,0.005957904304377735,22.766216002357005,22.670406357903016,nominal,external_test,REDS:011,0.6475502391106599,pareto_addon,0.010823758035995215,448,0.0,True,0.0,0.0,0,2.0,0.0,0.0,0.0
0.09821428571428571,0.00013147669373286,-2.421932502821862e-05,0.00010725736870464138,0.0,4.133351639332207e-10,5.865757048224969e-10,,2.5,0.01665820719598647,011,167.69223800045438,0,True,0.006536547169402538,True,True,REDS,0,,17.82413746792551,2.47757349630419e-10,4,64,100,256,2.47757349630419e-10,1.0,0.0,0.0,-3.6916874078598126e-05,9.455981965426188e-05,5.417899830180126e-10,1.3628555917350703e-09,2.0,2.879866015708145e-10,0.6511329155405798,0.0,PPAT2026_M1,0.012443792040913938,0.005610210778674058,0.00018804144465644953,0.00031951813838930953,0.00023007105972962341,3.535958490848457e-08,1.6557781430280167e-10,252.2887320019072,287.32695997168776,0.005704363567085907,-0.00013147669373286,3.0129226631631533e-22,1.728612099492427e-08,-2.421932502821862e-05,0.00010725736870464138,5.865757048224969e-10,4.133351639332207e-10,0.0058264276375369385,area,0.005957904304377735,22.60164762209097,22.510208217571325,nominal,external_test,REDS:011,0.6430842073593109,pareto_addon,0.011234077150196422,448,0.0,True,0.0,0.0,0,2.0,0.0,0.0,0.0
0.09821428571428571,0.00017247253887000695,-1.0126341545204368e-05,0.00016234619732480258,0.0,1.5665813398367694e-10,1.0254279309013198e-10,,2.5,0.011978546816308222,011,156.97875599958934,0,True,0.0059378812053238915,True,True,REDS,0,,7.871640555063327,1.2426021724801305e-10,4,64,100,256,1.2426021724801318e-10,1.0,0.0,0.0,-1.3786806450882209e-05,0.00015868573241912474,2.740399957477005e-10,1.9007603211408727e-10,2.0,1.5665813398367694e-10,0.5511050605002473,0.0,PEM_audit_only,0.005057489403135883,0.005551972203137757,0.0007190897781129098,0.0008915623169829167,0.0007456324150208777,5.17090108986474e-07,3.239791673566375e-11,241.57525000104215,281.87736998370383,0.00597366067635503,4.660283224940787e-06,0.00017713282209494774,2.17182397366645e-11,-2.7713300479675386e-05,0.00014475923839033156,7.68027023476776e-10,1.1221970442223992e-09,0.00578543179239979,area,0.005957904304377735,22.646551393985074,22.55552716914532,nominal,external_test,REDS:011,0.6429998397910603,pareto_addon,0.011108744039363625,448,0.0,True,0.0,0.0,0,2.0,0.0,0.0,0.0
0.09821428571428571,0.0002190741406994947,-2.7899930332736316e-05,0.0001911742103667584,0.0,5.433278989040606e-10,7.7840611257154e-10,0.019003011995607028,2.5,0.018578856138053688,011,280.02598699822556,0,True,0.007159451011597249,True,True,REDS,0,0.2042601475534457,3.7989853733294052,4.0011222852997725e-10,4,64,100,256,4.0011222852997766e-10,1.0,0.0,0.0,-1.0227080769687836e-05,0.00020884705992980687,1.4938364299753359e-09,1.0459318106971873e-10,2.0,5.326613319481062e-10,2.00000000002,2.00000000002,PEM_R9_TwinAudit,0.0036753228091040546,0.0054346361374548605,0.0004323571452694925,0.0006514312859689872,0.0003930735111354486,1.8693270106558502e-07,1.4321567037408296e-10,364.6224809996784,409.3329050054308,0.006767112444360347,-1.5829431357820232e-05,0.00020324470934167448,2.5057089711194244e-10,-9.35481055139169e-05,0.0001255260351855778,8.751248045242931e-09,2.5580265729625258e-09,0.005738830190570305,area,0.005957904304377735,22.74400687247424,22.648295277111625,nominal,external_test,REDS:011,0.6454335090236749,pareto_addon,0.010881564683232621,448,0.006807596348619911,True,-7.319372329361409e-06,6.951424098619493e-05,99,2.0,9.069511935326912e-11,5.357321129582146e-11,7.683361331555634e-05
0.09821428571428571,5.517284225080876e-05,-2.5313317096144203e-06,5.264151054119434e-05,0.0,7.231441950440551e-11,6.407640224099464e-12,,2.5,0.036197593377730035,012,165.9291599970311,0,True,0.008395120898280454,True,True,REDS,0,,27.999999999999996,7.423281487794057e-11,4,64,100,256,7.065491250031143e-11,0.4681266481501589,0.5318733518498411,0.0,-7.367828409991157e-06,4.7805013840817605e-05,3.627681508362191e-10,5.4284895479072826e-11,2.0,7.231441950440551e-11,1.0,0.0,PEM_uniform,0.03571428571428571,0.0020347174362636573,-7.367828409991157e-06,4.7805013840817605e-05,-2.9578655135136827e-21,5.4284895479072826e-11,1.6595070040940823e-12,255.90689299453516,294.027649963391,0.0017204090956026905,-2.3582505300894516e-07,5.493701719779982e-05,5.5613455626671796e-14,-2.5313317096144203e-06,5.264151054119434e-05,6.407640224099464e-12,7.231441950440551e-11,0.002104755185424133,area,0.00215992801473476,27.044138430857203,26.914958932652663,nominal,external_test,REDS:012,0.8057103245665389,pareto_addon,0.004076054710704725,448,0.0,True,0.0,0.0,0,2.0,0.0,0.0,0.0
0.09821428571428571,9.635974978616755e-05,0.00010898376259251875,0.0002053435123786863,0.0,4.224797790442066e-09,1.1877460508822489e-08,,2.5,0.8926428775922332,012,160.5197909969138,0,True,0.28612820847251,True,True,REDS,0,,1.1037745146348674,3.715537123593506e-09,4,64,100,256,3.7155371235934795e-09,1.0,0.0,0.0,0.0004314732794127087,0.0005278330291988763,2.2850064824233236e-08,1.8616919084715741e-07,2.0,4.224797790442066e-09,19.994162289139222,0.0,PEM_greedy,0.0017857142857142859,0.001918458681337543,2.646043585693064e-05,0.0001228201856430982,2.9714489942105886e-06,7.001546657387407e-10,5.092606668485865e-10,250.49752399441786,294.10378501634113,0.002654615007141075,7.715513296482524e-06,0.00010407526308265007,5.952914542819863e-11,0.00018849754385865712,0.00028485729364482467,3.553132404074637e-08,6.299051592616614e-09,0.0020635682778887745,area,0.00215992801473476,27.304643182747732,27.170475499503365,nominal,external_test,REDS:012,0.8099448930816715,pareto_addon,0.003849530635879842,448,0.0,True,0.0,0.0,0,2.0,0.0,0.0,0.0
0.09821428571428571,5.494344976618057e-05,-5.642616015089997e-07,5.437918816467157e-05,0.0,7.664732670582971e-11,3.1839115493750113e-13,,2.5,0.008373766859692409,012,159.11800999892876,0,True,0.00524444504668827,True,True,REDS,0,,14.715403888720912,4.248210914049776e-11,4,64,100,256,4.248210914049781e-11,1.0,0.0,0.0,2.7637332970684804e-06,5.770718306324905e-05,1.1573891702261334e-10,7.638221737325013e-12,2.0,4.857975099373374e-11,0.9999990440821352,0.0,PPAT2026_M1,0.014410442572762878,0.002020876492939938,0.00020295541416517438,0.00025789886393135495,0.00020093599849630713,4.1190900138957465e-08,3.41652175653319e-11,249.09574299643282,290.63116001780145,0.001972124833773947,-5.494344976618057e-05,1.8539244563174222e-22,3.018782672208808e-09,-5.642616015089997e-07,5.437918816467157e-05,3.1839115493750113e-13,7.664732670582971e-11,0.002104984577908761,area,0.00215992801473476,27.05923171232944,26.94460227837343,nominal,external_test,REDS:012,0.8045040974519195,pareto_addon,0.00403959838620493,448,0.0,True,0.0,0.0,0,2.0,0.0,0.0,0.0
0.09821428571428571,4.803709401198375e-05,-7.627711450325932e-06,4.040938256165782e-05,0.0,2.716985483470428e-11,5.818198196943333e-11,,2.5,0.006088001360285319,012,161.70307899883483,0,True,0.005131789574960078,True,True,REDS,0,,10.937008817956482,2.5652796178474665e-11,4,64,100,256,2.5652796178474636e-11,1.0,0.0,0.0,-1.326040017799862e-05,3.477669383398513e-05,4.852732977538601e-11,1.7583821288066584e-10,2.0,2.716985483470428e-11,0.9999990416970167,0.0,PEM_audit_only,0.007901630646616156,0.0020213633491239537,0.0001758134205405311,0.00022385051455251485,0.00025309368816629904,3.091035884216164e-08,1.5170586562296442e-12,251.6808119963389,283.7450850143796,0.0017069744666020866,4.430135129039946e-06,5.24672291410237e-05,1.962609726155378e-11,-2.532758223254245e-06,4.550433578872951e-05,6.414864217462e-12,1.0899203144218041e-10,0.002111890933662958,area,0.00215992801473476,27.061711681578526,26.94355613087362,nominal,external_test,REDS:012,0.8047274364279003,pareto_addon,0.004035365646373315,448,0.0,True,0.0,0.0,0,2.0,0.0,0.0,0.0
0.09821428571428571,8.374377055288842e-05,-7.100517649948876e-06,7.664325290293955e-05,0.0,7.444150636983472e-11,5.041735089723551e-11,0.009747432047854554,2.5,0.009628575660856044,012,303.4104489971651,0,True,0.005634645322272475,True,True,REDS,0,0.19206525376976558,3.7224186682247784,6.68903685222583e-11,4,64,100,256,6.689036852225844e-11,1.0,0.0,0.0,-5.531976404631381e-06,7.821179414825704e-05,2.2015116558288484e-10,3.060276294139834e-11,2.0,7.486327640420675e-11,2.00000000002,2.00000000002,PEM_R9_TwinAudit,0.0021853784442895713,0.0019475252998845396,0.00010803812827234782,0.00019178189882523624,0.00016220109578337177,1.1672237160592282e-08,7.551137847576282e-12,393.38818199466914,442.5301599985687,0.0025204931289163693,4.9433077582512394e-06,8.868707831113966e-05,2.4436291592786895e-11,9.972075929878194e-06,9.371584648276662e-05,9.944229835125606e-11,5.401458149280613e-10,0.0020761842571220533,area,0.00215992801473476,27.231695850174773,27.10516891792045,nominal,external_test,REDS:012,0.8088695931782972,pareto_addon,0.003907916141803095,448,0.005552742304896419,True,-7.77916489886497e-06,2.411149588932911e-05,99,2.0,1.6346934176677508e-11,6.051540652373284e-11,3.189066078819408e-05
0.09821428571428571,0.0005791090724964265,5.5329398068706915e-05,0.0006344384705651334,0.0,8.251540202973971e-09,3.0613422906454285e-09,,2.5,0.08198869900333619,013,151.7606179980794,0,True,0.028023343622481996,True,True,REDS,0,,27.999999999999996,5.974637657874501e-09,4,64,100,256,5.974637657874511e-09,1.0,0.0,0.0,5.547741206709644e-05,0.0006345864845635229,1.9726507936498103e-08,3.0777432496624176e-09,2.0,8.251540202973971e-09,1.0,0.0,PEM_uniform,0.03571428571428571,0.005802388592997213,5.547741206709644e-05,0.0006345864845635229,-3.6727348625258204e-20,3.0777432496624176e-09,2.27690254509946e-09,235.75254599913023,271.8569900258444,0.005845077310958612,6.88587403125762e-06,0.0005859949465276841,4.7415261174348064e-11,5.5329398068706915e-05,0.0006344384705651334,3.0613422906454285e-09,8.25154020297397e-09,0.006013695459053797,area,0.006592804482206702,22.373327967770823,22.363931893315083,nominal,external_test,REDS:013,0.6504399266651039,pareto_addon,0.00708621493411632,448,0.0,True,0.0,0.0,0,2.0,0.0,0.0,0.0
0.09821428571428571,0.0007443495417768334,0.000486854857528829,0.0012312043993056624,0.0,2.8729888292724814e-07,2.3702765229941636e-07,,2.5,1.7575685800217318,013,154.21946499787737,0,True,0.7540528387403026,True,True,REDS,0,,1.1037745146348674,2.2009962062748668e-07,4,64,100,256,2.2009962062748663e-07,1.0,0.0,0.0,0.0009582184118284764,0.0017025679536053098,6.577330265265797e-07,9.181825247670876e-07,2.0,2.8729888292724814e-07,19.998794029321257,0.0,PEM_greedy,0.0017857142857142859,0.005574028663654044,-0.00046345824522450995,0.00028089129655232346,-0.0004921499589846108,2.14793545066582e-07,6.719926229976151e-08,238.2113929989282,269.70863002934493,0.006405662407468881,2.9554869839296073e-05,0.0007739044116161295,8.734903312177327e-10,0.001401781329212131,0.0021461308709889645,1.964990894927729e-06,3.9258977713785274e-07,0.0058484549897733894,area,0.006592804482206702,22.555322145943073,22.538308023190233,nominal,external_test,REDS:013,0.6586994820151719,pareto_addon,0.006891690315450994,448,0.0,True,0.0,0.0,0,2.0,0.0,0.0,0.0
0.09821428571428571,0.0004956889420651215,5.504061957553976e-05,0.0005507295616406613,0.0,4.5300134728445746e-09,3.0294698032592908e-09,,2.5,0.042760797379337384,013,155.87211200210731,0,True,0.012237023344536548,True,True,REDS,0,,22.113756958879062,3.433391967533793e-09,4,64,100,256,3.4333919675337905e-09,1.0,1.1102230246251565e-16,0.0,7.672212867164516e-05,0.0005724110707367667,7.930139973344742e-09,5.886285027908476e-09,2.0,4.499834100140359e-09,0.7146031995814124,0.0,PPAT2026_M1,0.022367715730424197,0.005893807690342478,0.0007616136394841517,0.0012573025815492732,0.0005190887959968081,5.800553358482954e-07,1.096621505310784e-09,239.86404000315815,274.8570049996488,0.0057159734202254136,-0.0004956889420651215,-6.795577063650926e-21,2.4570752728563944e-07,5.504061957553965e-05,0.0005507295616406612,3.0294698032592788e-09,4.5300134728445746e-09,0.0060971155894851015,area,0.006592804482206702,22.30825501837923,22.296040388942444,nominal,external_test,REDS:013,0.6466483314574504,pareto_addon,0.007177605066494196,448,0.0,True,0.0,0.0,0,2.0,0.0,0.0,0.0
0.09821428571428571,0.000519179862835037,3.3574192167742955e-05,0.0005527540550027799,0.0,1.3420124371014025e-09,1.1272263797165323e-09,,2.5,0.028120499740913178,013,158.92069900000934,0,True,0.00952625373363623,True,True,REDS,0,,7.685240840132641,8.95611632025612e-10,4,64,100,256,8.95611632025613e-10,1.0,0.0,0.0,3.026798528149013e-05,0.0005494478481165271,1.756428100332735e-09,9.161509330005032e-10,2.0,1.3420124371014025e-09,0.44131934254449356,0.0,PEM_audit_only,0.0030206830827858447,0.0058844397207386935,0.002031875913822624,0.002551055776657661,0.0019379666895772347,4.128519729172524e-06,4.464008050757895e-10,242.91262700106017,281.8502849928336,0.005891092395746314,-6.53625624358587e-05,0.00045381730039917827,4.272264568181527e-09,-7.566507381527945e-05,0.0004435147890197575,5.7252033954716885e-09,1.0847610636281039e-08,0.006073624668715185,area,0.006592804482206702,22.311483337015808,22.302948816353528,nominal,external_test,REDS:013,0.6449397221338268,pareto_addon,0.007129800033457847,448,0.0,True,0.0,0.0,0,2.0,0.0,0.0,0.0
0.09821428571428571,0.0007095295583503449,-9.969483348536514e-05,0.0006098347248649797,0.0,7.691248549939363e-09,9.939059823674683e-09,0.04515658160094382,2.5,0.04263509553918472,013,282.6282459963113,0,True,0.014727156249558289,True,True,REDS,0,0.241276753850088,4.2724979074823635,6.466530913395505e-09,4,64,100,256,6.466530913395499e-09,1.0,0.0,0.0,-8.768172811158994e-05,0.0006218478302387549,1.4998779855026645e-08,7.688085444634782e-09,2.0,8.062080789384782e-09,2.00000000002,1.4869080539544561,PEM_R9_TwinAudit,0.0024741540298148608,0.0056327728418048405,0.0005834637122901457,0.0012929932706404906,0.0005298410156258789,3.404299035593979e-07,1.2247176365438637e-09,366.62017399736214,412.52065500593744,0.006259377099015508,-8.544165280787483e-05,0.0006240879055424701,7.300276034541424e-09,-0.00018138384321535162,0.0005281457151349933,3.290009857957126e-08,1.6694258038132814e-08,0.00588327497319988,area,0.006592804482206702,22.50653409551973,22.492777626187053,nominal,external_test,REDS:013,0.654435386018145,pareto_addon,0.006957222359402303,448,0.013393517518435705,True,-6.809181654575478e-06,0.00015039234063241887,99,2.0,2.3026317698022155e-10,4.6364954805007247e-11,0.00015720152228699435
0.09821428571428571,0.00021815382200788953,-1.6026471910930267e-05,0.00020212735009695926,0.0,3.633527647050499e-10,2.568478019118369e-10,,2.5,0.0506204444744386,014,164.20237100624945,0,True,0.012587159157398138,True,True,REDS,0,,27.999999999999996,3.689247076366688e-10,4,64,100,256,3.510268504666304e-10,0.4742955423233627,0.5257044576766373,2.7755575615628914e-17,-2.9023081042031033e-05,0.0001891307409658585,1.6204936785633398e-09,8.423392331723011e-10,2.0,3.633527647050499e-10,1.0,0.0,PEM_uniform,0.03571428571428571,0.002845960291567988,-2.9023081042031033e-05,0.0001891307409658585,-1.7414997411704285e-20,8.423392331723011e-10,1.2325914238419461e-11,250.05442900408525,284.2364550073398,0.00243314245219912,-3.942974169726711e-05,0.00017872408031062242,1.5547045303132048e-09,-1.6026471910930267e-05,0.00020212735009695926,2.568478019118369e-10,3.6335276470504994e-10,0.002937095362925245,area,0.0031552491593174635,25.4885578008889,25.45771163729322,nominal,external_test,REDS:014,0.6904415957141903,pareto_addon,0.005692496093508564,448,0.0,True,0.0,0.0,0,2.0,0.0,0.0,0.0
0.09821428571428571,0.00036811038553685645,-0.0002984728346893096,6.963755084754683e-05,0.0,1.4741730651884562e-08,8.908603304747196e-08,,2.5,1.1579824030802974,014,165.76378399622627,0,True,0.4080274414955547,True,True,REDS,0,,1.1037745146348674,1.7335894710128574e-08,4,64,100,256,1.466917140036314e-08,0.14159548678535344,0.8584045132146466,0.0,0.0012746662619868671,0.0016427766475237235,1.019261376609968e-07,1.6247740794475726e-06,2.0,1.4741730651884562e-08,19.995707218770498,0.0,PEM_greedy,0.0017857142857142859,0.002637797935957838,0.00010474043533114193,0.0004728508208679984,5.6545851066244864e-05,1.0970558793357125e-08,7.255925152142273e-11,251.61584199406207,294.3200300243916,0.002782744735140627,-6.534400340462321e-05,0.00030276638213223324,4.26983878094341e-09,7.171227096650084e-05,0.0004398226565033573,5.14264980717284e-09,3.995233232576224e-08,0.002787138799396278,area,0.0031552491593174635,25.82521031046375,25.787584759085274,nominal,external_test,REDS:014,0.698640664219543,pareto_addon,0.005286324446153945,448,0.0,True,0.0,0.0,0,2.0,0.0,0.0,0.0
0.09821428571428571,0.00019131637060132968,-7.602199386015429e-06,0.00018371417121531425,0.0,2.4287394953323814e-10,5.779343550473336e-11,,2.5,0.012487383266446045,014,166.32586500258185,0,True,0.006444918691830972,True,True,REDS,0,,20.327198965805973,1.7867251216176958e-10,4,64,100,256,1.7152316803676387e-10,0.4591314803677766,0.5408685196322234,0.0,-4.388387334470581e-05,0.00014743249725662386,4.339636949125776e-10,1.925794339734181e-09,2.0,1.7299709399730296e-10,0.9999967179715109,0.0,PPAT2026_M1,0.02229571331629843,0.002873191995174136,3.045293083136255e-05,0.00022176930143269223,0.00018102023240013462,9.273809962197518e-10,7.135078149647427e-11,252.17792300041765,297.3281150101684,0.002581270023347475,-0.00019131637060132968,6.646750727840368e-23,3.660195366006532e-08,-7.602199386015429e-06,0.00018371417121531425,5.779343550473336e-11,2.4287394953323814e-10,0.0029639328143318054,area,0.0031552491593174635,25.444040221157444,25.41635352198555,nominal,external_test,REDS:014,0.6884262836756725,pareto_addon,0.005746894770137482,448,0.0,True,0.0,0.0,0,2.0,0.0,0.0,0.0
0.09821428571428571,0.00015278305715365432,-5.641347403096032e-06,0.00014714170975055829,0.0,6.553548354794243e-11,3.182480052241835e-11,,2.5,0.011494919104165925,014,163.5319779982092,0,True,0.005894631160333643,True,True,REDS,0,,8.464052088678583,6.627365962566888e-11,4,64,100,256,6.553548354794245e-11,0.0,1.0,0.0,-6.129730823248227e-06,0.0001466533263304061,1.1409833572175461e-10,3.7573599965479384e-11,2.0,6.553548354794243e-11,0.9999967097737198,0.0,PEM_audit_only,0.006268407627731351,0.002920971423278894,0.000525932495445996,0.0006787155525996503,0.000531013732043537,2.766049897660526e-07,-2.5849394142282115e-26,249.384035996045,284.94647495099343,0.0020584793519355642,-1.158316478419436e-05,0.00014119989236945996,1.3416970641780038e-10,4.623064065966114e-07,0.00015324536356025093,2.137272135802714e-13,4.797006100384977e-10,0.00300246612777948,area,0.0031552491593174635,25.383688472683943,25.344726918361033,nominal,external_test,REDS:014,0.6843083561561216,pareto_addon,0.005842540072029592,448,0.0,True,0.0,0.0,0,2.0,0.0,0.0,0.0
0.09821428571428571,0.0003601746042046606,-5.03792626381388e-05,0.0003097953415665218,0.0,6.595212438638516e-10,2.5380701039625683e-09,0.020992685911095384,2.5,0.020931484863678664,014,295.55871699762065,0,True,0.009391924217845153,True,True,REDS,0,0.05176136068433223,2.8747873257910106,7.201870747329241e-10,4,64,100,256,6.56539415038722e-10,0.0,1.0,0.0,-0.0001221216340023519,0.00023805297020230867,2.588089189023351e-09,1.4913693491404396e-08,2.0,6.565394150387211e-10,2.00000000002,1.7972355107192841,PEM_R9_TwinAudit,0.0017857142857142859,0.002649372350949407,0.00013692298411284052,0.0004970975883175011,0.000306737236649429,1.874790357836518e-08,2.981828825129535e-12,381.41077499545645,439.61352495243773,0.0028406867410745596,-6.831851962790195e-05,0.00029185608457675863,4.667420124148024e-09,-9.818890980425269e-05,0.0002619856944004079,9.64106200854767e-09,6.5017076676116335e-09,0.002795074580728474,area,0.0031552491593174635,25.80391975090552,25.76857000329225,nominal,external_test,REDS:014,0.6982455992375992,pareto_addon,0.005306785487306283,448,0.008469676522336827,True,-1.3928383609987627e-06,5.889683594778857e-05,99,2.0,6.521079012664855e-11,1.9399986998697193e-12,6.0289674308787333e-05
0.09821428571428571,0.0008023301492402649,-4.0148828775635084e-05,0.0007621813204646298,0.0,1.2709618789055024e-08,1.6119284520552638e-09,,2.5,0.11944529248836748,016,152.98907500633504,0,True,0.033472103033852195,True,True,REDS,0,,27.999999999999996,5.311446179832597e-09,4,64,100,256,5.31144617983257e-09,1.0,0.0,0.0,-0.00012180813165628987,0.000680522017583975,2.984350531291431e-08,1.4837220937596047e-08,2.0,1.2709618789055024e-08,1.0,0.0,PEM_uniform,0.03571428571428571,0.006403520748235254,-0.00012180813165628987,0.000680522017583975,-3.577867169202165e-20,1.4837220937596047e-08,7.398172609222454e-09,236.34856200544164,272.0284550625365,0.006096685618292601,-0.00011092232724462545,0.0006914078219956394,1.2303762681363777e-08,-4.0148828775635084e-05,0.0007621813204646298,1.6119284520552638e-09,1.2709618789055023e-08,0.006658113515857552,area,0.007460443736054003,21.94259198390398,21.93581178967813,nominal,external_test,REDS:016,0.6556200000493168,pareto_addon,0.00721613825731346,448,0.0,True,0.0,0.0,0,2.0,0.0,0.0,0.0
0.09821428571428571,0.0010167208958181918,-0.0003954483510471983,0.0006212725447709935,0.0,3.6145961768827377e-07,1.563793983459482e-07,,2.5,2.271461639513929,016,153.46071800217032,0,True,0.9011576410226789,True,True,REDS,0,,1.1037745146348674,1.9695344970650377e-07,4,64,100,256,1.9695344970650395e-07,1.0,0.0,0.0,-0.00012365195334335306,0.0008930689424748387,9.498515275769429e-07,1.5289805565626762e-08,2.0,3.6145961768827377e-07,19.99900679959235,0.0,PEM_greedy,0.0017857142857142859,0.006108261240594528,-0.0007482482453444858,0.00026847265047370605,-0.0007469758050943833,5.598754366611018e-07,1.6450616798176982e-07,236.82020500127692,272.5625199469505,0.007324429977850908,-0.00012991015464923288,0.0008868107411689589,1.6876648280987603e-08,-0.00037261414218053726,0.0006441067536376545,1.3884129895293765e-07,5.58507365591348e-07,0.006443722769279628,area,0.007460443736054003,22.147955550614498,22.140823971358415,nominal,external_test,REDS:016,0.6631832929793876,pareto_addon,0.00695668410835771,448,0.0,True,0.0,0.0,0,2.0,0.0,0.0,0.0
0.09821428571428571,0.0007262492631994486,-6.000369676800201e-05,0.0006662455664314465,0.0,5.328434767558887e-09,3.6004436258263343e-09,,2.5,0.05056148154528294,016,151.7779879947193,0,True,0.0153810794025344,True,True,REDS,0,,23.053118056285253,2.6747807276007414e-09,4,64,100,256,2.6747807276007414e-09,1.0,0.0,0.0,-6.192735388315957e-05,0.000664321909316289,1.194322874746096e-08,3.834997158970079e-09,2.0,6.010997245598171e-09,0.7024887509265184,0.0,PPAT2026_M1,0.022711945903575458,0.006496402698053554,0.00047508524881443746,0.001201334512013886,0.0006175055831189361,2.2570599364107596e-07,2.653654039958146e-09,235.1374749938259,273.91674497630447,0.005765343203647881,-0.0007262492631994486,-1.3653868597972456e-21,5.274379922977419e-07,-6.000369676800201e-05,0.0006662455664314465,3.6004436258263343e-09,5.328434767558887e-09,0.006734194401898371,area,0.007460443736054003,21.880243251133493,21.873270619500854,nominal,external_test,REDS:016,0.6490261715926787,pareto_addon,0.007331837214371535,448,0.0,True,0.0,0.0,0,2.0,0.0,0.0,0.0
0.09821428571428571,0.000573444470063715,-1.1439995035302116e-05,0.0005620044750284129,0.0,1.9893006444732994e-09,1.3087348640773707e-10,,2.5,0.023748487371191018,016,149.28240099688992,0,True,0.009692379168415935,True,True,REDS,0,,6.689450573280915,6.684313109197302e-10,4,64,100,256,6.684313109197307e-10,1.0,0.0,0.0,5.1886606038499886e-06,0.000578633130667565,2.5155301223638944e-09,2.6922198861944928e-11,2.0,1.9893006444732994e-09,0.4723436412802005,0.0,PEM_audit_only,0.0029766202865749865,0.006656763981123574,0.002511013735612505,0.00308445820567622,0.002546580689733541,6.305189980434666e-06,1.3208693335535687e-09,232.6418879959965,273.10466496564914,0.005365625050122061,-0.00015775573405557613,0.0004156887360081389,2.488687162741366e-08,-6.612409647441296e-05,0.0005073203735893021,4.372396134557473e-09,9.15996034576296e-09,0.006886999195034104,area,0.007460443736054003,21.772746719653195,21.76736840902131,nominal,external_test,REDS:016,0.6360868972279874,pareto_addon,0.007359501262301339,448,0.0,True,0.0,0.0,0,2.0,0.0,0.0,0.0
0.09821428571428571,0.0008846309158942312,6.606393976264606e-05,0.0009506948556568772,0.0,9.666055551130894e-09,4.364444136962527e-09,0.043803647054644276,2.5,0.041238677804201485,016,274.84425100206863,0,True,0.01685209675177501,True,True,REDS,0,0.2283076782026534,4.209164184491355,6.315512362255726e-09,4,64,100,256,6.315512362255733e-09,1.0,0.0,0.0,0.00010342582469550696,0.0009880567405897381,1.9676719777863067e-08,1.0696901213945737e-08,2.0,1.003728183612945e-08,2.00000000002,1.8887547483872242,PEM_R9_TwinAudit,0.0017857142857142859,0.006281129485218914,0.000540486132662773,0.0014251170485570042,0.0006122091424091322,2.921252596007606e-07,3.3505431888751608e-09,358.2037380011752,414.09065497864503,0.007031747071001773,-0.00017026378203700225,0.0007143671338572289,2.898975547354381e-08,0.0001455829932437018,0.001030213909137933,2.1194407921795726e-08,2.1303863349281672e-08,0.0065758127492035875,area,0.007460443736054003,22.026453238604777,22.019622535412505,nominal,external_test,REDS:016,0.6549178472486594,pareto_addon,0.007064163065418704,448,0.015284924623606937,True,-1.1248397821206016e-05,0.00017400109683854024,99,2.0,2.643569762327204e-10,1.2652645354411224e-10,0.00018524949465974626
0.09821428571428571,0.00029564618834178465,7.615513522010275e-06,0.00030326170186379493,0.0,2.5868464289957006e-09,5.7996046203921345e-11,,2.5,0.07361678209546242,017,157.99567000125535,0,True,0.0231042090647565,True,True,REDS,0,,27.999999999999996,1.5984136181073258e-09,4,64,100,256,1.5652509774336971e-09,0.9276814333684041,2.761928573190306e-16,0.0723185666315956,-2.945845249122315e-05,0.0002661877358505615,7.0223876071143086e-09,8.678004231776514e-10,2.0,2.5868464289957006e-09,1.0,0.0,PEM_uniform,0.03571428571428571,0.00443570408241962,-2.945845249122315e-05,0.0002661877358505615,-1.0693790959085542e-20,8.678004231776514e-10,1.0215954515620035e-09,245.47448000346776,280.56982004782185,0.004372498066004483,0.00017480636199490205,0.0004704525503366867,3.0557264193892735e-08,7.615513522010275e-06,0.00030326170186379493,5.7996046203921345e-11,2.586846428995701e-09,0.004594794542978949,area,0.004890440758317709,23.540197827496577,23.53037434492887,nominal,external_test,REDS:017,0.6708657567772484,pareto_addon,0.005296614537092493,448,0.0,True,0.0,0.0,0,2.0,0.0,0.0,0.0
0.09821428571428571,0.00044283731727274954,0.00010839972805844162,0.0005512370453311912,0.0,1.0494809417640624e-07,1.1750501043144097e-08,,2.5,1.4843090328087305,017,158.19268199789803,0,True,0.6489657590502954,True,True,REDS,0,,1.1037745146348674,6.685732055342574e-08,4,64,100,256,6.43857510515133e-08,0.9043413108168972,0.0,0.09565868918310282,-0.0004667158729560236,-2.3878555683274034e-05,2.853051464996714e-07,2.1782370606910314e-07,2.0,1.0494809417640624e-07,19.998961216105535,0.0,PEM_greedy,0.0017857142857142859,0.0042251441694742126,-0.0003111052190004242,0.00013173209827232535,-0.0002943680646393406,9.678645728930189e-08,4.056234312489293e-08,245.67149200011045,288.98326506023295,0.004878609927230571,0.00019870998066623017,0.0006415472979389797,3.948565641637357e-08,-0.00014191509249614827,0.00030092222477660127,2.013989347819032e-08,1.4025739528476402e-07,0.004447603414047984,area,0.004890440758317709,23.75478216089437,23.741584675571573,nominal,external_test,REDS:017,0.678058547047367,pareto_addon,0.005159452412520046,448,0.0,True,0.0,0.0,0,2.0,0.0,0.0,0.0
0.09821428571428571,0.0003032287710408808,2.9674154953978943e-06,0.00030619618653627867,0.0,1.5559096979060772e-09,8.80555472232753e-12,,2.5,0.03124190274431649,017,158.03100399498362,0,True,0.00963266853764088,True,True,REDS,0,,21.089607124995055,7.456016348492757e-10,4,64,100,256,7.456016348492735e-10,1.0,0.0,0.0,-0.00012920420913040682,0.00017402456191047396,2.688197479255328e-09,1.66937276570139e-08,2.0,1.1520708422183712e-09,0.9999999740499254,0.0,PPAT2026_M1,0.02022454500393304,0.0044286453028162635,4.5786228888045804e-05,0.0003490149999289266,0.00036907769087697996,2.09637875578852e-09,8.103080630568038e-10,245.50981399719603,280.67719492537435,0.004205595774602708,-0.0003032287710408808,6.655171426476179e-21,9.19476875869629e-08,2.9674154953978943e-06,0.00030619618653627867,8.80555472232753e-12,1.5559096979060772e-09,0.004587211960279853,area,0.004890440758317709,23.549830196723274,23.537291016520786,nominal,external_test,REDS:017,0.6710340438485666,pareto_addon,0.0052821614641604875,448,0.0,True,0.0,0.0,0,2.0,0.0,0.0,0.0
0.09821428571428571,0.00020689408746735462,-1.218426478143898e-05,0.00019470982268591564,0.0,2.1570760072135834e-10,1.4845630826421427e-10,,2.5,0.015524091956367463,017,159.25261800002772,0,True,0.006787985938084816,True,True,REDS,0,,6.021365447520757,1.6623575621268744e-10,4,64,100,256,1.6623575621268751e-10,1.0,0.0,0.0,-3.6998883300163915e-06,0.00020319419913733823,3.5224144420613263e-10,1.3689173654591482e-11,2.0,2.1570760072135834e-10,0.999999973984858,0.0,PEM_audit_only,0.0033512827040831994,0.004547416441076762,0.0014719242832103596,0.001678818370677714,0.0012936936118468861,2.1665610955043308e-06,4.947184450867083e-11,246.73142800224014,286.0001649794867,0.004272542176948979,6.390695868457909e-05,0.0002708010461519337,4.084099368312499e-09,-8.449453746969487e-05,0.00012239954999765975,7.1393268622176705e-09,3.604762253258534e-09,0.004683546643853379,area,0.004890440758317709,23.432371763268925,23.42235272366223,nominal,external_test,REDS:017,0.6611477633107313,pareto_addon,0.005321620698292881,448,0.0,True,0.0,0.0,0,2.0,0.0,0.0,0.0
0.09821428571428571,0.0003316977449960543,2.940854423296688e-05,0.0003611062892290212,0.0,2.8997012795269682e-09,8.648624739023695e-10,0.0347441942908199,2.5,0.0347441942908199,017,287.21167100185994,0,True,0.012230005948370726,True,True,REDS,0,0.1858978105313718,3.922776105738531,2.0482729472943676e-09,4,64,100,256,2.000370578321395e-09,0.8927058547085002,6.6012288842485e-17,0.10729414529149991,3.7359420471748503e-06,0.00033543368704322916,5.316473110414086e-09,1.395726297984901e-11,2.0,3.0663955875090933e-09,2.00000000002,1.608780119877553,PEM_R9_TwinAudit,0.0017857142857142859,0.004358517912401842,0.0003291671198082825,0.0006608648648043368,0.00028455944969558376,1.083509927628802e-07,8.993307012055734e-10,374.69048100407235,438.2561150297988,0.0048180324625937965,0.00012771458753608827,0.0004594123325321426,1.6311015869513153e-08,5.927435652657606e-05,0.0003909721015226304,3.51344934163965e-09,1.8484166318361802e-08,0.004558742986324679,area,0.004890440758317709,23.618793780550273,23.606611648346103,nominal,external_test,REDS:017,0.6706406961958246,pareto_addon,0.005273002886769585,448,0.011175030762502628,True,-7.174037758819843e-06,0.00010243390593350364,99,2.0,8.194625073723483e-11,5.146681776497284e-11,0.00010960794369232349
0.09821428571428571,6.184511641079221e-05,-2.9027089545969908e-05,3.28180268648223e-05,0.0,3.5324492951988183e-10,8.425719275097555e-10,,2.5,0.041025508956968104,018,164.28976099705324,0,True,0.012672528432228887,True,True,REDS,0,,27.999999999999996,2.0547159611805765e-10,4,64,100,256,1.8275105135634812e-10,0.3333333333333333,0.3333333333333333,0.3333333333333333,5.262692363560751e-05,0.00011447204004639972,4.762179434151121e-10,2.7695930913480646e-09,2.0,3.5324492951988183e-10,1.0,0.0,PEM_uniform,0.03571428571428571,0.0026208886500096906,5.262692363560751e-05,0.00011447204004639972,-3.972584522622669e-21,2.7695930913480646e-09,1.704938781635337e-10,250.24113399034832,288.93804996914696,0.002573423922823372,5.733491669295309e-05,0.0001191800331037453,3.287292672187871e-09,-2.9027089545969908e-05,3.28180268648223e-05,8.425719275097555e-10,3.5324492951988183e-10,0.002713750870762607,area,0.002775595982093364,25.837198613397895,25.815514299170434,nominal,external_test,REDS:018,0.6458328415709893,pareto_addon,0.004899052646316928,448,0.0,True,0.0,0.0,0,2.0,0.0,0.0,0.0
0.09821428571428571,0.00010149165721462192,5.439811193569848e-05,0.0001558897691503204,0.0,1.4677465835434792e-08,2.9591545821687813e-09,,2.5,0.9324776049982083,018,158.38488900277298,0,True,0.3588565750792717,True,True,REDS,0,,1.1037745146348674,8.956646030831187e-09,4,64,100,256,8.206336869503122e-09,0.8083802997786779,1.778214783914294e-17,0.1916197002213222,-7.246383568854034e-05,2.9027821526081587e-05,2.1559722124151945e-08,5.251007482695773e-09,2.0,1.4677465835434792e-08,19.995182832007494,0.0,PEM_greedy,0.0017857142857142859,0.0025456245539084554,-6.612654815786904e-05,3.5365109056752884e-05,-5.8004200146445135e-05,4.3727203712749736e-09,6.47112896593167e-09,244.33626199606806,281.4567000081297,0.0030401831288425474,7.078118700330637e-05,0.0001722728442179283,5.0099764335970265e-09,-2.5074533586312353e-05,7.641712362830957e-05,6.287322345711062e-10,1.5556361688719534e-08,0.0026741043299587774,area,0.002775595982093364,25.9662542352549,25.942056486750538,nominal,external_test,REDS:018,0.6496977187114772,pareto_addon,0.004754811220895306,448,0.0,True,0.0,0.0,0,2.0,0.0,0.0,0.0
0.09821428571428571,7.465580095141101e-05,5.1968061715278315e-06,7.985260712293884e-05,0.0,2.0955173949085724e-10,2.7006794384429756e-11,,2.5,0.009674237997119226,018,161.39029700134415,0,True,0.005964141477086892,True,True,REDS,0,,15.55194011783365,7.816346944615616e-11,4,64,100,256,7.816346944615615e-11,1.0,0.0,0.0,6.253434640785341e-06,8.090923559219635e-05,1.5235903894522074e-10,3.9105444806574084e-11,2.0,1.007647977151409e-10,1.0,0.0,PPAT2026_M1,0.021051877321628724,0.0026112677138252697,0.00022185977905969623,0.00029651558001110725,0.0001796045130789811,4.922176156441723e-08,1.313882700447011e-10,247.34166999463923,283.28876497398596,0.002577126562917923,-7.465580095141101e-05,8.470388556872469e-22,5.573488615696702e-09,5.1968061715278315e-06,7.985260712293884e-05,2.7006794384429756e-11,2.0955173949085724e-10,0.0027009401862219877,area,0.002775595982093364,25.850572343254342,25.83148600916671,nominal,external_test,REDS:018,0.6457907741762433,pareto_addon,0.004879248404093502,448,0.0,True,0.0,0.0,0,2.0,0.0,0.0,0.0
0.09821428571428571,7.296585752563346e-05,-5.730951217550054e-06,6.72349063080834e-05,0.0,4.377879707858779e-11,3.284380185793845e-11,,2.5,0.009083723076027837,018,164.12895300018135,0,True,0.005689919861462667,True,True,REDS,0,,6.821797322425628,3.860926796136165e-11,4,64,100,256,3.860926796136167e-11,1.0,0.0,0.0,3.1075542203581603e-06,7.607341174599162e-05,6.747554691732723e-11,9.656893232465813e-12,2.0,4.377879707858779e-11,1.0,0.0,PEM_audit_only,0.0076361557811353694,0.0026118050071279346,0.00041247374989154025,0.00048543960741717374,0.00040998184006671787,1.701345943495889e-07,5.169529117226117e-12,250.08032599347644,289.5116600266192,0.002735520336388091,3.30337258411856e-05,0.00010599958336681906,1.0912270429506132e-09,-3.0486025228275712e-05,4.247983229735775e-05,9.293977342190632e-10,3.030075318326838e-10,0.002702630129647765,area,0.002775595982093364,25.85058005970973,25.830592498661304,nominal,external_test,REDS:018,0.645103725438591,pareto_addon,0.004850347885797967,448,0.0,True,0.0,0.0,0,2.0,0.0,0.0,0.0
0.09821428571428571,6.716790643751293e-05,-3.891017037138038e-06,6.327688940037489e-05,0.0,2.016322381617345e-10,1.5140013583298474e-11,0.012157779595051823,2.5,0.011702821195720038,018,294.70003100286704,0,True,0.006261066334590774,True,True,REDS,0,0.23591315575319777,4.13385671388203,1.6852631266654633e-10,4,64,100,256,1.5676639397587987e-10,0.3333333333333333,0.3333333333333333,0.3333333333333333,3.253438067826755e-06,7.042134450533968e-05,2.580684216383604e-10,1.058485926118429e-11,2.0,2.2540238526630684e-10,2.00000000002,1.4228934564235727,PEM_R9_TwinAudit,0.0025159078413680793,0.002592730623625351,0.00010653964241782894,0.00017370754885534187,0.0001222642966145329,1.1350695406518856e-08,4.486584418585464e-11,380.6514039961621,444.65666998003144,0.003024746608759529,4.5907486316204096e-05,0.00011307539275371702,2.1074972998724665e-09,-7.810934640090821e-06,5.935697179742211e-05,6.101069995177073e-11,8.321838348188481e-10,0.0027084280807358856,area,0.002775595982093364,25.88397474435055,25.86242602686965,nominal,external_test,REDS:018,0.645437955430287,pareto_addon,0.004847933004979046,448,0.006180996242136913,True,8.306613636574467e-08,2.894108843142503e-05,99,2.0,4.321868571657677e-11,6.89998301073249e-15,2.8858022295059286e-05
0.09821428571428571,0.0003396609537261862,1.6648743064082237e-05,0.00035630969679026846,0.0,8.092299214165713e-10,2.771806456138264e-10,,2.5,0.05710443233936879,021,164.68043100321665,0,True,0.015688348007942783,True,True,REDS,0,,27.999999999999996,8.684606579143739e-10,4,64,100,256,8.046488990807641e-10,0.48279512926496954,0.5172048707350305,0.0,-1.973343585222288e-05,0.00031992751787396335,3.990361021024456e-09,3.894084905337953e-10,2.0,8.092299214165713e-10,1.0,0.0,PEM_uniform,0.03571428571428571,0.0028905928442055956,-1.973343585222288e-05,0.00031992751787396335,-1.480613591800517e-20,3.894084905337953e-10,4.581022335807186e-12,249.17602400062606,285.0893150025513,0.0027994383173341585,-0.00011492290086354538,0.00022473805286264085,1.3207273142892279e-08,1.6648743064082237e-05,0.00035630969679026846,2.771806456138264e-10,8.092299214165713e-10,0.002993762208063536,area,0.003333423170261085,25.795385878970787,25.39013076771964,nominal,external_test,REDS:021,0.7468553928086223,pareto_addon,0.005178285652494531,448,0.0,True,0.0,0.0,0,2.0,0.0,0.0,0.0
0.09821428571428571,0.0006124155289662141,-3.730585614872674e-05,0.0005751096728174874,0.0,4.3506510893694884e-08,1.3917269029894925e-09,,2.5,1.5043233226200519,021,163.99924099678174,0,True,0.5393509436421051,True,True,REDS,0,,1.1037745146348674,5.2733253271482845e-08,4,64,100,256,4.350651089369486e-08,0.0,1.0,0.0,0.00016411387394558693,0.000776529402911801,2.90642176911421e-07,2.6933363621427995e-08,2.0,4.3506510893694884e-08,19.99720152876622,0.0,PEM_greedy,0.0017857142857142859,0.0025413684673810956,0.00029909967115572945,0.0009115152001219435,0.00034145070402002027,8.946061328546549e-08,2.6469779601696886e-23,248.49483399419114,283.7553849793039,0.003420465326094777,-0.0002004589434713361,0.000411956585494878,4.0183788017644315e-08,0.00011032315632133007,0.0007227386852875442,1.2171198820700632e-08,1.1457618571404238e-07,0.002721007632823508,area,0.003333423170261085,26.41781433596334,25.949323629901286,nominal,external_test,REDS:021,0.7550635315586185,pareto_addon,0.004623004507679341,448,0.0,True,0.0,0.0,0,2.0,0.0,0.0,0.0
0.09821428571428571,0.0003241732674971632,1.3879079304123768e-05,0.00033805234680128694,0.0,3.135725368186193e-10,1.9262884233015668e-10,,2.5,0.018774456860575935,021,153.64771299937274,0,True,0.0070949861963544684,True,True,REDS,0,,19.150243529563774,3.7380926239845463e-10,4,64,100,256,3.4741876723433923e-10,0.48566366777551007,0.5143363322244899,0.0,-1.992528726952182e-05,0.00030424798022764135,1.3116607094446566e-09,3.970170727729683e-10,2.0,3.506734661885845e-10,1.0,0.0,PPAT2026_M1,0.020436637733739983,0.002905959707923559,0.00034257456187637236,0.0006667478293735355,0.00035172890237852286,1.1735733044478848e-07,-3.3846230415719934e-11,238.14330599678215,278.9599249692401,0.0027686384891761114,-0.0003241732674971632,-4.9412274955829824e-21,1.0508830735978731e-07,1.3879079304123768e-05,0.00033805234680128694,1.9262884233015668e-10,3.135725368186193e-10,0.0030092498942925596,area,0.003333423170261085,25.777066456549964,25.36710411630487,nominal,external_test,REDS:021,0.7453869222069289,pareto_addon,0.00521406609703191,448,0.0,True,0.0,0.0,0,2.0,0.0,0.0,0.0
0.09821428571428571,0.0003330148386395373,-1.3189322234049053e-06,0.0003316959064161324,0.0,2.109458767968622e-10,1.7395822099358072e-12,,2.5,0.01879263019498417,021,160.49282199470326,0,True,0.007062027591358392,True,True,REDS,0,,9.031336323630368,2.113169477894464e-10,4,64,100,256,2.0022353269242964e-10,0.5172187521518342,0.4827812478481659,0.0,-1.3356492784792747e-06,0.000331679189361058,4.493802865655051e-10,1.7839589951022073e-12,2.0,2.109458767968622e-10,1.0,0.0,PEM_audit_only,0.0037415166522432757,0.002880678768319641,0.0011941060636356277,0.001527120902275165,0.0010823011123161053,1.4258892912113737e-06,1.072234410443256e-11,244.98841499211267,274.9984800000675,0.0026443169457382207,-0.00010327442936736077,0.0002297404092721765,1.0665607761153989e-08,3.8215713721795395e-05,0.0003712305523613327,1.4604407752662209e-09,2.1566154220934235e-09,0.0030004083231501854,area,0.003333423170261085,25.814802562120402,25.4050516828134,nominal,external_test,REDS:021,0.7427094619340869,pareto_addon,0.005196676683382499,448,0.0,True,0.0,0.0,0,2.0,0.0,0.0,0.0
0.09821428571428571,0.0005214255761550666,1.9582525228392655e-05,0.0005410081013834593,0.0,1.0749187745611243e-09,3.8347529432063484e-10,0.024861604276115647,2.5,0.023510110193105744,021,293.5006869980134,0,True,0.009567740886438778,True,True,REDS,0,0.17102512440391152,3.579435106493977,1.2174235830705246e-09,4,64,100,256,1.0653134657398778e-09,0.05337602706064651,0.9466239729393534,1.5265566588595902e-16,6.398820322195626e-05,0.0005854137793770229,4.504909312924274e-09,4.094490151574373e-09,2.0,1.0657970760974545e-09,2.00000000002,1.901002231187235,PEM_R9_TwinAudit,0.0017857142857142859,0.0026428321881598045,0.0007380630456010004,0.001259488621756067,0.0006417540227511253,5.447370592818243e-07,9.605308821246456e-12,377.9962799954228,434.84877000155393,0.0033629752414947992,-0.00017290818495908949,0.00034851739119597715,2.98972404258467e-08,-2.4612948971792017e-06,0.0005189642812578874,6.057972570880377e-12,5.7662939002559425e-09,0.002811997585634655,area,0.003333423170261085,26.26792238740553,25.779304123771688,nominal,external_test,REDS:021,0.7514087398974816,pareto_addon,0.004772792159670954,448,0.008545739827461282,True,2.8645102881890284e-06,8.133372638975679e-05,99,2.0,9.391072137342444e-11,8.205419191140791e-12,7.846921610156776e-05
0.09821428571428571,0.00011615649875763384,-1.6423414469135392e-05,9.973308428849845e-05,0.0,2.966796649006824e-10,2.6972854282500575e-10,,2.5,0.04960137006174675,022,168.68336500017904,0,True,0.012078147268321397,True,True,REDS,0,,27.999999999999996,2.7777004959691735e-10,4,64,100,256,2.7777004959691704e-10,1.0,0.0,0.0,-2.3270700239928636e-06,0.00011382942873364098,1.3116647837298792e-09,5.415254896566146e-12,2.0,2.966796649006824e-10,1.0,0.0,PEM_uniform,0.03571428571428571,0.003369908085266575,-2.3270700239928636e-06,0.00011382942873364098,-6.869437202232375e-21,5.415254896566146e-12,1.8909615303765362e-11,250.64179500099272,288.2751199591439,0.002752478691179817,2.165816869355934e-06,0.00011832231562698978,4.690762711586739e-12,-1.6423414469135392e-05,9.973308428849845e-05,2.6972854282500575e-10,2.966796649006824e-10,0.0034866837090676934,area,0.003602840192615986,24.852378426341158,24.72381944412315,nominal,external_test,REDS:022,0.7485260430518013,pareto_addon,0.006749142579245891,448,0.0,True,0.0,0.0,0,2.0,0.0,0.0,0.0
0.09821428571428571,0.000190964822494551,1.0576277930523012e-05,0.000201541100425074,0.0,1.4016674307601725e-08,1.1185765486366814e-10,,2.5,0.9797153207170125,022,163.90134899993427,0,True,0.39883133931069187,True,True,REDS,0,,1.1037745146348674,1.1421361304382887e-08,4,64,100,256,1.1421361304382897e-08,1.0,0.0,0.0,-0.00019414453236566004,-3.179709871109037e-06,5.987412183149147e-08,3.7692099447480815e-08,2.0,1.4016674307601725e-08,19.994670845464977,0.0,PEM_greedy,0.0017857142857142859,0.0031906081374473523,-2.595371275811574e-05,0.00016501110973643525,-1.6725943206357442e-05,6.735952059307797e-10,2.5953130032188277e-09,245.85977900074795,288.8407050049864,0.003422278270180331,3.05544164276609e-05,0.0002215192389222119,9.335723632349144e-10,3.6422155811610506e-05,0.0002273869783061615,1.326573433965233e-09,2.1368966998609695e-08,0.003411875385330776,area,0.003602840192615986,25.100867955251502,24.961265314989447,nominal,external_test,REDS:022,0.7544598872105426,pareto_addon,0.006383645607919121,448,0.0,True,0.0,0.0,0,2.0,0.0,0.0,0.0
0.09821428571428571,0.0001316321773830341,4.664968105254878e-06,0.000136297145488289,0.0,1.9168298212862812e-10,2.176192742304529e-11,,2.5,0.011366644930784984,022,158.4738979965914,0,True,0.0059666141905942265,True,True,REDS,0,,17.970994090020532,1.370631521321959e-10,4,64,100,256,1.370631521321959e-10,1.0,0.0,0.0,-1.612806232182143e-05,0.00011550411506121268,3.4024193602778224e-10,2.60114394256556e-10,2.0,1.4105627567927555e-10,0.9999989887372466,0.0,PPAT2026_M1,0.01919696200666921,0.0033430055167445205,0.00020225518538862728,0.0003338873627716614,0.0002189907708959296,4.090716001658799e-08,5.461982999643222e-11,240.43232799740508,271.07810503512155,0.0031409634106676636,-0.0001316321773830341,1.4229822641627224e-21,1.7327030122598556e-08,4.664968105254878e-06,0.000136297145488289,2.176192742304529e-11,1.9168298212862812e-10,0.003471208030442293,area,0.003602840192615986,24.89562683337983,24.758629067189105,nominal,external_test,REDS:022,0.749712813318595,pareto_addon,0.0066873192438867204,448,0.0,True,0.0,0.0,0,2.0,0.0,0.0,0.0
0.09821428571428571,0.00012440934976512194,-9.478910015531158e-06,0.00011493043974959079,0.0,1.158277391216366e-10,8.98497350825369e-11,,2.5,0.01240380190128948,022,157.79793999739923,0,True,0.005938959792697802,True,True,REDS,0,,8.436791687226405,1.0596318093576297e-10,4,64,100,256,1.0596318093576299e-10,1.0,0.0,0.0,-8.782473551994897e-06,0.00011562687621312705,1.8989033487810555e-10,7.713184169148987e-11,2.0,1.158277391216366e-10,0.9999989862136421,0.0,PEM_audit_only,0.005026890508590105,0.003319501778588721,0.0005749171327852048,0.0006993264825503267,0.0005577066824139532,3.3052970956996083e-07,9.86455818587361e-12,239.7563699982129,277.38978994020727,0.0028014644343542436,2.0775978947744296e-05,0.00014518532871286624,4.316413012371142e-10,-2.5444216031224087e-05,9.896513373389786e-05,6.474081294436009e-10,7.9914801122435e-10,0.003478430858060205,area,0.003602840192615986,24.912466124132514,24.789270943220583,nominal,external_test,REDS:022,0.7491206028624443,pareto_addon,0.006643347307969929,448,0.0,True,0.0,0.0,0,2.0,0.0,0.0,0.0
0.09821428571428571,0.00016560571639051035,-9.038631643731979e-06,0.00015656708474677837,0.0,3.88436231886197e-10,8.169686199107305e-11,0.017672071682529333,2.5,0.016868955277170587,022,295.4131290013902,0,True,0.007026610049300516,True,True,REDS,0,0.16380556924785566,3.5261429722970155,3.526444073738283e-10,4,64,100,256,3.5264440737382706e-10,1.0,0.0,0.0,-6.8836774920557914e-06,0.00015872203889845456,9.192382567257805e-10,4.738501581463551e-11,2.0,3.9213131424020466e-10,2.00000000002,2.00000000002,PEM_R9_TwinAudit,0.0017857142857142859,0.0032393738395244016,0.00025101488578422877,0.00041662060217473914,0.00021030471663757746,6.300847288526941e-08,3.5791824512369946e-11,377.37155900220387,430.6373250175966,0.0033651144350756606,8.776500029495185e-06,0.00017438221642000553,7.702695276772897e-11,2.5394465212576098e-05,0.00019100018160308644,6.448788634327375e-10,1.8170272521444323e-09,0.0034372344914348173,area,0.003602840192615986,25.033448304123514,24.895389293983314,nominal,external_test,REDS:022,0.7525648466071772,pareto_addon,0.006478032042558387,448,0.006683939273680176,True,8.186397723658267e-06,6.733315345554322e-05,99,2.0,4.73667811330894e-11,6.701710768991725e-11,5.9146755731884955e-05
0.09821428571428571,6.429201802380356e-05,-1.5575072117977211e-06,6.273451081200584e-05,0.0,4.1105039977509644e-11,2.4258287148019112e-12,,2.5,0.029137123255331805,024,169.5427710004151,0,True,0.007743871067743241,True,True,REDS,0,,27.999999999999996,5.179520866324416e-11,4,64,100,256,4.110503997750965e-11,0.0,1.0,0.0,3.4400978646057228e-06,6.773211588840928e-05,2.532163752741623e-10,1.1834273318064853e-11,2.0,4.1105039977509644e-11,1.0,0.0,PEM_uniform,0.03571428571428571,0.001263665014571928,3.4400978646057228e-06,6.773211588840928e-05,-3.8624702475575455e-21,1.1834273318064853e-11,-6.462348535570529e-27,256.74328600172885,287.90731501649134,0.0011035189837513345,-7.005400609986351e-06,5.728661741381721e-05,4.907563770639714e-11,-1.5575072117977347e-06,6.273451081200583e-05,2.4258287148019536e-12,4.1105039977509644e-11,0.0013048594687757105,area,0.0013691514846868812,29.023785103141584,28.98368038082279,nominal,external_test,REDS:024,0.8019621686528405,pareto_addon,0.0024972193815171848,448,0.0,True,0.0,0.0,0,2.0,0.0,0.0,0.0
0.09821428571428571,0.00011679109128707112,-1.2153659689206653e-05,0.00010463743159786447,0.0,2.3585439822906264e-09,1.4771144384104676e-10,,2.5,0.7302046280155581,024,156.48201400064863,0,True,0.23657543957562,True,True,REDS,0,,1.1037745146348674,2.567877028757409e-09,4,64,100,256,2.2135468576912493e-09,0.44108087601235246,0.5589191239876476,0.0,-5.702220241479258e-05,5.9768888872278544e-05,1.5166309155978544e-08,3.2515315682335765e-09,2.0,2.3585439822906264e-09,19.991204174577494,0.0,PEM_greedy,0.0017857142857142859,0.0011758425829768108,5.100846821379899e-05,0.0001677995595008701,5.054824600609409e-05,2.6018638295181415e-09,1.4499712459937712e-10,243.6825290019624,285.32431001076475,0.0014857899566967521,-7.604240930131657e-06,0.00010918685035693947,5.782448012348957e-11,-6.840968415022368e-05,4.8381407136847446e-05,4.6798848855333656e-09,4.8829207890231e-09,0.0012523603955124434,area,0.0013691514846868812,29.342545850252737,29.296508159474328,nominal,external_test,REDS:024,0.808536247675945,pareto_addon,0.002327209989241858,448,0.0,True,0.0,0.0,0,2.0,0.0,0.0,0.0
0.09821428571428571,7.102043488377317e-05,3.843840647592441e-06,7.48642755313656e-05,0.0,3.3578515177074545e-11,1.477511092408388e-11,,2.5,0.0071201843070082815,024,153.6944670014782,0,True,0.0053271600561026556,True,True,REDS,0,,17.111403826529433,2.4541194720902532e-11,4,64,100,256,2.2395250607235394e-11,0.0,1.0,0.0,3.5713689631291433e-06,7.459180384690231e-05,7.567847033894416e-11,1.2754676270802131e-11,2.0,2.2395250607235384e-11,0.9999999906586694,0.0,PPAT2026_M1,0.021831161024900986,0.001254428708033633,0.00013145464251363966,0.0002024750773974128,0.00012933031573758886,1.7280323038388797e-08,1.1183264569839151e-11,240.89498200279195,278.43340998806525,0.0012822010608959091,-7.102043488377317e-05,-2.9887808061424926e-22,5.043902171080264e-09,3.843840647592441e-06,7.48642755313656e-05,1.477511092408388e-11,3.3578515177074545e-11,0.0012981310519157413,area,0.0013691514846868812,29.055928970613067,29.01554015566901,nominal,external_test,REDS:024,0.8025846999348666,pareto_addon,0.0024808051139124294,448,0.0,True,0.0,0.0,0,2.0,0.0,0.0,0.0
0.09821428571428571,6.372144409368942e-05,4.425581754269309e-06,6.814702584795873e-05,0.0,1.519803654952751e-11,1.9585773863721416e-11,,2.5,0.005563958134306666,024,160.92158600047696,0,True,0.005178765969475398,True,True,REDS,0,,10.154179068382236,1.4961592951176535e-11,4,64,100,256,1.4961592951176528e-11,1.0,0.0,0.0,3.396823095463253e-06,6.711826718915267e-05,3.7055588346870175e-11,1.1538407141872557e-11,2.0,1.519803654952751e-11,0.9999999906352466,0.0,PEM_audit_only,0.010633700668373589,0.001262039512725305,0.0002366701233411366,0.000300391567434826,0.0002504433989790615,5.6012747282308804e-08,2.3644359835098254e-13,248.12210100179072,291.29752497537993,0.0009367680662067118,-3.2860686834520282e-06,6.043537541023739e-05,1.0798247392364146e-11,6.757046399283006e-06,7.047849049297242e-05,4.565767604206343e-11,5.645395533513591e-11,0.0013054300427058252,area,0.0013691514846868812,29.033690939113153,28.9892704771476,nominal,external_test,REDS:024,0.8021151419851682,pareto_addon,0.0024942197183615627,448,0.0,True,0.0,0.0,0,2.0,0.0,0.0,0.0
0.09821428571428571,0.0001060722483973886,2.1594138965251778e-05,0.00012766638736264038,0.0,8.372699541110252e-11,4.663068376506051e-10,0.009861172228698247,2.5,0.00986117222869825,024,294.65891000116244,0,True,0.005864396332354065,True,True,REDS,0,0.12738165063590592,3.3110093168088044,8.179006096076223e-11,4,64,100,256,7.912634800897535e-11,0.4515664329482979,0.5484335670517022,0.0,6.057234915477668e-06,0.00011212948331286627,2.5831299175788204e-10,3.6690094821281756e-11,2.0,8.365860044615178e-11,2.00000000002,1.9283673910637054,PEM_R9_TwinAudit,0.0017857142857142859,0.001190046456093172,0.00016894103867957065,0.00027501328707695927,0.00016533902237201838,2.8541074550132187e-08,4.600647402127167e-12,381.8594250024762,428.9943449985003,0.0014983606678007837,-2.7721000403679776e-06,0.00010330014835702063,7.684538633808144e-12,-3.287113475430971e-05,7.32011136430789e-05,1.0805115000359878e-09,7.897036089352102e-10,0.0012630792384021258,area,0.0013691514846868812,29.290416265848943,29.244360846317466,nominal,external_test,REDS:024,0.8070658085974118,pareto_addon,0.0023551701927511833,448,0.0057221146829013365,True,3.3623182717206403e-06,3.1406666952900396e-05,99,2.0,1.4979340824962114e-11,1.1305184160346473e-11,2.8044348681179756e-05
0.09821428571428571,0.0001760553646848014,-1.0473048518065155e-05,0.00016558231616673624,0.0,3.2542949877776354e-10,1.0968474526174673e-10,,2.5,0.05375990709387983,027,171.06574300152715,0,True,0.013533700319878814,True,True,REDS,0,,27.999999999999996,3.466557422708717e-10,4,64,100,256,3.2259919578769777e-10,0.4694011798479202,0.5305988201520798,0.0,-3.1942721317921e-05,0.0001441126433668804,1.752445508773215e-09,1.0203374451943648e-09,2.0,3.2542949877776354e-10,1.0,0.0,PEM_uniform,0.03571428571428571,0.002972245605723095,-3.1942721317921e-05,0.0001441126433668804,-1.3145951357542612e-20,1.0203374451943648e-09,2.8303029900657728e-12,262.23614800255746,295.13050001114607,0.0025892809217252324,-2.7701311969268572e-05,0.00014835405271553282,7.673626848187423e-10,-1.0473048518065155e-05,0.00016558231616673624,1.0968474526174673e-10,3.2542949877776354e-10,0.0030675942673151413,area,0.0032436496298760176,25.4239069414346,25.269153063505247,nominal,external_test,REDS:027,0.7688243102337508,pareto_addon,0.005942250890375123,448,0.0,True,0.0,0.0,0,2.0,0.0,0.0,0.0
0.09821428571428571,0.0003376371877719567,-6.35914016806159e-05,0.0002740457860913408,0.0,1.6479078975162443e-08,4.043866367705439e-09,,2.5,1.2726660837613968,027,158.02448900300078,0,True,0.450018900482605,True,True,REDS,0,,1.1037745146348674,1.6945465893395276e-08,4,64,100,256,1.5941079283369e-08,0.4225931696474051,0.577406830352595,0.0,6.04997071234615e-05,0.0003981368948954182,1.1487420554215779e-07,3.660214562024618e-09,2.0,1.6479078975162443e-08,19.996142045368767,0.0,PEM_greedy,0.0017857142857142859,0.0027263144579827603,-7.151439845698383e-06,0.0003304857479262583,-7.82505516514676e-06,5.1143091866642515e-11,5.379996917934447e-10,249.19489400403108,278.73807001742534,0.0031098621904059936,-6.518961168688295e-05,0.00027244757608507373,4.249685471886586e-09,-3.751135583664829e-05,0.0003001258319353084,1.4071018167036475e-09,3.832806324280913e-08,0.002906012444227987,area,0.0032436496298760176,25.842185848808878,25.644240533104288,nominal,external_test,REDS:027,0.7806138688013532,pareto_addon,0.005463449490381778,448,0.0,True,0.0,0.0,0,2.0,0.0,0.0,0.0
0.09821428571428571,0.0001827107980428678,-2.1666760390893797e-05,0.000161044037651974,0.0,1.6856898139926242e-10,4.694485058364043e-10,,2.5,0.014408222564080192,027,161.30260700068902,0,True,0.006173321901081834,True,True,REDS,0,,17.672608782898056,1.794437703488349e-10,4,64,100,256,1.635877512723165e-10,0.0,1.0,0.0,-2.047424049484464e-05,0.00016223655754802317,5.674317194795171e-10,4.191945238407361e-10,2.0,1.6358775127231598e-10,0.9607076234162858,0.0,PPAT2026_M1,0.01962303320975676,0.0029590536238412062,0.00018596818026632723,0.00036867897830919504,0.00029546364666283335,3.458416407156918e-08,4.9812301269459265e-12,252.47301200171933,286.9267849455355,0.002374802747178084,-0.0001827107980428678,-5.536967404068384e-21,3.338323572146163e-08,-2.166676039089377e-05,0.00016104403765197404,4.694485058364032e-10,1.6856898139926242e-10,0.0030609388339570757,area,0.0032436496298760176,25.443319902341806,25.28847164502322,nominal,external_test,REDS:027,0.7687128317567182,pareto_addon,0.00591665191572102,448,0.0,True,0.0,0.0,0,2.0,0.0,0.0,0.0
0.09821428571428571,0.00020187469272341192,-8.048508083508834e-07,0.00020106984191506103,0.0,6.655185984458613e-11,6.477848237030704e-13,,2.5,0.01019737491972114,027,160.08437399752438,0,True,0.005695083089624467,True,True,REDS,0,,6.753528752981788,6.276561764349547e-11,4,64,100,256,6.27656176434955e-11,1.0,0.0,0.0,-5.885354080857342e-06,0.00019598933864255457,1.9320165247011364e-10,3.463739265706417e-11,2.0,6.655185984458613e-11,0.9606565032928697,0.0,PEM_audit_only,0.005665839712843124,0.0029315744350220142,0.001247810961705856,0.001449685654429268,0.0012050221141230973,1.5570321961532933e-06,3.7862422010906274e-12,251.25477899855468,284.3639399885433,0.002331705404405893,-5.3734369082450255e-05,0.00014814032364096166,2.887382420688986e-09,1.1736667297483259e-07,0.00020199205939638675,1.3774935925181297e-14,5.421697209099573e-10,0.0030417749392765312,area,0.0032436496298760176,25.509138810578552,25.328990742545834,nominal,external_test,REDS:027,0.7690189271617058,pareto_addon,0.005871770404776818,448,0.0,True,0.0,0.0,0,2.0,0.0,0.0,0.0
0.09821428571428571,0.00029956200920386626,-1.5452626202726825e-06,0.00029801674658359357,0.0,5.200526114485427e-10,2.3878365656119965e-12,0.023069177760733854,2.5,0.022991121201477286,027,294.4642149982974,0,True,0.008263558752134064,True,True,REDS,0,0.14000361320969693,3.454479973574948,5.281136555201954e-10,4,64,100,256,5.078404841284826e-10,0.48220094119808676,0.5177990588019132,0.0,2.1140883902036095e-05,0.00032070289310590235,2.0393753458626115e-09,4.469369721593689e-10,2.0,5.14510321177703e-10,2.00000000002,2.00000000002,PEM_R9_TwinAudit,0.0017857142857142859,0.0027885943112298554,0.0003653119444943783,0.0006648739536982446,0.0003599954589353051,1.3345281679026376e-07,1.2212127320060111e-11,385.6346199993277,434.3072049523471,0.0030297674371508993,-6.308765989063582e-05,0.00023647434931323044,3.980052830476539e-09,1.4682184406310012e-06,0.00030103022764449726,2.155665389408929e-12,4.091784916006497e-09,0.0029440876227960766,area,0.0032436496298760176,25.723321666463416,25.54614662933554,nominal,external_test,REDS:027,0.777128236035355,pareto_addon,0.00557723506576227,448,0.007592082295426567,True,-9.23866608144855e-06,5.4283860027301445e-05,99,2.0,5.068228024154609e-11,8.535295096450791e-11,6.352252610875e-05
0.09821428571428571,4.586975793475251e-05,9.491473367534455e-06,5.536123130228696e-05,0.0,9.664331963516341e-11,9.008806668661585e-11,,2.5,0.028007215306450353,029,156.95551599666942,0,True,0.006817430106309204,True,True,REDS,0,,27.999999999999996,9.28241779847755e-11,4,64,100,256,9.282417798477558e-11,1.0,0.0,0.0,1.3470234685004325e-05,5.933999261975683e-05,2.221964548730711e-10,1.8144722246909355e-10,2.0,9.664331963516341e-11,1.0,0.0,PEM_uniform,0.03571428571428571,0.0007917818941796195,1.3470234685004325e-05,5.933999261975683e-05,-2.4860417042303393e-21,1.8144722246909355e-10,3.819141650387838e-12,243.19714699464384,279.16884498263244,0.0007295160449228681,-5.288242994411357e-07,4.534093363531137e-05,2.796551396794079e-13,9.491473367534475e-06,5.536123130228698e-05,9.008806668661624e-11,9.664331963516341e-11,0.0008206594932191029,area,0.0008665292424848303,31.10292891957857,31.013944335610635,nominal,external_test,REDS:029,0.873607444060252,pareto_addon,0.001571924906268551,448,0.0,True,0.0,0.0,0,2.0,0.0,0.0,0.0
0.09821428571428571,8.362954140400161e-05,-5.50386434536185e-07,8.307915496946542e-05,0.0,1.770804818921362e-09,3.029252273214542e-13,,2.5,0.5555426298276746,029,159.86492900003213,0,True,0.17535648642718776,True,True,REDS,0,,1.1037745146348674,1.9608831572357257e-09,4,64,100,256,1.7416380376145916e-09,2.7647155398380363e-17,0.9437001754084425,0.056299824591557524,-5.955451212156878e-05,2.407502928243283e-05,9.936516053920424e-09,3.5467399140380822e-09,2.0,1.770804818921362e-09,19.98501305257092,0.0,PEM_greedy,0.0017857142857142859,0.0007247391809686414,0.00010299899441848112,0.00018662853582248273,9.978297376841711e-05,1.0608792851218305e-08,2.916678130677036e-11,246.10655999800656,283.80406998912804,0.0008643173633471259,-2.176500222173471e-06,8.145304118182814e-05,4.7371532171211686e-12,-1.9640346785408178e-05,6.398919461859343e-05,3.8574322185109334e-10,3.2836472630366935e-09,0.000782899709749854,area,0.0008665292424848303,31.506560634705465,31.398182591474246,nominal,external_test,REDS:029,0.8777418347982592,pareto_addon,0.0014410837403774168,448,0.0,True,0.0,0.0,0,2.0,0.0,0.0,0.0
0.09821428571428571,3.907000842624332e-05,-9.862373847831159e-08,3.897138468776501e-05,0.0,2.1750437920220508e-11,9.726641791438398e-15,,2.5,0.005261189317439324,029,153.2402100006584,0,True,0.005121265594654991,True,True,REDS,0,,18.76710180860458,1.610267348498793e-11,4,64,100,256,1.4898870297913643e-11,0.0,1.0,0.0,4.856219471471598e-06,4.392622789771492e-05,3.567216628108747e-11,2.3582867555099882e-11,2.0,1.4898870297913655e-11,0.9860645915262296,0.0,PPAT2026_M1,0.02240725409518137,0.0008013268468634965,8.786021169950889e-05,0.0001269302201257522,7.329113697060916e-05,7.719416799882519e-09,6.851567622306865e-12,239.48184099863283,278.9399700064678,0.0006342209704432314,-3.907000842624332e-05,6.926479577274032e-22,1.5264655584267243e-09,-9.862373847831159e-08,3.897138468776501e-05,9.726641791438398e-15,2.1750437920220508e-11,0.0008274592427276123,area,0.0008665292424848303,31.04424661576196,30.96190306841696,nominal,external_test,REDS:029,0.872390971029544,pareto_addon,0.0015936618781794657,448,0.0,True,0.0,0.0,0,2.0,0.0,0.0,0.0
0.09821428571428571,4.476494834082647e-05,1.4082559819274858e-06,4.6173204322753954e-05,0.0,1.061500800212169e-11,1.9831849106345474e-12,,2.5,0.005258761678285338,029,155.52628199919127,0,True,0.005112594572595965,True,True,REDS,0,,14.838591048629896,1.0693486072253545e-11,4,64,100,256,1.0615008002121702e-11,0.0,1.0,0.0,-4.100442577441212e-07,4.435490408308235e-05,2.25994091241617e-11,1.681362933089273e-13,2.0,1.061500800212169e-11,0.9860421125505789,0.0,PEM_audit_only,0.010028928441354834,0.0007905911411084452,0.00018490662086343522,0.0002296715692042617,0.00014773317967287216,3.419045843913418e-08,-1.2924697071141057e-26,241.7679129971657,279.0551650105044,0.0006622553562835499,-2.5270037430247074e-06,4.223794459780176e-05,6.3857479172608816e-12,-3.055605656849831e-06,4.170934268397664e-05,9.336725930172686e-12,4.183395806466981e-11,0.0008217643028130289,area,0.0008665292424848303,31.097348400495136,31.020480564100396,nominal,external_test,REDS:029,0.8727752523017591,pareto_addon,0.0015713374798591185,448,0.0,True,0.0,0.0,0,2.0,0.0,0.0,0.0
0.09821428571428571,6.977404565902266e-05,-1.9837856177286654e-06,6.7790260041294e-05,0.0,3.852552289933237e-11,3.935405377107102e-12,0.0069960092544752266,2.5,0.00690093669995753,029,293.4167839976726,0,True,0.005337818680289052,True,True,REDS,0,0.18114283577030554,3.594555377700127,4.173071129798616e-11,4,64,100,256,3.858982947029403e-11,0.0,1.0,0.0,-2.0239600717303158e-05,4.9534444941719506e-05,1.2608616989147814e-10,4.096414371958585e-10,2.0,3.8589829470294065e-11,2.00000000002,1.7750504168828725,PEM_R9_TwinAudit,0.0018250521501538206,0.0007443093016244679,0.00010355570269308584,0.0001733297483521085,0.00016125721551511863,1.0723783560258787e-08,-6.430657096166527e-14,379.65841499564704,436.344719977933,0.0007045194238730416,-2.5980042824256963e-06,6.717604137659697e-05,6.749626251502257e-12,-1.4956016424289971e-05,5.481802923473269e-05,2.2368242728363137e-10,3.6671903686359593e-10,0.0007967552054948327,area,0.0008665292424848303,31.391857336849327,31.28246553601253,nominal,external_test,REDS:029,0.875812173856596,pareto_addon,0.0014830324806805115,448,0.005304920503182349,True,-1.2621884622456457e-06,1.637478457094249e-05,99,2.0,1.3343687248227536e-11,1.5931197142260279e-12,1.7636973033188137e-05
0.09821428571428571,0.00013731040922000743,8.323001693724393e-06,0.00014563341091373183,0.0,2.8138330222936087e-10,6.927235719373911e-11,,2.5,0.04829041953139063,010,165.16356399806682,0,True,0.011371445776642824,True,True,REDS_train,0,,27.999999999999996,3.142900071937129e-10,4,64,100,256,2.813833022293618e-10,0.0,1.0,0.0,-1.2867944760932041e-05,0.0001244424644590754,1.222684551300725e-09,1.6558400237039835e-10,2.0,2.8138330222936087e-10,1.0,0.0,PEM_uniform,0.03571428571428571,0.002834015998190475,-1.2867944760932041e-05,0.0001244424644590754,-8.970079040670011e-21,1.6558400237039835e-10,-9.305781891221561e-25,246.50300699810032,279.65464498265646,0.002294454634631009,-1.0094196161986789e-05,0.00012721621305802064,1.0189279615666882e-10,8.323001693724393e-06,0.00014563341091373183,6.927235719373911e-11,2.8138330222936087e-10,0.0029295811908194892,area,0.0030668916273862124,25.609395036221862,25.475977024632115,nominal,external_test,REDS_train:010,0.7587163348112963,pareto_addon,0.005614424969537368,448,0.0,True,0.0,0.0,0,2.0,0.0,0.0,0.0
0.09821428571428571,0.0002765073634470928,0.00010245859546500824,0.000378965958912101,0.0,1.2224174236008037e-08,1.0497763784662205e-08,,2.5,1.2133823315705718,010,169.07616800104734,0,True,0.3548193485010542,True,True,REDS_train,0,,1.1037745146348674,1.3146085682885555e-08,4,64,100,256,1.2130487410257789e-08,0.23296614720590902,0.7670338527940911,6.938893903907228e-18,3.391884893215409e-05,0.0003104262123792469,7.899924232725255e-08,1.1504883128822905e-09,2.0,1.2224174236008037e-08,19.997130114617434,0.0,PEM_greedy,0.0017857142857142859,0.002640517339767762,-3.6223576632060726e-06,0.0002728850057838867,8.38124946685132e-06,1.312147504018776e-11,9.36868257502484e-11,250.41561100108083,282.39304000744596,0.0026946516161132656,-4.7992883004928e-05,0.00022851448044216479,2.303316819124707e-09,0.00011750107540569693,0.0003940084388527897,1.3806502721495275e-08,2.702952436580715e-08,0.0027903842365924036,area,0.0030668916273862124,25.922843991930314,25.783109762380768,nominal,external_test,REDS_train:010,0.7660341786557097,pareto_addon,0.005227810746942935,448,0.0,True,0.0,0.0,0,2.0,0.0,0.0,0.0
0.09821428571428571,0.00014320371381652586,1.4063714720475299e-05,0.00015726742853700116,0.0,1.184965527470608e-10,1.9778807173891362e-10,,2.5,0.010571910274303882,010,163.70784799859393,0,True,0.005684529199324766,True,True,REDS_train,0,,17.97015394437255,1.0915748098351056e-10,4,64,100,256,1.009237691681317e-10,0.0,1.0,0.0,2.2016817136532077e-06,0.00014540539553017907,3.48822100924485e-10,4.8474023682349255e-12,2.0,1.0092376916813172e-10,0.9965898606556158,0.0,PPAT2026_M1,0.02026190320271561,0.0028339178970218553,0.0002638790064857934,0.00040708272030231927,0.00024507668752156095,6.963213006392941e-08,1.7572783578929113e-11,245.04729099862743,282.334725005785,0.0020745643587206236,-0.00014320371381652586,-9.197775736953875e-23,2.050730365084544e-08,1.4063714720475299e-05,0.00015726742853700116,1.9778807173891362e-10,1.184965527470608e-10,0.0029236878862229703,area,0.0030668916273862124,25.61981578125307,25.47612736088159,nominal,external_test,REDS_train:010,0.756851835604214,pareto_addon,0.005607453268716068,448,0.0,True,0.0,0.0,0,2.0,0.0,0.0,0.0
0.09821428571428571,0.00011581388497841809,1.0695071672623286e-06,0.00011688339214568042,0.0,5.108397435480686e-11,1.1438455808254904e-12,,2.5,0.007905663076538323,010,168.78355900291353,0,True,0.005441879428212659,True,True,REDS_train,0,,9.44464546541939,5.1102800474860625e-11,4,64,100,256,5.108397435480683e-11,0.0,1.0,0.0,-9.811516416563447e-06,0.00010600236856185464,9.050385869509358e-11,9.626585439249403e-11,2.0,5.108397435480686e-11,0.9965831573414452,0.0,PEM_audit_only,0.007358578597535875,0.002866673106908048,0.00030303309097472414,0.00041884697595314226,0.0003801104511066086,9.182905422569544e-08,2.5849394142282115e-26,250.12300200294703,293.6242199939443,0.0020733455269713276,-1.260466603435846e-05,0.00010320921894405963,1.5887760583770983e-10,2.9024627636529797e-05,0.00014483851261494788,8.424290094392093e-10,2.4696040181487223e-10,0.0029510777150610775,area,0.0030668916273862124,25.57193781567313,25.426218277930182,nominal,external_test,REDS_train:010,0.7567501487162,pareto_addon,0.005678362565181033,448,0.0,True,0.0,0.0,0,2.0,0.0,0.0,0.0
0.09821428571428571,0.0002406615850143513,1.3345400146848519e-05,0.00025400698516119983,0.0,2.769585778320288e-10,1.7809970507950448e-10,0.015480630936664764,2.5,0.014764039199446832,010,317.49453699798323,0,True,0.006979427121535729,True,True,REDS_train,0,0.17457475946391848,3.652209856352543,2.974170710377699e-10,4,64,100,256,2.7617895879964176e-10,0.0,1.0,0.0,1.6298664364004415e-05,0.0002569602493783557,1.1962134342153773e-09,2.6564646005046743e-10,2.0,2.7617895879964253e-10,2.00000000002,2.00000000002,PEM_R9_TwinAudit,0.0017857142857142859,0.002693754182211614,0.00028570064257896655,0.0005263622275933178,0.00030214302702000635,8.162485717003439e-08,7.796190323870574e-13,398.83397999801673,448.89086996554397,0.002560595967077411,-4.4285127531331416e-05,0.0001963764574830199,1.9611725204662877e-09,6.006961208826855e-05,0.00030073119710261986,3.608358296435059e-09,1.977352019315071e-09,0.0028262300150251446,area,0.0030668916273862124,25.83611101337577,25.696420382269736,nominal,external_test,REDS_train:010,0.7633228547134121,pareto_addon,0.005341659691865626,448,0.006605231875357797,True,-1.6308350415427517e-06,5.1294281603015104e-05,99,2.0,4.366575323072831e-11,2.6596229327237485e-12,5.2925116644557856e-05
0.09821428571428571,0.00015819357802858116,8.690813875894196e-06,0.00016688439190447535,0.0,4.145615376432621e-10,7.55302458254351e-11,,2.5,0.060437597186327824,022,162.71938600286376,0,True,0.012955395510264305,True,True,REDS_train,0,,27.999999999999996,3.1880953965081437e-10,4,64,100,256,3.188095396508151e-10,1.0,0.0,0.0,2.7144481496150537e-05,0.0001853380595247317,1.9970329206252524e-09,7.368228756948589e-10,2.0,4.145615376432621e-10,1.0,0.0,PEM_uniform,0.03571428571428571,0.0027202507962239557,2.7144481496150537e-05,0.0001853380595247317,-8.809142780691695e-21,7.368228756948589e-10,9.5751997992447e-11,246.59587400441524,288.569035026012,0.002339578305471344,-2.5445108680155232e-05,0.00013274846934842593,6.474535557449112e-10,8.690813875894196e-06,0.00016688439190447535,7.55302458254351e-11,4.145615376432621e-10,0.0028264073880644707,area,0.0029846009495668115,25.74915209122848,25.653910539088066,nominal,external_test,REDS_train:022,0.7601604523637069,pareto_addon,0.005420032176109653,448,0.0,True,0.0,0.0,0,2.0,0.0,0.0,0.0
0.09821428571428571,0.00028019348573452837,4.824373883646727e-05,0.00032843722457099564,0.0,1.7002009887777335e-08,2.3274583369212604e-09,,2.5,1.2065960684620738,022,160.34641200152691,0,True,0.4391628942279411,True,True,REDS_train,0,,1.1037745146348674,1.3819701108770748e-08,4,64,100,256,1.3819551734947253e-08,0.9931955867878817,0.0068044132121182765,0.0,-2.9748485527131047e-05,0.0002504450002073973,1.0835518391982468e-07,8.849723911579254e-10,2.0,1.7002009887777335e-08,19.99603171497324,0.0,PEM_greedy,0.0017857142857142859,0.0024790911501668352,0.0002067793010729092,0.0004869727868074376,0.00020637390349318664,4.275767935220083e-08,3.1824581528300823e-09,244.2229000030784,282.8883399750339,0.003989312430586608,-3.441351230744512e-05,0.00024577997342708325,1.1842898293346768e-09,-8.507749825629012e-05,0.00019511598747823825,7.238180709549049e-09,3.265197702498043e-08,0.0027044074803585227,area,0.0029846009495668115,26.15608246127467,26.05707504984203,nominal,external_test,REDS_train:022,0.7686007889254931,pareto_addon,0.004937411934295125,448,0.0,True,0.0,0.0,0,2.0,0.0,0.0,0.0
0.09821428571428571,0.00015955165986546925,1.5457226552294744e-05,0.000175008886417764,0.0,1.460882884303816e-10,2.389258526889657e-10,,2.5,0.010455722609277655,022,160.02371400245465,0,True,0.005926458345561767,True,True,REDS_train,0,,16.870019938424498,1.1967513184943343e-10,4,64,100,256,1.1967513184943317e-10,1.0,0.0,0.0,3.141410500855492e-05,0.00019096576487402417,4.446893684171611e-10,9.868459934885152e-10,2.0,1.2594004715737777e-10,0.6300743742820145,0.0,PPAT2026_M1,0.020871795686913268,0.0026885072064292974,0.0004351317801214633,0.0005946834399869326,0.0003302841858345657,1.893396660716735e-07,2.6413156580948436e-11,243.90020200400613,278.85768000851385,0.0025799616319092614,-0.00015955165986546925,-1.534481483988513e-21,2.545673216582639e-08,1.5457226552294744e-05,0.000175008886417764,2.389258526889657e-10,1.460882884303816e-10,0.0028250493062275824,area,0.0029846009495668115,25.80135635751453,25.70488795077402,nominal,external_test,REDS_train:022,0.7607241257614643,pareto_addon,0.0053607986083444486,448,0.0,True,0.0,0.0,0,2.0,0.0,0.0,0.0
0.09821428571428571,0.00015330199082479605,-7.954721005781621e-06,0.00014534726981901442,0.0,1.1253174720700667e-10,6.327758627982336e-11,,2.5,0.011446639672107826,022,167.31957500101998,0,True,0.005707078420688511,True,True,REDS_train,0,,7.127482036211182,1.027209820573551e-10,4,64,100,256,1.0272098205735507e-10,1.0,0.0,0.0,-4.863172696400634e-06,0.0001484388181283954,1.845756324975784e-10,2.3650448675016616e-11,2.0,1.1253174720700667e-10,0.4667715783758024,0.0,PEM_audit_only,0.00619592219395958,0.002670659739089622,0.0008101108719335567,0.0009634128627583527,0.0008041522795199553,6.562796248249475e-07,9.810765149651602e-12,251.19606300257146,288.0385350639699,0.0023506418435489647,-5.411597513399388e-06,0.00014789039331139666,2.9285387647030436e-11,-1.2061204823420898e-05,0.00014124078600137515,1.4547266179251153e-10,6.167143521752514e-10,0.002831298975268255,area,0.0029846009495668115,25.837062925926013,25.733814406379587,nominal,external_test,REDS_train:022,0.7603270113096059,pareto_addon,0.005313560338566757,448,0.0,True,0.0,0.0,0,2.0,0.0,0.0,0.0
0.09821428571428571,0.00023804410298867187,4.843608230938116e-05,0.00028648018529805303,0.0,3.620432923720673e-10,2.3460540694811467e-09,0.015742336813561714,2.5,0.015354415858879512,022,299.58379899850115,0,True,0.006960368230741053,True,True,REDS_train,0,0.20467810127181468,3.710856438344128,3.4459300482904156e-10,4,64,100,256,3.4390894171693195e-10,0.49920578518762904,0.5007942148123711,0.0,4.4057721638614494e-05,0.00028210182462728637,1.2579808911530119e-09,1.94108283598564e-09,2.0,3.6135789288200193e-10,2.00000000002,1.819290632189144,PEM_R9_TwinAudit,0.002152715445892853,0.002551464099778722,0.0005394064844479467,0.0007774505874366186,0.00046355723745915447,2.9095935546449296e-07,1.813435065513538e-11,383.46028700005263,441.30481501633767,0.003501859433519339,-3.134802004369595e-05,0.00020669608294497592,9.82698360659963e-10,8.263742534297177e-05,0.00032068152833164364,6.828944067315233e-09,1.966043423624335e-09,0.0027465568631043795,area,0.0029846009495668115,26.03311195484508,25.932105380029974,nominal,external_test,REDS_train:022,0.7657904836175892,pareto_addon,0.005092050564221258,448,0.006592628131752637,True,6.296207642339258e-06,8.080916484700633e-05,99,2.0,7.176385875829186e-11,3.964223067545128e-11,7.451295720466707e-05
0.09821428571428571,0.00021796128440054914,-5.603323233429138e-06,0.00021235796116712,0.0,1.1352299824741563e-09,3.139723125828677e-11,,2.5,0.05974193646553387,055,162.12258699466474,0,True,0.017341345731626684,True,True,REDS_train,0,,27.999999999999996,9.24371143898875e-10,4,64,100,256,9.243711438988775e-10,1.0,0.0,0.0,-1.618713915059339e-05,0.00020177414524995575,3.777712709238488e-09,2.620234738806733e-10,2.0,1.1352299824741563e-09,1.0,0.0,PEM_uniform,0.03571428571428571,0.006027030773464686,-1.618713915059339e-05,0.00020177414524995575,-1.344135421098865e-20,2.620234738806733e-10,2.1085883857527883e-10,249.5253139914712,287.86570492375176,0.005837857582490233,6.2107905994731325e-06,0.00022417207500002227,3.857391987050383e-11,-5.603323233429111e-06,0.00021235796116712003,3.139723125828647e-11,1.1352299824741563e-09,0.0062407405948861315,area,0.006458701877854764,22.27465433699079,22.198965910587546,nominal,external_test,REDS_train:055,0.6869993026695166,pareto_addon,0.011776009456206823,448,0.0,True,0.0,0.0,0,2.0,0.0,0.0,0.0
0.09821428571428571,0.00029679450397798615,-3.3639947353625364e-06,0.0002934305092426236,0.0,3.4075333052121957e-08,1.131646057954686e-11,,2.5,1.2209511312223693,055,159.4113779970212,0,True,0.4922907441693629,True,True,REDS_train,0,,1.1037745146348674,2.6044824963820294e-08,4,64,100,256,2.604482496382024e-08,1.0,0.0,0.0,-0.0002924257435752923,4.3687604026938756e-06,1.3082308926439433e-07,8.55128155055626e-08,2.0,3.4075333052121957e-08,19.996220900063285,0.0,PEM_greedy,0.0017857142857142859,0.005837735494170662,-0.00018038133862973988,0.00011641316534824628,-0.00017207559203556274,3.253742732585689e-08,8.030508088301715e-09,246.81410499382764,278.1973649660358,0.0075953253996034,-3.1947406305567584e-06,0.0002935997633474294,1.0206367696530195e-11,-0.00017108219829648172,0.00012571230568150443,2.9269118573956692e-08,5.200299952984294e-08,0.006161907375308695,area,0.006458701877854764,22.415731643580163,22.33755586638945,nominal,external_test,REDS_train:055,0.6891328664101399,pareto_addon,0.011426983688198238,448,0.0,True,0.0,0.0,0,2.0,0.0,0.0,0.0
0.09821428571428571,0.00020698622441484075,-4.1304021919075126e-05,0.00016568220249576563,0.0,5.933414724361023e-10,1.7060222266914385e-09,,2.5,0.01642845117820702,055,156.0299890016904,0,True,0.007194911881304277,True,True,REDS_train,0,,17.944031999539444,3.587464624504077e-10,4,64,100,256,3.587464624504074e-10,1.0,0.0,0.0,-2.023589989620924e-05,0.00018675032451863152,1.0610276314715272e-09,4.0949164460940106e-10,2.0,4.3762419469921434e-10,0.5920420918772408,0.0,PPAT2026_M1,0.015253831064766635,0.005992866674851113,0.00035580379742247654,0.0005627900218373173,0.0003670542538812189,1.2659634226025474e-07,2.345950099856949e-10,243.43271599849686,275.28235499048606,0.006498615374777403,-0.00020698622441484075,7.436221357953712e-21,4.284329709751082e-08,-4.1304021919075126e-05,0.00016568220249576563,1.7060222266914385e-09,5.933414724361023e-10,0.006251715654871841,area,0.006458701877854764,22.30006264268385,22.223653840790103,nominal,external_test,REDS_train:055,0.6857325243484536,pareto_addon,0.011722778092131387,448,0.0,True,0.0,0.0,0,2.0,0.0,0.0,0.0
0.09821428571428571,0.00023855158308629682,-2.50351554269416e-05,0.00021351642765935521,0.0,2.5867670239001716e-10,6.267590072511235e-10,,2.5,0.01426671341944404,055,164.16391799983103,0,True,0.006595249634654329,True,True,REDS_train,0,,7.743857335275241,1.9507034240819433e-10,4,64,100,256,1.9507034240819428e-10,1.0,0.0,0.0,-1.568660658034452e-05,0.0002228649765059523,5.095348362194176e-10,2.4606962600650793e-10,2.0,2.5867670239001716e-10,0.4677303107341642,0.0,PEM_audit_only,0.0044862607336329345,0.0059307246659924704,0.0010090105014069265,0.0012475620844932232,0.001019881805779629,1.018102191949457e-06,6.360635998182288e-11,251.56664499663748,287.39321998436935,0.0074545409919181994,-2.1845199474633743e-05,0.00021670638361166307,4.772127400865383e-10,-6.342816002557263e-05,0.00017512342306072419,4.02313148422965e-09,1.8250004889975232e-09,0.006220150296200384,area,0.006458701877854764,22.34522936704649,22.26892237628403,nominal,external_test,REDS_train:055,0.6852841476754611,pareto_addon,0.01160230861331127,448,0.0,True,0.0,0.0,0,2.0,0.0,0.0,0.0
0.09821428571428571,0.00025006298261815184,-1.1926010886919371e-05,0.00023813697173123247,0.0,7.692685310390441e-10,1.4222973567491935e-10,0.021500903601235175,2.5,0.020954215637024428,055,290.97940199892037,0,True,0.008376152031913562,True,True,REDS_train,0,0.11644226103579566,3.2700022146510297,6.479006217475828e-10,4,64,100,256,6.479006217475831e-10,1.0,0.0,0.0,-5.0683584712103756e-05,0.00019937939790604808,1.9796376664510674e-09,2.5688257592689976e-09,2.0,7.839641652362622e-10,2.00000000002,2.00000000002,PEM_R9_TwinAudit,0.0017857142857142859,0.0059065888296782,0.0002547518854631565,0.0005048148680813084,0.0003555656689263576,6.489852314703321e-08,1.2136790929146104e-10,378.3821289957268,437.09679997118656,0.00781559927285248,-1.5600881495746676e-06,0.00024850289446857717,2.4338750344433104e-12,-7.75282514479478e-06,0.00024231015747335706,6.01062977257622e-11,4.730228439939264e-09,0.006208638896668529,area,0.006458701877854764,22.36290706809201,22.286632602607263,nominal,external_test,REDS_train:055,0.6857977339487543,pareto_addon,0.011542981071421208,448,0.00794687597877323,True,4.855364671273071e-06,7.636573381472439e-05,99,2.0,1.2470466275611712e-10,2.3574566091046657e-11,7.151036914345132e-05
0.09821428571428571,0.00015607679010992153,3.711870441170889e-05,0.00019319549452163041,0.0,2.81364851344233e-10,1.3777982172038167e-09,,2.5,0.04253489211657469,076,166.47243100043852,0,True,0.011394022195866464,True,True,REDS_train,0,,27.999999999999996,3.226470268050673e-10,4,64,100,256,2.8136485134423373e-10,0.0,1.0,0.0,2.1839686441971087e-06,0.00015826075875411864,1.4022366058613024e-09,4.7697190388361575e-12,2.0,2.81364851344233e-10,1.0,0.0,PEM_uniform,0.03571428571428571,0.002970916143181636,2.1839686441971087e-06,0.00015826075875411864,-2.2149911570699956e-21,4.7697190388361575e-12,-7.237830359838992e-25,254.8248810012592,289.8819399852073,0.0030658602112799854,-1.884792242114777e-05,0.00013722886768877376,3.552441795936048e-10,3.711870441170889e-05,0.00019319549452163041,1.3777982172038167e-09,2.81364851344233e-10,0.003078254482922712,area,0.0032343313121236863,25.29201331587277,25.271096063812752,nominal,external_test,REDS_train:076,0.7477399839726689,pareto_addon,0.005942644311725669,448,0.0,True,0.0,0.0,0,2.0,0.0,0.0,0.0
0.09821428571428571,0.00021813449362195005,-4.842940248417935e-05,0.0001697050911377707,0.0,1.3251381924870414e-08,2.3454070249746365e-09,,2.5,0.8808112731919215,076,155.98428499826696,0,True,0.3538809175302994,True,True,REDS_train,0,,1.1037745146348674,1.3749455253769967e-08,4,64,100,256,1.3106612719557253e-08,0.08592176942070712,0.8700024562236818,0.04407577435561106,-0.00014181669624232043,7.63177973796296e-05,5.591595395458825e-08,2.011197533308658e-08,2.0,1.3251381924870414e-08,19.994943574961987,0.0,PEM_greedy,0.0017857142857142859,0.0028284788687475085,-1.8282484550193533e-05,0.0001998520090717565,-5.6081125943238345e-06,3.3424924132806524e-10,1.4476920531316126e-10,244.33673499908764,281.33600499131717,0.0034747080510644196,1.6905443958536656e-06,0.0002198250380178037,2.857940354352235e-12,-0.00013269143581155874,8.544305781039131e-05,1.7607017137733012e-08,2.3076915762355452e-08,0.003016196779410685,area,0.0032343313121236863,25.51353888254839,25.484470614774462,nominal,external_test,REDS_train:076,0.7523236883533211,pareto_addon,0.005655915324488498,448,0.0,True,0.0,0.0,0,2.0,0.0,0.0,0.0
0.09821428571428571,0.00014133548953457068,3.0497797063624754e-05,0.00017183328659819543,0.0,2.592459032687428e-10,9.301156257340387e-10,,2.5,0.010927357880337092,076,162.24474500282668,0,True,0.0059879937531738545,True,True,REDS_train,0,,18.540061001054568,2.0450333372214436e-10,4,64,100,256,1.9592659872354073e-10,0.0,1.0,0.0,-8.53851020608267e-06,0.000132796979328488,4.2837323050553035e-10,7.29061565393779e-11,2.0,1.9592659872354083e-10,0.824340148282302,0.0,PPAT2026_M1,0.019054030724900466,0.002982687752351421,0.0001918289395793998,0.0003331644291139705,0.0002129971375790803,3.679834206015702e-08,6.331930454520206e-11,250.59719500364736,287.7890300238505,0.003012261434883394,-0.00014133548953457068,1.8999062448826538e-21,1.9975720601976737e-08,3.0497797063624754e-05,0.00017183328659819543,9.301156257340387e-10,2.592459032687428e-10,0.003092995783498063,area,0.0032343313121236863,25.274856350022574,25.253922091014513,nominal,external_test,REDS_train:076,0.7464296223390733,pareto_addon,0.005967912073978352,448,0.0,True,0.0,0.0,0,2.0,0.0,0.0,0.0
0.09821428571428571,0.00016161369498820247,-3.0912386882688448e-06,0.00015852245629993363,0.0,1.2227192301318574e-10,9.555756627850087e-12,,2.5,0.011695414832924375,076,165.24962899740785,0,True,0.0058737335474973555,True,True,REDS_train,0,,9.057120940828133,1.2525945132723409e-10,4,64,100,256,1.222719230131856e-10,0.0,1.0,0.0,-8.601780969883877e-06,0.0001530119140183186,1.9169439182115038e-10,7.39906358538564e-11,2.0,1.2227192301318574e-10,0.824147329500054,0.0,PEM_audit_only,0.006291015120200127,0.0029429885804903196,0.0005519621167576893,0.0007135758117458918,0.0005600588640104074,3.04662178335629e-07,1.2924697071141057e-25,253.60207899822854,291.6945049481001,0.0027868308449331943,-1.352754716711093e-06,0.00016026094027149138,1.8299453235841096e-12,1.538122526214907e-05,0.00017699492025035154,2.365820905649727e-10,7.273288884979902e-10,0.0030727175780444317,area,0.0032343313121236863,25.33409013864575,25.31211423065072,nominal,external_test,REDS_train:076,0.748592987726472,pareto_addon,0.0058860602575307175,448,0.0,True,0.0,0.0,0,2.0,0.0,0.0,0.0
0.09821428571428571,0.00019431845158851438,1.2264738493621808e-05,0.00020658319008213619,0.0,4.6388340886914587e-10,1.5042381031692854e-10,0.015972080171634026,2.5,0.01576798800821253,076,295.6017950020032,0,True,0.007277886635529021,True,True,REDS_train,0,0.14618750416043208,3.4493767597483385,4.76746720732093e-10,4,64,100,256,4.63402740022447e-10,0.4627274830432331,0.537272516956767,0.0,-1.9462187686720804e-05,0.00017485626390179357,1.179213980047382e-09,3.787767495531469e-10,2.0,4.653228644981892e-10,2.00000000002,1.9918349670481283,PEM_R9_TwinAudit,0.0017857142857142859,0.002868967936870111,0.0002549378333202023,0.00044925628490871666,0.00021514336981911885,6.499329885799925e-08,4.806688466988494e-13,383.9542450028239,440.1462250039913,0.003217630433756514,2.944348259640477e-06,0.00019726279984815485,8.669186674047906e-12,-3.743137116973751e-05,0.00015688708041877687,1.4011075476466565e-09,2.5386233107229576e-09,0.0030400128214441192,area,0.0032343313121236863,25.44929797512659,25.422743053330166,nominal,external_test,REDS_train:076,0.7506348499326857,pareto_addon,0.005734677761121197,448,0.006836299324934661,True,-7.363458611381107e-08,5.266443012773185e-05,99,2.0,9.453511346170616e-11,5.422052272152258e-15,5.273806471384566e-05
0.09821428571428571,6.846395571069747e-05,-5.371436490077128e-07,6.792681206168976e-05,0.0,7.784778458579312e-11,2.8852329966932097e-13,,2.5,0.028184594519258234,088,161.15194200072438,0,True,0.008504406127465353,True,True,REDS_train,0,,27.999999999999996,7.318958700922125e-11,4,64,100,256,7.239493250511638e-11,0.4502797562537056,0.5282104709290333,0.021509772817261186,1.0013995022279063e-05,7.847795073297653e-05,2.8112378813703053e-10,1.0028009630622984e-10,2.0,7.784778458579312e-11,1.0,0.0,PEM_uniform,0.03571428571428571,0.0016151360698909694,1.0013995022279063e-05,7.847795073297653e-05,-3.490305146357687e-21,1.0028009630622984e-10,5.452852080676744e-12,252.54562000278383,287.04153996077366,0.0013928344823712533,-6.334290192237276e-06,6.21296655184602e-05,4.012323223947334e-11,-5.371436490077128e-07,6.792681206168976e-05,2.8852329966932097e-13,7.784778458579311e-11,0.0016696571118961826,area,0.0017381210555322468,27.961673454806444,27.917908839127684,nominal,external_test,REDS_train:088,0.7887743306468674,pareto_addon,0.003245844402708712,448,0.0,True,0.0,0.0,0,2.0,0.0,0.0,0.0
0.09821428571428571,0.0001435777336205439,9.298601975075857e-06,0.00015287633559561977,0.0,4.550116585309139e-09,8.646399869088463e-11,,2.5,0.8105633291613293,088,159.3588789983187,0,True,0.2945824591813358,True,True,REDS_train,0,,1.1037745146348674,4.027054932804222e-09,4,64,100,256,3.941574075698711e-09,0.7273819782637074,0.2726180217362925,0.0,0.0006924986937591302,0.000836076427379674,2.3047069595365016e-08,4.795544408581016e-07,2.0,4.550116585309139e-09,19.993074992011135,0.0,PEM_greedy,0.0017857142857142859,0.001482048594110195,0.00012841119936192295,0.00027198893298246686,0.00010061074741782101,1.648943612156752e-08,6.08542509610428e-10,250.75255700037815,291.87048001913354,0.0018756510457842606,-6.675619604979235e-07,0.00014291017166004599,4.4563897110383116e-13,0.00011955798751987323,0.00026313572114041714,1.4294112379802162e-08,9.106382960653603e-09,0.0015945433339863352,area,0.0017381210555322468,28.35959195228976,28.291375562703745,nominal,external_test,REDS_train:088,0.7969403507102077,pareto_addon,0.0029701292969488784,448,0.0,True,0.0,0.0,0,2.0,0.0,0.0,0.0
0.09821428571428571,7.80786068566843e-05,5.524816611540849e-06,8.360342346822515e-05,0.0,9.011522366728117e-11,3.0523598591157715e-11,,2.5,0.009821890488138568,088,160.00206100114156,0,True,0.005528806445329452,True,True,REDS_train,0,,18.311089507545603,5.7611092918479424e-11,4,64,100,256,5.761109291847935e-11,1.0,0.0,0.0,-2.390901468201851e-05,5.4169592174665785e-05,1.2141400887348203e-10,5.716409830649768e-10,2.0,5.995099548162971e-11,1.0,0.0,PPAT2026_M1,0.020319035019388525,0.001595461421621855,2.225829241826487e-05,0.00010033689927494917,0.00011754626045662743,4.954315813769874e-10,3.250413074880182e-11,251.39573900320102,288.74516497016884,0.0014407778390763324,-7.80786068566843e-05,1.0337157946416275e-22,6.096268848680668e-09,5.524816611540849e-06,8.360342346822515e-05,3.0523598591157715e-11,9.011522366728117e-11,0.0016600424607501954,area,0.0017381210555322468,28.018443417461334,27.971136926170136,nominal,external_test,REDS_train:088,0.7901158640576506,pareto_addon,0.0032071904218904782,448,0.0,True,0.0,0.0,0,2.0,0.0,0.0,0.0
0.09821428571428571,7.985445106991614e-05,-3.796137516282706e-06,7.605831355363344e-05,0.0,3.3796046545791805e-11,1.441066004252903e-11,,2.5,0.010070013671716388,088,157.78869700443465,0,True,0.005376181254854166,True,True,REDS_train,0,,11.958769937018198,3.32630331710714e-11,4,64,100,256,3.326303317107139e-11,1.0,0.0,0.0,-5.8575504834507694e-06,7.399690058646537e-05,5.47087713280688e-11,3.431089766617434e-11,2.0,3.3796046545791805e-11,1.0,0.0,PEM_audit_only,0.007797505283969071,0.001587215810080713,0.00016158015924857487,0.000241434610318491,0.0002501122810135441,2.6108147862794813e-08,5.330133747204153e-13,249.1823750064941,282.6340899511706,0.0013151183231278664,-4.1768547303659475e-06,7.56775963395502e-05,1.7446115438580394e-11,2.301962464166908e-06,8.215641353408305e-05,5.299031186433384e-12,1.6061724408291531e-10,0.0016582666165369639,area,0.0017381210555322468,28.036258934502616,27.993640192091664,nominal,external_test,REDS_train:088,0.7899881321930111,pareto_addon,0.003188707788677445,448,0.0,True,0.0,0.0,0,2.0,0.0,0.0,0.0
0.09821428571428571,0.00011953706161455842,2.092062870341711e-05,0.00014045769031797553,0.0,1.2678255441082288e-10,4.376727053462398e-10,0.012557381511616969,2.5,0.0124316404749348,088,297.5077669980237,0,True,0.006356582014020372,True,True,REDS_train,0,0.13593171333633622,3.319887175688896,1.216980483251504e-10,4,64,100,256,1.2094129299081125e-10,0.44676994884594484,0.5228819693993287,0.03034808175472639,2.41609856222937e-05,0.00014369804723685212,3.6439195732770847e-10,5.837532262406829e-10,2.0,1.2796087373808811e-10,2.00000000002,2.00000000002,PEM_R9_TwinAudit,0.0017857142857142859,0.0015202008495034027,0.00019366330015691826,0.0003132003617714767,0.00017091799161822154,3.7505473827668615e-08,5.841261420011632e-12,388.9014450000832,437.3732399806613,0.0016528950510888078,-3.6590476301201036e-06,0.00011587801398443831,1.3388629559487546e-11,-1.2527813739794308e-05,0.00010700924787476411,1.5694611709897905e-10,1.2903375084333685e-09,0.0016185840059923214,area,0.0017381210555322468,28.23591481540762,28.180990291154377,nominal,external_test,REDS_train:088,0.7940556247709212,pareto_addon,0.003050635473939113,448,0.0060418066310755445,True,2.43339364431509e-06,3.124745171169141e-05,99,2.0,2.8319721954179222e-11,5.921404628193075e-12,2.881405806737632e-05
0.09821428571428571,4.5126895734604546e-05,3.545979624840178e-06,4.8672875359444724e-05,0.0,1.3818396933891809e-11,1.257397149978169e-11,,2.5,0.01925978772308505,107,152.00932300067507,0,True,0.006416435478178225,True,True,REDS_train,0,,27.999999999999996,2.0066826689640618e-11,4,64,100,256,1.3818396933891776e-11,0.0,1.0,0.0,4.4009651556165864e-07,4.5566992250166205e-05,7.692642302074616e-11,1.9368494300951325e-13,2.0,1.3818396933891809e-11,1.0,0.0,PEM_uniform,0.03571428571428571,0.0003537201902452383,4.4009651556165864e-07,4.5566992250166205e-05,-2.137699400664595e-21,1.9368494300951325e-13,3.2311742677852644e-26,234.99217900098301,268.84417000983376,0.00033450420743992657,-1.3878845597687335e-06,4.373901117483581e-05,1.926223551244451e-12,3.545979624840178e-06,4.8672875359444724e-05,1.257397149978169e-11,1.3818396933891809e-11,0.00036420343881705773,area,0.00040933033524197525,35.177187329493684,34.513401500754426,nominal,external_test,REDS_train:107,0.9102984218016711,pareto_addon,0.000685440669408292,448,0.0,True,0.0,0.0,0,2.0,0.0,0.0,0.0
0.09821428571428571,7.484952785312144e-05,2.680873039413114e-05,0.00010165825824725258,0.0,5.714169784660163e-10,7.187080253452108e-10,,2.5,0.4382214419186762,107,149.89424699859228,0,True,0.14009838197780342,True,True,REDS_train,0,,1.1037745146348674,1.0499001570882545e-09,4,64,100,256,5.282528308371607e-10,0.22339493030262383,0.7766050696973762,1.734723475976807e-17,8.021369883680677e-05,0.0001550632266899282,4.517887724626354e-09,6.4342374810819355e-09,2.0,5.714169784660163e-10,19.986340531303544,0.0,PEM_greedy,0.0017857142857142859,0.00031614290739418144,4.0640545490856306e-05,0.00011549007334397775,3.5267379521674144e-05,1.651653937794361e-09,4.3164147628855613e-11,232.87710299890023,271.4136000286089,0.0004028672371166984,-6.813333096732086e-06,6.803619475638936e-05,4.642150788702483e-11,3.980746101132568e-05,0.00011465698886444712,1.584633952168214e-09,1.8228506763678688e-09,0.0003344808066985408,area,0.00040933033524197525,35.8069425972534,35.00116557055323,nominal,external_test,REDS_train:107,0.9161463196925115,pareto_addon,0.0006094415324742411,448,0.0,True,0.0,0.0,0,2.0,0.0,0.0,0.0
0.09821428571428571,3.459874223848895e-05,3.309239761898376e-06,3.7907982000387325e-05,0.0,1.1444401439861649e-11,1.095106780172922e-11,,2.5,0.005742355149328218,107,148.93310700368602,0,True,0.005174961785836672,True,True,REDS_train,0,,16.583982840642715,7.033850211039059e-12,4,64,100,256,5.043243988410338e-12,0.0,1.0,0.0,-1.953244108047347e-06,3.26454981304416e-05,1.8584202952223083e-11,3.815162545621677e-12,2.0,5.0432439884103245e-12,1.0,0.0,PPAT2026_M1,0.012891236767744991,0.0003656046837139547,3.9018381183363226e-05,7.361712342185218e-05,4.389230691817703e-05,1.5224340701702334e-09,6.4011574514513105e-12,231.91596300399397,268.36171504401136,0.00032158286126450286,-3.459874223848895e-05,-5.393513015493079e-22,1.1970729644853993e-09,3.309239761898376e-06,3.7907982000387325e-05,1.095106780172922e-11,1.1444401439861649e-11,0.00037473159231317323,area,0.00040933033524197525,35.01505674780475,34.369882492125605,nominal,external_test,REDS_train:107,0.9075965288234121,pareto_addon,0.000710601560420616,448,0.0,True,0.0,0.0,0,2.0,0.0,0.0,0.0
0.09821428571428571,2.7780742119708142e-05,5.617556413639647e-07,2.8342497761072107e-05,0.0,3.3718751828547985e-12,3.155694006042394e-13,,2.5,0.005351627099836594,107,150.99739400146063,0,True,0.0051254040153776385,True,True,REDS_train,0,,13.792897414131572,4.84250744300775e-12,4,64,100,256,3.3718751828547932e-12,0.0,1.0,0.0,1.1918466102683973e-06,2.897258872997654e-05,1.1134975957933503e-11,1.420498342408269e-12,2.0,3.3718751828547985e-12,1.0,0.0,PEM_audit_only,0.011727644480638524,0.00037349249553668797,6.316502336043352e-05,9.094576548014167e-05,4.8998003398904646e-05,3.989820176124113e-09,5.2506581851510546e-27,233.98025000176858,271.5073250088608,0.000291626945875187,3.965616785809323e-08,2.7820398287566235e-05,1.5726116491892666e-15,-1.1159246956580591e-06,2.6664817424050083e-05,1.245287926379532e-12,1.2094876459967873e-11,0.0003815495924319541,area,0.00040933033524197525,34.955057556797335,34.27718119898779,nominal,external_test,REDS_train:107,0.9066444042704646,pareto_addon,0.0007249204441271146,448,0.0,True,0.0,0.0,0,2.0,0.0,0.0,0.0
0.09821428571428571,6.535679455197211e-05,-2.9579799684640077e-07,6.506099655512571e-05,0.0,1.7148566659297496e-11,8.749645493834332e-14,0.007225258677108777,2.5,0.007005323117321583,107,277.1386300015729,0,True,0.0053775918063187055,True,True,REDS_train,0,0.19072734015441636,3.649090055214542,2.4564183942408944e-11,4,64,100,256,1.7144311473931383e-11,0.0,1.0,0.0,1.1273317607178064e-06,6.648412631268992e-05,7.72934297216003e-11,1.2708768987231096e-12,2.0,1.714431147393142e-11,2.00000000002,2.00000000002,PEM_R9_TwinAudit,0.0017857142857142859,0.0003270556776021411,8.413472083320228e-05,0.0001494915153851744,9.696055999482869e-05,7.0786512496808825e-09,4.255185366112594e-15,360.12148600188084,421.0447500576265,0.00039760115397266055,-6.9300521210883254e-06,5.8426742430883786e-05,4.80256224010008e-11,-2.1075324134262654e-06,6.324926213854585e-05,4.441692873642339e-12,2.033995224542836e-10,0.0003439735399996901,area,0.00040933033524197525,35.687896512667905,34.85378307226473,nominal,external_test,REDS_train:107,0.9141175177093726,pareto_addon,0.0006344661307477706,448,0.005316001092499875,True,-1.6169900730200415e-06,6.16022594732922e-06,99,2.0,1.9682104368971776e-12,2.614656896245359e-12,7.777216020349261e-06
0.09821428571428571,0.0001785238915470637,-1.1278579472926602e-05,0.0001672453120741371,0.0,3.9004599075996737e-10,1.2720635492712132e-10,,2.5,0.05745411646577263,136,167.83483600069303,0,True,0.015893938704365725,True,True,REDS_train,0,,27.999999999999996,3.9595108734155303e-10,4,64,100,256,3.2548957465109475e-10,0.433226413206451,0.5667735867935491,5.551115123125783e-17,-3.59617225433009e-05,0.0001425621690037628,2.4077371322510075e-09,1.293245488281356e-09,2.0,3.9004599075996737e-10,1.0,0.0,PEM_uniform,0.03571428571428571,0.002171669204223665,-3.59617225433009e-05,0.0001425621690037628,-5.895349329045802e-21,1.293245488281356e-09,6.455641610887261e-11,250.7273189991247,287.0114399935119,0.0022112927204571346,3.046976613724095e-05,0.00020899365768430465,9.284066484581554e-10,-1.1278579472926602e-05,0.0001672453120741371,1.2720635492712132e-10,3.9004599075996737e-10,0.0022529852597511753,area,0.002431509140878916,26.637512585217674,26.632063272053532,nominal,external_test,REDS_train:136,0.7442493643660485,pareto_addon,0.002557780819063238,448,0.0,True,0.0,0.0,0,2.0,0.0,0.0,0.0
0.09821428571428571,0.00026900879795203675,8.13442132548064e-05,0.00035035301120684315,0.0,1.5978067449243492e-08,6.616881030043422e-09,,2.5,1.1907678643090327,136,166.02215399674606,0,True,0.46372706470992275,True,True,REDS_train,0,,1.1037745146348674,1.4336531241320854e-08,4,64,100,256,1.2211931098403613e-08,0.5710736621588838,0.42892633784111633,3.469446951953614e-18,-9.275657670921282e-05,0.00017625222124282393,9.497176293653893e-08,8.603782522812082e-09,2.0,1.5978067449243492e-08,19.99814603011473,0.0,PEM_greedy,0.0017857142857142859,0.002039187087109227,-0.00010933005113682016,0.00015967874681521659,-8.495103196985856e-05,1.195306008157971e-08,3.7661363508398796e-09,248.91463699517772,287.14630000758916,0.002699025762546478,5.057551985753291e-05,0.00031958431780956966,2.5578832088597058e-09,0.00024571617792698943,0.0005147249758790262,6.037644009504793e-08,3.016871818702718e-08,0.0021625003533462025,area,0.002431509140878916,26.913507884649768,26.90542927644205,nominal,external_test,REDS_train:136,0.7537108813891013,pareto_addon,0.0024663773254179444,448,0.0,True,0.0,0.0,0,2.0,0.0,0.0,0.0
0.09821428571428571,0.00015960264366119973,1.6040577812021607e-05,0.00017564322147322134,0.0,3.279044975993056e-10,2.5730013654351986e-10,,2.5,0.013375006535598453,136,161.17324100225233,0,True,0.006338458282084949,True,True,REDS_train,0,,15.698033298478839,1.360239325090928e-10,4,64,100,256,1.22308176336143e-10,0.42598507780963873,0.5650225707096117,0.008992351480749533,4.223653728064117e-06,0.00016382629738926385,4.882264970764489e-10,1.7839250814589912e-11,2.0,1.3824323371942307e-10,0.9999990758984392,0.0,PPAT2026_M1,0.02195379598872961,0.002190917900826748,0.0005158501619321241,0.0006754528055933238,0.00040779856308578233,2.661013895653986e-07,2.055963212631626e-10,244.06572400068399,277.9015649721259,0.0023309636007237413,-0.00015960264366119973,-9.922456854745736e-22,2.54730038636439e-08,1.6040577812021607e-05,0.00017564322147322134,2.5730013654351986e-10,3.279044975993056e-10,0.002271906507637039,area,0.002431509140878916,26.601103377109716,26.593738962347985,nominal,external_test,REDS_train:136,0.7418824096548928,pareto_addon,0.0025771167642698136,448,0.0,True,0.0,0.0,0,2.0,0.0,0.0,0.0
0.09821428571428571,0.00018181402677891134,-8.890100764278734e-06,0.0001729239260146326,0.0,3.898016922780293e-11,7.903389159902934e-11,,2.5,0.01075758956271126,136,164.00768000457902,0,True,0.006017438225946245,True,True,REDS_train,0,,5.119981216012858,4.426644476874318e-11,4,64,100,256,3.898016922780289e-11,0.0,1.0,0.0,-5.812965013241847e-06,0.0001760010617656695,1.215319115476086e-10,3.379056224517378e-11,2.0,3.898016922780293e-11,0.9999990735929196,0.0,PEM_audit_only,0.005596984277529689,0.0021691982885561545,0.0014405558928777846,0.0016223699196566959,0.0013302903340133682,2.0752012805049113e-06,3.877409121342317e-26,246.90016300301068,283.55920498725027,0.002711671537911929,3.365066067195896e-06,0.00018517909284610724,1.1323669636593253e-11,-8.663245536757249e-06,0.0001731507812421541,7.50518232301444e-11,1.1500590444270536e-09,0.002249695124519327,area,0.002431509140878916,26.64480387213213,26.637007468840615,nominal,external_test,REDS_train:136,0.7421218865334076,pareto_addon,0.0025389263061531817,448,0.0,True,0.0,0.0,0,2.0,0.0,0.0,0.0
0.09821428571428571,0.0002470253320829582,-6.8787331732972855e-06,0.0002401465989096609,0.0,3.0377882224272795e-10,4.7316970069420545e-11,0.021705250230221886,2.5,0.02141360379751757,136,288.2029110001167,0,True,0.008204509800412851,True,True,REDS_train,0,0.10216784482076874,3.2259491013991255,3.186201912229569e-10,4,64,100,256,2.6445012752584547e-10,0.42555873897201846,0.5744412610279815,5.551115123125783e-17,-5.95092173080933e-05,0.0001875161147748649,1.453508414654868e-09,3.5413469446218713e-09,2.0,3.105374851168561e-10,2.00000000002,2.00000000002,PEM_R9_TwinAudit,0.0017857142857142859,0.0020685667388691212,0.00019060040619696482,0.000437625738279923,0.0003038610577730678,3.632851484244798e-08,3.932869471688248e-11,371.0953939985484,429.2921200336423,0.002480080274843538,2.3390024673009327e-05,0.0002704153567559675,5.470932542039851e-10,6.604454626310194e-05,0.00031306987834606013,4.361882091099012e-09,5.794161131847172e-09,0.0021844838192152803,area,0.002431509140878916,26.851273615098627,26.84330462752507,nominal,external_test,REDS_train:136,0.7496103196324885,pareto_addon,0.0024874891722972406,448,0.007599424647587124,True,-1.8970634856093127e-06,6.076238935588269e-05,99,2.0,3.25785664148073e-11,3.598849868432155e-12,6.2659452841492e-05
0.09821428571428571,0.00031831691293767817,3.262701662562256e-05,0.00035094392956330073,0.0,1.255400350885374e-09,1.064522213888651e-09,,2.5,0.07364651870903374,170,167.1602850005729,0,True,0.018066665304887024,True,True,REDS_train,0,,27.999999999999996,1.0338418188412263e-09,4,64,100,256,1.0334029752222896e-09,0.9574314682334609,0.04256853176653917,8.673617379884035e-18,-1.3492053450704785e-05,0.0003048248594869734,4.5806673436658095e-09,1.820355063166749e-10,2.0,1.255400350885374e-09,1.0,0.0,PEM_uniform,0.03571428571428571,0.003841953747353761,-1.3492053450704785e-05,0.0003048248594869734,-2.1412992890432843e-20,1.820355063166749e-10,2.2199737566308437e-10,252.24563799914904,282.5187850103248,0.00399462694699883,-3.0080583681769838e-05,0.00028823632925590833,9.048415146359579e-10,3.262701662562256e-05,0.00035094392956330073,1.064522213888651e-09,1.2554003508853741e-09,0.003978750853864065,area,0.004297067767474801,24.18549402936162,24.15447867842349,nominal,external_test,REDS_train:170,0.7364026907646103,pareto_addon,0.006765635252847962,448,0.0,True,0.0,0.0,0,2.0,0.0,0.0,0.0
0.09821428571428571,0.00048019305897072535,-0.00016956359967594835,0.000310629459294777,0.0,4.107614849816723e-08,2.875181433506527e-08,,2.5,1.5733730917663225,170,159.7451319982065,0,True,0.5614622962249569,True,True,REDS_train,0,,1.1037745146348674,3.6184814639595025e-08,4,64,100,256,3.5577306774866064e-08,0.750534280142693,0.24946571985730714,0.0,0.0007798104164754578,0.001260003475446183,2.1532712697435387e-07,6.081042856436269e-07,2.0,4.107614849816723e-08,19.997813135054148,0.0,PEM_greedy,0.0017857142857142859,0.003604180848421895,-2.1189684191161588e-05,0.00045900337477956376,-6.744768786638888e-05,4.4900271612116334e-10,5.498841723301168e-09,244.83048499678262,280.001249970519,0.004734619170018442,-8.422248495359438e-05,0.00039597057401713097,7.093426971758432e-09,0.0001376781504283941,0.0006178712093991194,1.8955273105383512e-08,8.389528559239855e-08,0.0038168747078310182,area,0.004297067767474801,24.466046676842144,24.43193425378559,nominal,external_test,REDS_train:170,0.7458507329498159,pareto_addon,0.0063370168464179566,448,0.0,True,0.0,0.0,0,2.0,0.0,0.0,0.0
0.09821428571428571,0.0003221399264159973,1.816679430598938e-05,0.00034030672072198667,0.0,6.388692665613657e-10,3.3003241535612814e-10,,2.5,0.018759003261672187,170,158.80019199859817,0,True,0.007619673960776292,True,True,REDS_train,0,,19.199860031313637,5.15982207027051e-10,4,64,100,256,4.946864428777964e-10,0.4844186935106244,0.5155813064893757,0.0,-3.300990637748069e-05,0.0002891300200385166,1.5609455117624867e-09,1.08965391905004e-09,2.0,5.095650021268612e-10,0.8174906310612156,0.0,PPAT2026_M1,0.02158893845073921,0.003839106241360252,0.00032816040963315794,0.0006503003360491552,0.000416362191327238,1.0768925445060202e-07,1.4418282368356923e-10,243.8855449971743,280.4759949882282,0.0034330811196989605,-0.0003221399264159973,2.6329017095172147e-21,1.0377413219130414e-07,1.816679430598938e-05,0.00034030672072198667,3.3003241535612814e-10,6.388692665613657e-10,0.003974927840385746,area,0.004297067767474801,24.1786451514044,24.15769869284503,nominal,external_test,REDS_train:170,0.7346346529086847,pareto_addon,0.006823650527183515,448,0.0,True,0.0,0.0,0,2.0,0.0,0.0,0.0
0.09821428571428571,0.00026006199258262434,1.7764682211740253e-05,0.0002778266747943646,0.0,2.1475329691140833e-10,3.1558393408412057e-10,,2.5,0.013498341611289958,170,159.43669800122734,0,True,0.006388437079079029,True,True,REDS_train,0,,7.127567757571949,2.0761040454130916e-10,4,64,100,256,2.0761040454130916e-10,1.0,0.0,0.0,1.7978738401324443e-05,0.0002780407309839488,3.368223497041987e-10,3.2323503450325816e-10,2.0,2.1475329691140833e-10,0.817291805772084,0.0,PEM_audit_only,0.003985178470411726,0.0038904958273439033,0.0010419361232706242,0.0013019981158532486,0.0010702317299914864,1.0856308849762174e-06,7.142892370099169e-12,244.52205099980347,282.7810050104745,0.003919650462535465,-3.162459049956806e-05,0.00022843740208305628,1.0001147242653704e-09,3.1452974680491275e-05,0.0002915149672631156,9.892896162516252e-10,1.9013514254793548e-09,0.004037005774219118,area,0.004297067767474801,24.1239887271812,24.0999504614034,nominal,external_test,REDS_train:170,0.733086957123448,pareto_addon,0.00681576930554313,448,0.0,True,0.0,0.0,0,2.0,0.0,0.0,0.0
0.09821428571428571,0.0004059979818312866,2.430406774282974e-06,0.00040842838860556956,0.0,1.1090235804940857e-09,5.906877088480571e-12,0.022881705912135043,2.5,0.022431056583957377,170,290.1281450019451,0,True,0.009513707191051435,True,True,REDS_train,0,0.18580009785225826,3.779451048344786,1.0692655312958898e-09,4,64,100,256,1.0484163867100885e-09,0.4898514068477403,0.5101485931522597,0.0,-4.95708676771411e-05,0.0003564271141541455,3.4373583648218293e-09,2.4572709222646324e-09,2.0,1.1083834431929828e-09,2.00000000002,2.00000000002,PEM_R9_TwinAudit,0.0017857142857142859,0.003691001580976626,0.000355352768472515,0.0007613507503038016,0.00044946847851397276,1.2627559006108082e-07,6.060719378399722e-11,375.2134980005212,429.0422050107736,0.004732233014235592,-6.80069726400307e-05,0.0003379910091912559,4.624948327661884e-09,2.0227223318860523e-05,0.0004262252051501471,4.0914056319105493e-10,5.232470237576518e-09,0.003891069784970457,area,0.004297067767474801,24.360724898190824,24.328557687817806,nominal,external_test,REDS_train:170,0.7421803716364499,pareto_addon,0.006468068472035746,448,0.008721992162626669,True,1.2522901994427337e-05,9.128013791886115e-05,99,2.0,1.0285718886479407e-10,1.5682307436203218e-10,7.875723592443382e-05
0.09821428571428571,7.605422221718183e-05,-3.985049933591694e-05,3.620372288126489e-05,0.0,5.186760379927911e-10,1.5880622973219166e-09,,2.5,0.053280548225244424,175,160.32965200254694,0,True,0.014465823015573786,True,True,REDS_train,0,,27.999999999999996,3.7696071092819577e-10,4,64,100,256,3.6409593309749317e-10,0.3952279035520724,0.375823044316215,0.22894905213171268,2.0620442991799333e-05,9.667466520898116e-05,1.0544132071906983e-09,4.2520266917804623e-10,2.0,5.186760379927911e-10,1.0,0.0,PEM_uniform,0.03571428571428571,0.004344585802566053,2.0620442991799333e-05,9.667466520898116e-05,-4.032935620114538e-21,4.2520266917804623e-10,1.545801048952979e-10,248.7429709994467,285.7891499850666,0.004229747379682451,6.58729290122915e-05,0.00014192715122947333,4.3392427766583954e-09,-3.985049933591694e-05,3.620372288126489e-05,1.5880622973219166e-09,5.18676037992791e-10,0.004509576827111429,area,0.004585631068330258,23.711327994802385,23.620516213406187,nominal,external_test,REDS_train:175,0.6474635337495798,pareto_addon,0.008339438281189004,448,0.0,True,0.0,0.0,0,2.0,0.0,0.0,0.0
0.09821428571428571,7.852604303119205e-05,0.00025824728201983096,0.000336773325051023,0.0,2.2871415198244256e-08,6.66916586706301e-08,,2.5,1.1256570496610503,175,155.13489600038156,0,True,0.3817905657783291,True,True,REDS_train,0,,1.1037745146348674,1.5682719456741002e-08,4,64,100,256,1.1894872809914081e-08,0.6716149836306673,0.0,0.32838501636933276,0.0007130602196752611,0.0007915862627064532,2.7738932710707613e-08,5.084548768833317e-07,2.0,2.2871415198244256e-08,19.996643621830753,0.0,PEM_greedy,0.0017857142857142859,0.0042741000352090625,-3.694200912777288e-05,4.1584033903419176e-05,-7.300238668914482e-05,1.3647120383964547e-09,1.0976542388330175e-08,243.54821499728132,278.7985850154655,0.0049574323237054,0.00010328144806430777,0.00018180749109549983,1.0667057514260303e-08,0.0002541894173862778,0.00033271546041746986,6.461225991117536e-08,2.2386406645626277e-08,0.004507105006297419,area,0.004585631068330258,23.78961523735308,23.691553174010377,nominal,external_test,REDS_train:175,0.6465659059682135,pareto_addon,0.00820738539958517,448,0.0,True,0.0,0.0,0,2.0,0.0,0.0,0.0
0.09821428571428571,6.728127669749228e-05,-2.8709862770050375e-05,3.8571413927441904e-05,0.0,3.180320646518403e-10,8.242562202751246e-10,,2.5,0.014874594357050868,175,159.6906869992381,0,True,0.006139242071068648,True,True,REDS_train,0,,15.959013386373691,1.4514250788199747e-10,4,64,100,256,1.3816301769982685e-10,0.3333333333333333,0.3333333333333333,0.3333333333333333,-2.1027195548759166e-06,6.517855714261636e-05,2.485757583794511e-10,4.421429526457573e-12,2.0,1.7043128624690292e-10,0.9965829302026398,0.0,PPAT2026_M1,0.015911886201053573,0.004344487919147045,8.622050220941515e-05,0.00015350177890690743,0.00013112735418575972,7.433975001243763e-09,1.7986904695201344e-10,248.10400599613786,286.88360003288835,0.004255633193543502,-6.728127669749228e-05,5.276372423889676e-22,4.526770194044517e-09,-2.8709862770050375e-05,3.8571413927441904e-05,8.242562202751246e-10,3.180320646518403e-10,0.004518349772631119,area,0.004585631068330258,23.708796098215586,23.62061406095613,nominal,external_test,REDS_train:175,0.6462158568829112,pareto_addon,0.00832899465813488,448,0.0,True,0.0,0.0,0,2.0,0.0,0.0,0.0
0.09821428571428571,5.8652494656313326e-05,-7.275960099874827e-06,5.13765345564385e-05,0.0,7.606353361840554e-11,5.29395953749705e-11,,2.5,0.011261375850433278,175,158.81328600167762,0,True,0.005954253997766974,True,True,REDS_train,0,,7.506917783842477,6.672905404717785e-11,4,64,100,256,6.672905404717788e-11,1.0,0.0,0.0,-1.5318908469389198e-05,4.333358618692413e-05,1.0072724363559885e-10,2.346689566935241e-10,2.0,7.606353361840554e-11,0.9965762179299669,0.0,PEM_audit_only,0.006106792216408711,0.004343636449969335,0.00017068904947023386,0.0002293415441265472,0.0003050718245330672,2.9134751609051943e-08,9.334479571227656e-12,247.2266049985774,284.11293000681326,0.004392896241370101,7.088066290704905e-05,0.00012953315756336238,5.024068374142719e-09,2.0665602792373965e-05,7.931809744868729e-05,4.270671387721746e-10,5.791020741228648e-10,0.004526978554672299,area,0.004585631068330258,23.712595766238078,23.621465311124435,nominal,external_test,REDS_train:175,0.6454624736061032,pareto_addon,0.00831410604409655,448,0.0,True,0.0,0.0,0,2.0,0.0,0.0,0.0
0.09821428571428571,7.77755357641384e-05,-2.287835382653559e-05,5.489718193760281e-05,0.0,3.804159071953814e-10,5.234190738121557e-10,0.01906544668283558,2.5,0.018596488498516334,175,279.61744700034615,0,True,0.007212883341788774,True,True,REDS_train,0,0.12958487805955668,3.3339268691746287,3.13068724943941e-10,4,64,100,256,2.795699326831536e-10,0.3333333333333333,0.3333333333333333,0.3333333333333333,-3.108507868104604e-05,4.669045708309236e-05,4.95555561814644e-10,9.662821166068229e-10,2.0,4.119642881251361e-10,2.00000000002,1.7894877455855591,PEM_R9_TwinAudit,0.002219096537026611,0.004298472889076396,6.402525352042325e-05,0.00014180078928456165,0.0001128803661905705,4.09923308835447e-09,1.008459745122278e-10,368.0307659972459,422.97048501786776,0.004840200073208153,7.125640002878323e-05,0.00014903193579292163,5.0774745450619795e-09,2.047376149641751e-06,7.982291191378015e-05,4.191749098121881e-12,1.6009216229229087e-09,0.004507855513564474,area,0.004585631068330258,23.76022805767893,23.66685808058365,nominal,external_test,REDS_train:175,0.6460481208451955,pareto_addon,0.008248766329213383,448,0.007040078150807389,True,7.155189677647783e-06,4.393522254954435e-05,99,2.0,6.627817789633712e-11,5.119673932311739e-11,3.678003287189657e-05
0.09821428571428571,0.0002451291884737974,2.114982110057055e-05,0.00026627900957436795,0.0,1.9833368359030515e-10,4.473149325861392e-10,,2.5,0.04905661385004263,189,165.9805820020847,0,True,0.013306019253772894,True,True,REDS_train,0,,27.999999999999996,2.8298979259066766e-10,4,64,100,256,1.9833368359030515e-10,0.0,1.0,0.0,6.509331423040825e-05,0.00031022250270420565,1.5666523588875824e-09,4.237139557498669e-09,2.0,1.9833368359030515e-10,1.0,0.0,PEM_uniform,0.03571428571428571,0.0026112562172497166,6.509331423040825e-05,0.00031022250270420565,-1.3654171133973127e-20,4.237139557498669e-09,0.0,251.9836690032389,287.00571003137156,0.002301934462566782,-6.584080277194815e-05,0.00017928838570184925,4.335011309654576e-09,2.114982110057055e-05,0.00026627900957436795,4.473149325861392e-10,1.9833368359030518e-10,0.002707265833027599,area,0.0029523949767462907,25.950998327576652,25.83150512980412,nominal,external_test,REDS_train:189,0.6781233390255621,pareto_addon,0.00519283644382396,448,0.0,True,0.0,0.0,0,2.0,0.0,0.0,0.0
0.09821428571428571,0.0003633227553813032,-3.897964343562625e-05,0.00032434311194567695,0.0,7.921153805741224e-09,1.5194126023685608e-09,,2.5,0.9952454743326881,189,161.92385500355158,0,True,0.37616059840451643,True,True,REDS_train,0,,1.1037745146348674,1.4757560914906246e-08,4,64,100,256,7.921153805741235e-09,0.0,1.0,0.0,-0.0002582393754166631,0.00010508337996464014,8.017367165712155e-08,6.668757501558825e-08,2.0,7.921153805741224e-09,19.99633391886791,0.0,PEM_greedy,0.0017857142857142859,0.0024613485367050904,-1.413877832018187e-05,0.00034918397706112133,-1.0395174194403312e-05,1.9990505238724486e-10,-1.1580528575742387e-23,247.92694200470578,283.6352000158513,0.00259677206381205,-8.805144364692406e-05,0.00027527131173437914,7.753056728307444e-09,-0.00010978425901677887,0.00025353849636452434,1.2052583527863192e-08,3.2066727235625886e-08,0.0025890722661200925,area,0.0029523949767462907,26.202223626703063,26.088268841232306,nominal,external_test,REDS_train:189,0.6895257070053903,pareto_addon,0.004886708428205143,448,0.0,True,0.0,0.0,0,2.0,0.0,0.0,0.0
0.09821428571428571,0.0002210779598232092,2.3712654253664462e-05,0.00024479061407687365,0.0,1.3436638448792539e-10,5.622899717538312e-10,,2.5,0.013974672951364581,189,157.43647199939005,0,True,0.006576993179072535,True,True,REDS_train,0,,20.24897254959498,1.1610367221555576e-10,4,64,100,256,9.352029740901446e-11,0.0,1.0,0.0,1.0952314231251587e-05,0.00023203027405446078,4.1232164943528084e-10,1.1995318702007606e-10,2.0,9.352029740901436e-11,0.9999990758983959,0.0,PPAT2026_M1,0.022232024692586172,0.002639183589900777,0.00020256212342923468,0.00042364008325244387,0.0002106135250869785,4.10314138481605e-08,4.0846087078910927e-11,243.43955900054425,287.3860300227534,0.0022334756225675266,-0.0002210779598232092,3.720870508006309e-21,4.8875464319592494e-08,2.3712654253664462e-05,0.00024479061407687365,5.622899717538312e-10,1.3436638448792539e-10,0.002731317061678187,area,0.0029523949767462907,25.906018701451796,25.785303978407423,nominal,external_test,REDS_train:189,0.675509751359186,pareto_addon,0.005246806371496421,448,0.0,True,0.0,0.0,0,2.0,0.0,0.0,0.0
0.09821428571428571,0.00017922296241997448,7.007251751404129e-06,0.00018623021417137861,0.0,4.4312074823391636e-11,4.9101577107556236e-11,,2.5,0.010203411056231182,189,156.18727499444503,0,True,0.006007273982799598,True,True,REDS_train,0,,9.208969104752606,4.9549961642562e-11,4,64,100,256,4.431207482339169e-11,0.0,1.0,0.0,9.288011321213643e-06,0.00018851097374118813,1.0444245332568614e-10,8.626715430299281e-11,2.0,4.4312074823391636e-11,0.9999990735929196,0.0,PEM_audit_only,0.00649488623502354,0.0026938849288742146,0.00047491544889903374,0.0006541384113190082,0.0005319571822695545,2.2554468360297071e-07,-5.169878828456423e-26,242.19036199559923,284.6468199859373,0.0020181033256311824,-3.358793259699666e-05,0.00014563502982297782,1.1281492161403907e-09,5.040632789002342e-07,0.00017972702569887472,2.540797891356553e-13,4.269654238807994e-10,0.002773172059081421,area,0.0029523949767462907,25.819478631476418,25.69620959400818,nominal,external_test,REDS_train:189,0.6700829676402295,pareto_addon,0.005354868535139456,448,0.0,True,0.0,0.0,0,2.0,0.0,0.0,0.0
0.09821428571428571,0.0003154298880709075,2.0980134509607424e-05,0.0003364100225805149,0.0,2.90554958620409e-10,4.4016604404122033e-10,0.01975523101280019,2.5,0.019376877271553836,189,308.7142720009433,0,True,0.008648769040750787,True,True,REDS_train,0,0.09831709129081935,3.1750254127414586,3.9409179022624325e-10,4,64,100,256,2.8719592006872757e-10,0.0,1.0,0.0,3.162100586841509e-05,0.0003470508939393226,1.6998442255744998e-09,9.998880121303416e-10,2.0,2.8719592006872736e-10,2.00000000002,2.00000000002,PEM_R9_TwinAudit,0.0017857142857142859,0.0025139084669781736,0.0003051610231395056,0.0006205909112104131,0.0002323321238968423,9.312325004354987e-08,3.3590385516814427e-12,394.7173590020975,441.43493000010494,0.002491812385376758,-6.607564985189644e-05,0.00024935423821901106,4.365991503350421e-09,-1.4529514112091382e-05,0.0003009003739588161,2.1110678033346262e-10,4.036224528173772e-09,0.0026369651334304895,area,0.0029523949767462907,26.1127675686956,25.996505393031978,nominal,external_test,REDS_train:189,0.6840909361584722,pareto_addon,0.004993918355183484,448,0.007805689967519502,True,-1.3383634348228924e-05,4.35356801472645e-05,99,2.0,4.1165845194167e-11,1.7912166836709304e-10,5.6919314495493424e-05
0.09821428571428571,6.0303805178444794e-05,-5.0354274529482154e-06,5.526837772549658e-05,0.0,1.473246763456852e-10,2.535552963390455e-11,,2.5,0.04872582927815199,200,157.55066699930467,0,True,0.009890554771588046,True,True,REDS_train,0,,27.999999999999996,1.5912969723804978e-10,4,64,100,256,1.4358451568016437e-10,0.44729461514358143,0.5527053848564185,0.0,1.0392131090191367e-05,7.069593626863616e-05,6.445400035807485e-10,1.0799638859572201e-10,2.0,1.473246763456852e-10,1.0,0.0,PEM_uniform,0.03571428571428571,0.0013360309670390471,1.0392131090191367e-05,7.069593626863616e-05,-3.599497119078782e-21,1.0799638859572201e-10,3.740160665520822e-12,242.45316999964416,280.3000350279035,0.0012339418097844482,-4.317430055123938e-06,5.5986375123320856e-05,1.8640202280887488e-11,-5.035427452948229e-06,5.5268377725496565e-05,2.535552963390469e-11,1.4732467634568521e-10,0.001383397006350171,area,0.0014437008039385546,29.572515693532186,28.741834754994574,nominal,external_test,REDS_train:200,0.8140338355420421,pareto_addon,0.00264881967843629,448,0.0,True,0.0,0.0,0,2.0,0.0,0.0,0.0
0.09821428571428571,9.948731027209898e-05,-2.390160658225658e-05,7.55857036898424e-05,0.0,4.99790534677694e-09,5.71286797212971e-10,,2.5,1.2627687698670877,200,158.963817996555,0,True,0.27902817726087026,True,True,REDS_train,0,,1.1037745146348674,4.785813669967893e-09,4,64,100,256,4.400568402870345e-09,0.5546064723498689,0.4453935276501311,1.0408340855860843e-17,-9.856811636639148e-05,9.191939057074966e-07,2.74220873530754e-08,9.715673564018491e-09,2.0,4.99790534677694e-09,19.995217546426904,0.0,PEM_greedy,0.0017857142857142859,0.0012422466479614118,0.00010183877446325191,0.0002013260847353509,0.00010202982205235259,1.0371135984177088e-08,5.973369439065949e-10,243.8663209968945,284.5790350227617,0.0015027554011673924,1.8809145383156715e-06,0.00010136822481041465,3.5378395004472554e-12,-9.299807874151326e-05,6.489231530585717e-06,8.6486426496127e-09,8.40764420034257e-09,0.0013442135012565167,area,0.0014437008039385546,29.916814057284668,29.05792166467176,nominal,external_test,REDS_train:200,0.8207894601383938,pareto_addon,0.0024681796876896084,448,0.0,True,0.0,0.0,0,2.0,0.0,0.0,0.0
0.09821428571428571,5.376112301598209e-05,5.7870694256456225e-06,5.954819244162771e-05,0.0,5.7245373183359977e-11,3.349017253724236e-11,,2.5,0.009343721928263174,200,163.1053519953275,0,True,0.0053500032446809846,True,True,REDS_train,0,,19.411116116545944,4.2642149938828606e-11,4,64,100,256,4.111990980122019e-11,0.0,1.0,0.0,-3.125849653236922e-06,5.0635273362745165e-05,1.1383463802218054e-10,9.770936054641386e-12,2.0,4.1119909801220165e-11,1.0,0.0,PPAT2026_M1,0.02102865600809782,0.0013364346351401402,4.0306900786731884e-05,9.406802380271397e-05,0.00012160908596978257,1.6246462510314473e-09,1.6125463382139786e-11,248.007854995667,284.643084986601,0.0012758784630653912,-5.376112301598209e-05,7.325062463865656e-22,2.890258347939559e-09,5.787069425645609e-06,5.9548192441627696e-05,3.3490172537242196e-11,5.7245373183359977e-11,0.0013899396885126338,area,0.0014437008039385546,29.565063043136064,28.74052277679725,nominal,external_test,REDS_train:200,0.8135405850572188,pareto_addon,0.0026566563902613366,448,0.0,True,0.0,0.0,0,2.0,0.0,0.0,0.0
0.09821428571428571,6.455090983640588e-05,3.0274941516617113e-06,6.757840398806759e-05,0.0,2.3919754796083194e-11,9.165720838345864e-12,,2.5,0.008481510485218047,200,160.77344600169454,0,True,0.005281898853619435,True,True,REDS_train,0,,14.761833302717502,2.3383565382610163e-11,4,64,100,256,2.338356538261018e-11,1.0,0.0,0.0,7.288427808877884e-06,7.183933764528376e-05,4.9798076548747017e-11,5.312117992522447e-11,2.0,2.3919754796083194e-11,1.0,0.0,PEM_audit_only,0.006096275853481184,0.0013206542984145423,0.0003741729324732273,0.0004387238423096332,0.00035426760748998097,1.400053833956143e-07,5.36189413473014e-13,245.67594900203403,279.78711993200704,0.0011828347676907719,1.2587969573690967e-06,6.580970679377498e-05,1.5845697798816955e-12,-2.398766527602419e-05,4.056324456038169e-05,5.754080853945767e-10,2.6876925538411645e-10,0.0013791499016922095,area,0.0014437008039385546,29.614836488514264,28.79210850772662,nominal,external_test,REDS_train:200,0.8157998772778118,pareto_addon,0.002630032774252575,448,0.0,True,0.0,0.0,0,2.0,0.0,0.0,0.0
0.09821428571428571,8.103899729762356e-05,5.940764715234103e-07,8.163307376914697e-05,0.0,7.385385289395444e-11,3.5292685401770534e-13,0.012547216210230146,2.5,0.012239139030191373,200,286.7181430000346,0,True,0.005603485395809484,True,True,REDS_train,0,0.26278516828153475,4.050256794182991,7.599956470857422e-11,4,64,100,256,7.074016980286956e-11,0.4465570584132829,0.553442941586717,5.551115123125783e-17,-3.267463410632751e-07,8.071225095656028e-05,2.464165006390074e-10,1.067631713982381e-13,2.0,7.411893452585895e-11,2.00000000002,2.00000000002,PEM_R9_TwinAudit,0.0017857142857142859,0.0012716096352470268,0.00020369291159820317,0.00028473190889582675,0.00022581068944448835,4.149080223535341e-08,3.1136830910848795e-12,371.6206460003741,429.0150300046662,0.0016077841649480148,-8.047124009132864e-07,8.023428489671027e-05,6.475620481836258e-13,-1.3049884271305623e-05,6.798911302631794e-05,1.702994794944699e-10,6.470136407798911e-10,0.0013626618142309923,area,0.0014437008039385546,29.8214919696908,28.956461900064294,nominal,external_test,REDS_train:200,0.8178551606774075,pareto_addon,0.0025340600623020757,448,0.005511198583135161,True,-1.545763708693131e-06,2.008930214425565e-05,99,2.0,2.2097011546150643e-11,2.3893854431127427e-12,2.163506585294878e-05
0.09821428571428571,0.00030196788918523357,1.7512485856090837e-05,0.0003194803750413244,0.0,5.237758533848147e-10,3.0668716085978163e-10,,2.5,0.05903534860493172,207,168.39929700188804,0,True,0.016041624220173967,True,True,REDS_train,0,,27.999999999999996,5.62083339472478e-10,4,64,100,256,5.043290736513856e-10,0.4764466415611067,0.5235533584388933,4.3946328058079123e-17,5.971518214844504e-05,0.0003616830713336786,3.483372680003319e-09,3.5659029790219697e-09,2.0,5.237758533848147e-10,1.0,0.0,PEM_uniform,0.03571428571428571,0.0030531990278993004,5.971518214844504e-05,0.0003616830713336786,-1.4636729360866053e-20,3.5659029790219697e-09,1.9446779733429154e-11,249.20429400051944,285.83773000573274,0.0026450335065488625,-6.712634143980517e-05,0.0002348415477454284,4.505945715093306e-09,1.7512485856090837e-05,0.0003194803750413244,3.0668716085978163e-10,5.237758533848147e-10,0.003153886280628018,area,0.0034558541723527015,25.22475825850393,25.152448845643946,nominal,external_test,REDS_train:207,0.7459827805643025,pareto_addon,0.005627469859938914,448,0.0,True,0.0,0.0,0,2.0,0.0,0.0,0.0
0.09821428571428571,0.0005254897765072848,6.458555193294556e-05,0.0005900753284402303,0.0,3.5987382524662636e-08,4.171293518483208e-09,,2.5,1.2651778309323771,207,168.50458899862133,0,True,0.5011371763954262,True,True,REDS_train,0,,1.1037745146348674,3.9128892484646985e-08,4,64,100,256,3.540556728784156e-08,0.2833083642554717,0.7166916357445283,0.0,-0.0002498990918942657,0.0002755906846130191,2.1999323639019215e-07,6.244955612957863e-08,2.0,3.5987382524662636e-08,19.997542733072702,0.0,PEM_greedy,0.0017857142857142859,0.0027666355612711367,-4.3741741011307734e-05,0.00048174803549597703,-4.195808444573526e-05,1.913339906700321e-09,5.818152368210769e-10,249.30958599725273,290.7220249879174,0.003301676874277608,-0.00012518456907838947,0.0004003052074288953,1.5671176335342066e-08,-4.866363386144755e-05,0.0004768261426458372,2.3681492606010244e-09,8.475852853121508e-08,0.002930364393305967,area,0.0034558541723527015,25.67237860032381,25.580480451065682,nominal,external_test,REDS_train:207,0.7586462445329079,pareto_addon,0.005116157076338424,448,0.0,True,0.0,0.0,0,2.0,0.0,0.0,0.0
0.09821428571428571,0.000276085355851819,-1.7224084452578214e-06,0.0002743629474065612,0.0,2.959494195986086e-10,2.9666908522954656e-12,,2.5,0.019000008154339332,207,167.03853300015908,0,True,0.0068074542887126025,True,True,REDS_train,0,,18.846373439579317,2.511586718342248e-10,4,64,100,256,2.3103375303809735e-10,0.47148576319570407,0.528514236804296,0.0,-2.1121179352094187e-06,0.0002739732379166096,9.269879699774085e-10,4.461042172233299e-12,2.0,2.335030626786687e-10,0.9999965743295198,0.0,PPAT2026_M1,0.022879068498386456,0.0030831532852468113,0.0003296113900440975,0.0006056967458959165,0.0003566813323636107,1.0864366844680218e-07,6.491566656051124e-11,247.84352999879047,281.848854967393,0.0027099636868562257,-0.000276085355851819,2.6911446781336635e-21,7.622312371582554e-08,-1.7224084452578214e-06,0.0002743629474065612,2.9666908522954656e-12,2.959494195986086e-10,0.003179768813961432,area,0.0034558541723527015,25.172928788667814,25.11004882901787,nominal,external_test,REDS_train:207,0.7431375774844551,pareto_addon,0.005685617155969763,448,0.0,True,0.0,0.0,0,2.0,0.0,0.0,0.0
0.09821428571428571,0.0003108247423210107,4.43960891412335e-06,0.00031526435123513407,0.0,2.0607129840565654e-10,1.9710127310363508e-11,,2.5,0.014412547258536393,207,161.70588099921588,0,True,0.006519801948921945,True,True,REDS_train,0,,7.785218415463434,1.856210698998873e-10,4,64,100,256,1.856210698998873e-10,1.0,0.0,0.0,-8.325685607142401e-06,0.0003024990567138683,3.5398860074088696e-10,6.931704082897814e-11,2.0,2.0607129840565654e-10,0.9999965657706529,0.0,PEM_audit_only,0.004770856118359375,0.00303743296190416,0.0011258419784004553,0.001436666720721466,0.001229376101158192,1.2675201603286513e-06,2.045022850576924e-11,242.51087799784727,279.21151996124536,0.0030337760291966965,-8.148428422723728e-05,0.00022934045809377344,6.63968857602519e-09,3.981846770886269e-05,0.0003506432100298734,1.5855103706817408e-09,1.5173597962306947e-09,0.00314502942749224,area,0.0034558541723527015,25.23684067975033,25.174932984459385,nominal,external_test,REDS_train:207,0.7439706030128689,pareto_addon,0.005587511809181479,448,0.0,True,0.0,0.0,0,2.0,0.0,0.0,0.0
0.09821428571428571,0.00044996932638842983,-2.682374813156135e-05,0.0004231455782568685,0.0,7.866222869020934e-10,7.19513463825441e-10,0.022174716203981627,2.5,0.02154806645705528,207,288.2432579965098,0,True,0.009017530338672329,True,True,REDS_train,0,0.193403110376605,3.826526901840615,8.42054216660273e-10,4,64,100,256,7.71046935572267e-10,0.47835176567591065,0.5216482343240892,5.551115123125783e-17,-1.0710725758826501e-05,0.00043925860062960333,3.3593173290875175e-09,1.1471964628078953e-10,2.0,7.820058897425749e-10,2.00000000002,1.7901427368882943,PEM_R9_TwinAudit,0.00200466495634094,0.0028587335289887534,0.000522338442065197,0.0009723077684536268,0.00043800831473286584,2.728374480590971e-07,1.5575351329826454e-11,369.0482549951412,435.88694494683295,0.003210848155887407,-0.00012674338723394257,0.00032322593915448726,1.6063886207533118e-08,-2.1693453692624956e-05,0.0004282758726958049,4.706059331140633e-10,4.540289550909533e-09,0.0030058848434248208,area,0.0034558541723527015,25.52249005171523,25.43826324629149,nominal,external_test,REDS_train:207,0.7521730343899162,pareto_addon,0.0052713636841204056,448,0.008222092958133306,True,-1.7270747298888002e-06,7.071724761349515e-05,99,2.0,6.419599938244279e-11,2.9827871226204724e-12,7.244432234338395e-05
0.09821428571428571,0.0003335776839177381,-4.581561721918141e-06,0.00032899612219581994,0.0,5.386824105357457e-10,2.0990707811745524e-11,,2.5,0.05413773477290068,210,165.1094890019158,0,True,0.01648709052538576,True,True,REDS_train,0,,27.999999999999996,5.366467605739981e-10,4,64,100,256,4.614641646399926e-10,0.4398862881310584,0.5601137118689415,2.7755575615628914e-17,-6.948352027433583e-05,0.00026409416364340225,3.386794736529197e-09,4.827959589714039e-09,2.0,5.386824105357457e-10,1.0,0.0,PEM_uniform,0.03571428571428571,0.002477471277560417,-6.948352027433583e-05,0.00026409416364340225,-2.527546317030213e-20,4.827959589714039e-09,7.721824589575307e-11,250.4486720013665,289.57616001425777,0.0023135681870656497,-8.793913692860082e-07,0.0003326982925484521,7.733291803747205e-13,-4.581561721918141e-06,0.00032899612219581994,2.0990707811745524e-11,5.386824105357459e-10,0.0025667431457937497,area,0.0029003208363428713,26.064803139555583,26.05991371784897,nominal,external_test,REDS_train:210,0.7800813352338976,pareto_addon,0.0037186308120704713,448,0.0,True,0.0,0.0,0,2.0,0.0,0.0,0.0
0.09821428571428571,0.0004456953622994935,6.633402641725844e-05,0.0005120293887167519,0.0,1.0066631614435134e-08,4.4002030607255405e-09,,2.5,1.1603294074339772,210,165.69582100200932,0,True,0.45221765610314996,True,True,REDS_train,0,,1.1037745146348674,1.7582961025596393e-08,4,64,100,256,1.0041650261446793e-08,0.05442287926958672,0.9455771207304132,0.0,0.00011753031160395268,0.0005632256739034462,1.3605836765276292e-07,1.3813374145722213e-08,2.0,1.0066631614435134e-08,19.997014293417777,0.0,PEM_greedy,0.0017857142857142859,0.0023250817448833942,-0.00012500725850677995,0.00032068810379271354,-0.00012690770526972757,1.562681467938091e-08,2.498135298834058e-11,251.03500400146004,291.1131549975835,0.002654012494280372,-4.268916324596346e-05,0.00040300619905353003,1.8223646586405173e-09,8.118716244491514e-05,0.0005268825247444086,6.591355345857039e-09,4.69669811232478e-08,0.0024546254674119943,area,0.0029003208363428713,26.341084803859157,26.33561773643834,nominal,external_test,REDS_train:210,0.7839106923331097,pareto_addon,0.0034695641664599015,448,0.0,True,0.0,0.0,0,2.0,0.0,0.0,0.0
0.09821428571428571,0.00026276379052997764,-2.831967582329049e-05,0.00023444411470668715,0.0,3.7923417599693056e-10,8.020040387362639e-10,,2.5,0.01718857480475206,210,162.8462259977823,0,True,0.007139491259883851,True,True,REDS_train,0,,19.16099299905126,2.1538064739959405e-10,4,64,100,256,1.9236501555848707e-10,0.44453754467290835,0.5554624553270916,0.0,4.62612192221113e-05,0.00030902500975208894,8.437884371524047e-10,2.14010040391624e-09,2.0,2.0175730393138072e-10,0.9966107295093087,0.0,PPAT2026_M1,0.023857090396728137,0.0025541196927575723,0.0004620034214834205,0.0007247672120133981,0.0003437058314753179,2.1344716146238707e-07,1.868691604384435e-10,248.18540899723303,287.02057999325916,0.0024039289212393522,-0.00026276379052997764,-6.4859090027892176e-21,6.904480961368196e-08,-2.831967582329049e-05,0.00023444411470668715,8.020040387362639e-10,3.7923417599693056e-10,0.0026375570391815105,area,0.0029003208363428713,25.932375383428838,25.927587544155504,nominal,external_test,REDS_train:210,0.775203913080221,pareto_addon,0.003796844821388595,448,0.0,True,0.0,0.0,0,2.0,0.0,0.0,0.0
0.09821428571428571,0.0002733794496700316,-3.122963281019988e-06,0.0002702564863890116,0.0,1.0558551068929135e-10,9.752899654599128e-12,,2.5,0.018710424730496805,210,158.42872899549548,0,True,0.007530378664453937,True,True,REDS_train,0,,7.101915793765628,9.893192643611643e-11,4,64,100,256,9.893192643611649e-11,1.0,0.0,0.0,-2.1628998201960804e-05,0.0002517504514680708,2.0516072098183048e-10,4.678135632204237e-10,2.0,1.0558551068929135e-10,0.9966040616818025,0.0,PEM_audit_only,0.003813665989669686,0.002548828082348782,0.0008488814557242979,0.0011222609053943295,0.001067581470464927,7.205997258726032e-07,6.6535842531748586e-12,243.7679119949462,280.4333399835741,0.002361955023269608,-4.869371590645742e-06,0.00026851007807938585,2.3710779687787847e-11,7.776530298833796e-05,0.00035114475265836956,6.047442348868006e-09,2.8436998917535775e-09,0.002626941380041456,area,0.0029003208363428713,25.93914483725652,25.936594565688665,nominal,external_test,REDS_train:210,0.7728295535969432,pareto_addon,0.0038053158374609926,448,0.0,True,0.0,0.0,0,2.0,0.0,0.0,0.0
0.09821428571428571,0.00036204204741684435,1.4566932982970485e-05,0.00037660898039981484,0.0,3.6916437710977026e-10,2.121955365303534e-10,0.023395105057222955,2.5,0.02325609966130286,210,281.62014599656686,0,True,0.009572750354134523,True,True,REDS_train,0,0.10281214442744088,3.221751443370047,4.747577015817678e-10,4,64,100,256,3.6750189565528476e-10,0.0,1.0,0.0,-1.551613621884136e-05,0.000346525911198003,2.421519619648288e-09,2.407504831616407e-10,2.0,3.6750189565528497e-10,2.00000000002,1.8193596655728257,PEM_R9_TwinAudit,0.0017857142857142859,0.0024294285986561654,0.00022483204653918495,0.0005868740939560293,0.0002801472521636347,5.0549449150998227e-08,1.6624814544854968e-12,366.9593289960176,413.6999649723293,0.002330147244038851,-2.8883483438954668e-05,0.0003331585639778897,8.342556155683686e-10,0.00017064411465174737,0.0005326861620685917,2.91194138652787e-08,6.47283104942747e-09,0.0025382787822946433,area,0.0029003208363428713,26.15122231152402,26.144958604064108,nominal,external_test,REDS_train:210,0.7782358943167033,pareto_addon,0.0036163546293678586,448,0.008627112505440104,True,-5.888993269979607e-06,5.523596061244599e-05,99,2.0,3.2488119878614544e-11,3.468024173386511e-11,6.11249538824256e-05
0.09821428571428571,0.00012943104901694095,-1.2256989715872895e-05,0.00011717405930106806,0.0,3.5382853167073834e-10,1.5023379689501392e-10,,2.5,0.05363015208376887,226,167.181594002177,0,True,0.011549673771798353,True,True,REDS_train,0,,27.999999999999996,2.84088091854544e-10,4,64,100,256,2.8408809185454355e-10,1.0,0.0,0.0,-4.66928353260642e-05,8.273821369087675e-05,1.5289111370066775e-09,2.1802208707869487e-09,2.0,3.5382853167073834e-10,1.0,0.0,PEM_uniform,0.03571428571428571,0.002687836105595144,-4.66928353260642e-05,8.273821369087675e-05,-1.0333801972658336e-20,2.1802208707869487e-09,6.974043981619479e-11,254.06462800398003,295.1935849734582,0.0019905119421384605,-5.873468460710832e-06,0.00012355758055623012,3.449763175896487e-11,-1.2256989715872895e-05,0.00011717405930106806,1.5023379689501392e-10,3.5382853167073834e-10,0.0027899174011173046,area,0.0029193484399002044,25.859430828410733,25.705972164983088,nominal,external_test,REDS_train:226,0.798168547620968,pareto_addon,0.005358259847127773,448,0.0,True,0.0,0.0,0,2.0,0.0,0.0,0.0
0.09821428571428571,0.00025070801149184685,-3.349063908721084e-05,0.000217217372404636,0.0,1.8897471596316093e-08,1.1216229064698145e-09,,2.5,1.1957913812827645,226,169.80647100077476,0,True,0.39796665794270025,True,True,REDS_train,0,,1.1037745146348674,1.3566142495714714e-08,4,64,100,256,1.3566142495714655e-08,1.0,0.0,0.0,-3.803436336124281e-05,0.00021267364813060404,8.58099320097844e-08,1.4466127962950494e-09,2.0,1.8897471596316093e-08,19.99591617586478,0.0,PEM_greedy,0.0017857142857142859,0.0024690456403330713,6.422638212867464e-05,0.0003149343936205215,6.160047001001305e-05,4.125028161338537e-09,5.331329100601439e-09,256.6895050025778,290.72389499633573,0.0030398258632351005,-1.0624951216447174e-06,0.00024964551637020213,1.128895883518823e-12,-2.3030154844942452e-05,0.0002276778566469044,5.303880321820263e-10,3.17336570635658e-08,0.0026686404386423996,area,0.0029193484399002044,26.263980666426427,26.07470882056077,nominal,external_test,REDS_train:226,0.8032186597038948,pareto_addon,0.004917989908949765,448,0.0,True,0.0,0.0,0,2.0,0.0,0.0,0.0
0.09821428571428571,0.00014665076238947099,3.0333468558358247e-06,0.0001496841092453068,0.0,2.2681966693227303e-10,9.201193147809083e-12,,2.5,0.013885792298754059,226,166.98242400190793,0,True,0.006096714265159395,True,True,REDS_train,0,,17.58277686175339,1.4520946824118494e-10,4,64,100,256,1.452094682411848e-10,1.0,0.0,0.0,2.747347047030933e-05,0.00017412423285978032,4.876742989198762e-10,7.547915796829588e-10,2.0,1.816717785375537e-10,0.633026216695811,0.0,PPAT2026_M1,0.019913862831822383,0.002652844519804373,0.00035655360629808987,0.0005032043686875609,0.0002889389143506051,1.2713047416417328e-07,8.161019869108822e-11,253.86545800371096,300.8113700256217,0.0022272593546930797,-0.00014665076238947099,2.3351308692371983e-21,2.1506446109413076e-08,3.0333468558358247e-06,0.0001496841092453068,9.201193147809083e-12,2.2681966693227303e-10,0.0027726976877447745,area,0.0029193484399002044,25.936346859694837,25.762882027767077,nominal,external_test,REDS_train:226,0.7993641062738018,pareto_addon,0.005283366342127615,448,0.0,True,0.0,0.0,0,2.0,0.0,0.0,0.0
0.09821428571428571,0.00015200669609710617,1.9977487809907013e-05,0.00017198418390701318,0.0,1.0066503030034394e-10,3.991000191949833e-10,,2.5,0.0089659197865637,226,163.50490399752744,0,True,0.005791286908347139,True,True,REDS_train,0,,8.820218398318254,9.088376930882959e-11,4,64,100,256,9.088376930882961e-11,1.0,0.0,0.0,2.3070190198582044e-05,0.0001750768862956882,1.8392472743356927e-10,5.32233675798751e-10,2.0,1.0066503030034394e-10,0.5459523826375575,0.0,PEM_audit_only,0.0061890710638139845,0.002648038909231395,0.0006614233323504391,0.0008134300284475453,0.0005670588221004001,4.3748082457755947e-07,9.78126099151433e-12,250.38793799933046,291.1830649827607,0.0019073519076975918,-5.045603675886721e-06,0.00014696109242121945,2.545811645412159e-11,3.5054457755378436e-05,0.0001870611538524846,1.2288150085236114e-09,5.737118039985486e-10,0.002767341754037139,area,0.0029193484399002044,25.934762738654708,25.770756378349272,nominal,external_test,REDS_train:226,0.7992826059060739,pareto_addon,0.005277359439747732,448,0.0,True,0.0,0.0,0,2.0,0.0,0.0,0.0
0.09821428571428571,0.00023720509886874687,3.664490918292283e-05,0.0002738500080516697,0.0,4.90950920858158e-10,1.342849369024662e-09,0.016242235409240927,2.5,0.015606024056018809,226,272.02259099402,0,True,0.007325462169719548,True,True,REDS_train,0,0.14697779796468105,3.3996383514031474,4.2116953980500176e-10,4,64,100,256,4.2116953980500083e-10,1.0,0.0,0.0,3.7264619960242906e-05,0.00027446971882898977,1.435072355809724e-09,1.388651900781334e-09,2.0,4.961810102459976e-10,2.00000000002,1.833363714047078,PEM_R9_TwinAudit,0.0017857142857142859,0.0025052412657148053,0.00025901824466303535,0.0004962233435317822,0.00026426774875151516,6.709045106832005e-08,6.978138105315719e-11,358.905624995823,429.36239996342914,0.0030195566207928404,-1.3347166865010558e-05,0.0002238579320037363,1.7814686332243576e-10,-8.272304560703674e-06,0.0002289327943080432,6.843102274503881e-11,2.9029491575549825e-09,0.002682143351265498,area,0.0029193484399002044,26.195232748432176,26.0115044332047,nominal,external_test,REDS_train:226,0.8031620104699856,pareto_addon,0.004990725504452498,448,0.006844997626120028,True,1.4422845747970862e-05,8.14864167012408e-05,99,2.0,6.34336918382697e-11,2.0801847946976117e-10,6.706357095326994e-05
0.09821428571428571,5.597733094240939e-05,2.0262349285066287e-05,7.623968022747568e-05,0.0,1.0838063263226456e-10,4.1056279855002625e-10,,2.5,0.041837103258465375,229,162.2961849963758,0,True,0.00880621697210792,True,True,REDS_train,0,,27.999999999999996,9.666191970766142e-11,4,64,100,256,9.666191970766186e-11,1.0,0.0,0.0,9.591983533744231e-06,6.556931447615362e-05,3.8814653872920376e-10,9.200614811162046e-11,2.0,1.0838063263226456e-10,1.0,0.0,PEM_uniform,0.03571428571428571,0.002330566507217826,9.591983533744231e-06,6.556931447615362e-05,9.89705075463318e-22,9.200614811162046e-11,1.1718712924602694e-11,251.20242099103052,287.59034493996296,0.0018082511375279995,3.2265062932217085e-06,5.92038372356311e-05,1.0410342860199289e-11,2.0262349285066287e-05,7.623968022747568e-05,4.1056279855002625e-10,1.0838063263226456e-10,0.0024017638646037696,area,0.002457741179969162,26.43287063124685,26.325384991224794,nominal,external_test,REDS_train:229,0.8247245047139977,pareto_addon,0.00463841945800624,448,0.0,True,0.0,0.0,0,2.0,0.0,0.0,0.0
0.09821428571428571,9.53947759027793e-05,0.0001313588292555287,0.00022675360515830802,0.0,9.760203582659515e-09,1.7255142023383145e-08,,2.5,0.9738153586946611,229,166.51645099918824,0,True,0.3347267341407494,True,True,REDS_train,0,,1.1037745146348674,7.267148378436002e-09,4,64,100,256,6.868142187427861e-09,0.8717344501301315,0.0,0.12826554986986846,0.000795286993550999,0.0008906817694537783,2.5302979126773057e-08,6.324814021113868e-07,2.0,9.760203582659515e-09,19.99498874075305,0.0,PEM_greedy,0.0017857142857142859,0.0021606351796026237,0.00014723857272784096,0.00024263334863062027,0.00010169957068546743,2.167919729893171e-08,2.8920613952316537e-09,255.42268699384294,296.15197000675835,0.003582931729694779,4.051127283880819e-05,0.0001359060487415875,1.6411632270203584e-09,0.00015602574604424587,0.0002514205219470252,2.4344033428663506e-08,1.1546082120442681e-08,0.002362346419643399,area,0.002457741179969162,26.76356145956609,26.65418556976482,nominal,external_test,REDS_train:229,0.8311164749867277,pareto_addon,0.004302495781926742,448,0.0,True,0.0,0.0,0,2.0,0.0,0.0,0.0
0.09821428571428571,6.265314935887893e-05,1.1377939197293569e-05,7.40310885561725e-05,0.0,9.072290815979418e-11,1.294575003773094e-10,,2.5,0.007090263332604674,229,149.6365719998721,0,True,0.005307488194176116,True,True,REDS_train,0,,15.130010602955549,5.044490053399127e-11,4,64,100,256,5.044490053399122e-11,1.0,0.0,0.0,9.037005820562594e-06,7.169015517944152e-05,1.1946060415312856e-10,8.16674742008822e-11,2.0,5.362785939682712e-11,0.9595915206070675,0.0,PPAT2026_M1,0.01413525424060585,0.002286941939013476,0.00024237782220941904,0.00030503097156829795,0.0001779884089444659,5.8747008698980746e-08,4.027800762580296e-11,238.5428079945268,280.85279496735893,0.0019332418748990417,-6.265314935887893e-05,1.5486428160754212e-21,3.925417124585991e-09,1.1377939197293569e-05,7.40310885561725e-05,1.294575003773094e-10,9.072290815979418e-11,0.0023950880461872997,area,0.002457741179969162,26.51226298095357,26.407448611414566,nominal,external_test,REDS_train:229,0.825726663099532,pareto_addon,0.004551947963571492,448,0.0,True,0.0,0.0,0,2.0,0.0,0.0,0.0
0.09821428571428571,5.9688111055862005e-05,2.775953454465946e-06,6.246406451032795e-05,0.0,3.882033556377286e-11,7.70591758136142e-12,,2.5,0.005633793335259682,229,105.39744600187987,0,True,0.005213371405316243,True,True,REDS_train,0,,9.417924620265234,3.811092888945116e-11,4,64,100,256,3.791418219322346e-11,0.3333333333333333,0.3333333333333333,0.3333333333333333,-7.141062022626352e-08,5.961670043563574e-05,5.806789514519379e-11,5.099476681099636e-15,2.0,3.882033556377286e-11,0.9595356596778889,0.0,PEM_audit_only,0.008355290225328653,0.0022822181912880352,0.0002962897411974005,0.0003559778522532625,0.0002806875918557764,8.778761073882255e-08,9.061533705494e-13,194.30368199653458,216.86214497603942,0.001440029044967005,1.1623484299803704e-05,7.131159535566571e-05,1.351053872677832e-10,1.1056484169307481e-05,7.074459522516949e-05,1.2224584218614695e-10,1.4948867875831322e-10,0.002398053084490317,area,0.002457741179969162,26.528187523442142,26.41642837243605,nominal,external_test,REDS_train:229,0.8260405801262651,pareto_addon,0.004539954362563906,448,0.0,True,0.0,0.0,0,2.0,0.0,0.0,0.0
0.09821428571428571,8.053746018721997e-05,1.3626694358609924e-05,9.41641545458299e-05,0.0,1.187792459267563e-10,1.8568679914297153e-10,0.010332370284482955,2.5,0.010292955159347795,229,189.94389900180977,0,True,0.005757228096928998,True,True,REDS_train,0,0.1944685461975433,3.6541390647714396,1.0740714303347341e-10,4,64,100,256,1.0740714303347329e-10,1.0,0.0,0.0,2.8133057467104287e-05,0.00010867051765432426,2.516344092483197e-10,7.914689224473923e-10,2.0,1.243984077258049e-10,2.00000000002,2.00000000002,PEM_R9_TwinAudit,0.0017857142857142859,0.002203297405036486,0.00029648585291527284,0.0003770233131024928,0.00022214274822585076,8.79038609788968e-08,1.1372102893283013e-11,278.8501349964645,318.59567493083887,0.002708729936583135,2.8835575779014762e-05,0.00010937303596623474,8.314904305073028e-10,3.982485086394094e-05,0.00012036231105116091,1.5860187463351375e-09,1.0627199347412193e-09,0.0023772037353589587,area,0.002457741179969162,26.68847964135831,26.569268770441358,nominal,external_test,REDS_train:229,0.829669450088158,pareto_addon,0.004381535792758212,448,0.0056203412919268204,True,5.502089818356849e-06,4.0366558394335415e-05,99,2.0,3.277729145805535e-11,3.027299236926611e-11,3.4864468575978566e-05
